:020000040000fa
:0200000400807a
:04000000b4058000c3
:020000040000fa
:0200000400807a
:1005b400419e07800500f08001ff13800500e08064
:1005c4000100008085000080007600004e0000a637
:1005d400010000808500008021e801c225e801c2f5
:1005e40000010001910800940100008005000080d2
:1005f40000290000260000aac10800c225e801c0a5
:1006040021e801c05900009700010000f2cf2f90ab
:10061400021f00d4003800006e0000a681f710808d
:10062400850000804a0000ae0100008005000080c3
:10063400003900004a0000a601001088820200d49c
:10064400420200d40100008005000080003900004f
:100654002a0000a6020000dee22800d40100008087
:1006640005000080003900008a0000a60100008017
:10067400050010809577009451770094220702dfdb
:10068400422900d402720000030000fa0172000043
:10069400900300008a0200aea16100000060b983eb
:1006a4000060c9833e00c0c54e0000a60e000ad6f5
:1006b400aa0100ae0e00c0c58e0000a61b76000085
:1006c40002000bd80d0ca088ea0000ae1e00c0c5c5
:1006d4000a0000a61b76000002000bd8086ca98350
:1006e40039740000c60399ed0260a9e54efdffa62a
:1006f40001720000810000bf02262226f01ff11fb4
:10070400f21ff31ff41ff51ff61ff71f0026102614
:10071400202630264026502660267026150900c063
:10072400e26304d4025a03d4b3dd0482822d03d4d9
:1007340015100390c3de0482420204d455190390b9
:1007440003df0482e20104d49511039043df0482a1
:10075400820104d4d513049083df0482c2a203d49b
:10076400a9000088e2c307d4702e602e502e402ebc
:10077400302e202e102e002e7f1d6f1d5f1d4f1d4d
:100784003f1d2f1d1f1d0f1d222e022e810000bd97
:1007940000720000810000bf02262226f01ff11f14
:1007a400f21ff31ff41ff51ff61ff71f0026102674
:1007b400202630264026502660267026e50a00c0f2
:1007c40001000088491404a94a0000a651da0090e7
:1007d400f2ff00c8226702d4702e602e502e402ee5
:1007e400302e202e102e002e7f1d6f1d5f1d4f1ddd
:1007f4003f1d2f1d1f1d0f1d222e022e810000bd27
:1008040000720000810000bf02262226f01ff11fa3
:10081400f21ff31ff41ff51ff61ff71f0026102603
:10082400202630264026502660267026950900c1d1
:1008340091310290825b04d4702e602e502e402e93
:10084400302e202e102e002e7f1d6f1d5f1d4f1d7c
:100854003f1d2f1d1f1d0f1d222e022e810000bdc6
:10086400007200006d0900c0851004d500720000fc
:10087400610900c1451004d500720000810000bf69
:1008840002262226f01ff11ff21ff31ff41ff51f8b
:10089400f61ff71ff81ff91ffa1f0026102620263f
:1008a400302640265026602670260000410800921b
:1008b400f21f80c9851304d551130496d1130490f3
:1008c40011130494c25604d41d0700c1429509d4df
:1008d4000803000042a907d49010000011140494e6
:1008e40082ed04d4d1cccc80c56016800010019771
:1008f40048003aa280029ae1a9000088a0150000ed
:100904004a0000ae0a030000c20600d499008088a1
:10091400229309d409030000420600d4229309d487
:1009240009030000e20500d421ff8fb8aafeffae40
:10093400810000bf02262226f01ff11ff21ff31fc1
:10094400f41ff51ff61ff71ff81f00261026202698
:10095400302640265026602670260000c90900c1b2
:10096400617401981f0010f80e0000c52e0200a645
:100974001b5d00a0ca0000aec51104d5229705d4a2
:10098400002008ff1f0010f80e0000c52e0100a66d
:10099400d1740190051204d54111049cde0000c5f8
:1009a400aafeffa6ae0000c58efeffa6851104d5e3
:1009b4004afeffae702e602e502e402e302e202e7a
:1009c400102e002e8f1d7f1d6f1d5f1d4f1d3f1d9f
:1009d4002f1d1f1d0f1d222e022e0000810000bda1
:1009e40000720000307600003a0000a8020000d82f
:1009f40000010172020000ccf81ff91ffa1ffb1f4f
:100a0400fc1ffd1fd40300000100a088061044f55c
:100a14000920c088ba2c00004801f8a30900908876
:100a2400b86a0000000184e1400195e34800f6a3a0
:100a3400121066f5686b796b000080e1400091e369
:100a4400080319030a380000c60200a8800142e125
:100a5400c00153e3243d353f060200aeab020a3821
:100a64006a0000a81900008809001088086b196b37
:100a740001fdcfb80a380000260000a84261536384
:100a84000d3900002e0000a604031503df1dcf1d41
:100a9400bf1daf1d9f1d8f1d017200001200abe032
:100aa400dafdffae800142e5c00153e7623d733fca
:100ab40007000098260000aa03000098c002a6e4dc
:100ac400dafcffae190040886af9ffae09004088dd
:100ad4002af9ffaef81f0039013b0000c60100a847
:100ae400007b0000020011ef190080880239033beb
:100af400660000a8227b0000020033ef0900808812
:100b040002feffd4083900004a0000a6007b000062
:100b1400020011ef8f1d0172090080880239033b26
:100b2400e6feffa8227b0000020033ef1900808854
:100b34006afeffaef81f0239033b0000460000a81e
:100b4400227b0000020033ef090080880039013b5a
:100b5400660000a8007b0000020011ef19008088e5
:100b640042fbffd4083900004a0000a6007b0000c5
:100b7400020011ef8f1d0172f81ffa1ffc1f000005
:100b8400010000800500a0802a200a39aa0000a6de
:100b940001000080050080800060c8830e000cd630
:100ba400a1ffafb8cf1daf1d8f1d0172f81ffa1f33
:100bb400fc1f0000010000800500a0802a200a39e3
:100bc4000affffa601000080050080804afeffaef8
:100bd4000900508812740000210020b8020000cde2
:100be40048e1308215740000120041e548e1448276
:100bf400080034bd0affffa6037f447f0465017229
:100c04000900308812740000210020b8017200002d
:100c1400c8fc0183137400006affffae013d0000ad
:100c2400fa0000a6800031e1033d0000620000aa42
:100c3400800040e1413d0000560000ae02feffd4ba
:100c44001003010301723003400050f1320055e9f2
:100c5400013d0000c20300aa053900008e0100a670
:100c6400120042e1320053e905390000ee0100a60a
:100c7400880024a214740000210240b8880024a231
:100c8400c9e35f8f54152561242434611461000085
:100c94000900408812740000210020b80afdffae4c
:100ca40008fd3183147400006affffae210040b8d0
:100cb4006afcffae086c3183127600002afdffae99
:100cc400400161e1403d3683457400004afdffaeba
:100cd400053900008e0100a6340340651474000039
:100ce400320053e905390000ae0100a642030000ba
:100cf400880023a213740000c10130b8880023a225
:100d0400c9e34f8f34152361800030e112611274fe
:100d1400210020b84af9ffae089031838affffae64
:100d240012760000210040b8aaf8ffae88f03183a3
:100d34006afdffae44760000000161e1003d0683d8
:100d4400aafdffae1076117608a0208208a0318299
:100d5400080023bd4e0000a60e0020c54effffa6ce
:100d6400227f037f800000e5017200001003000071
:100d7400320021e902390000ee0100a6410300001f
:100d840000603483f1efef80f5e22780236133794b
:100d94002369000001080880850034802369023932
:100da4006a0100a6120021e1082001b9aa0000a6e8
:100db400120300006affffae120021e1082001b90e
:100dc4003e0000a6400000e5017212030afdffaeda
:100dd400140300002afdffaece73f81ff91ffa1f9b
:100de40080039103a2030000090000882008080979
:100df40038080000f9e33f8f13090000061022f5bc
:100e0400c6030fe5b409c509a23300d4b40dc50d5a
:100e1400190020881a030000c6030fe5420300d41a
:100e240009390000aa0000a6720d000006003fe583
:100e3400802023e1330c2365800498e1af1d9f1dbe
:100e44008f1d037201720000f9e34f8ff9e35f8f86
:100e54002afcffae09004088010000800500548090
:100e6400aafbffaef9e34f8f090050884afbffae9f
:100e7400010000800500448009005088cafaffaed2
:100e84008afeffae0afeffaec203ffe1f81ff91fa0
:100e9400fa1ffb1ffc1ffd1ffe1f8003e1039203cb
:100ea400d503c403460210c5460000ae1139000044
:100eb4008e0000a673e70180690110880004018395
:100ec4004a0900aef30008fd330118fd013d00009e
:100ed400220400aac20318e1120410e1002000ff5a
:100ee400060200c5eafeffa6920010e541390000a3
:100ef40082feffaeb60200c58a0000a60900208863
:100f0400f2080000d60200c56e0100a6d902a0882e
:100f14000a3d00001fc010f8007bf008f30008fd34
:100f2400330138fd033d0000c20100aac20318e1e9
:100f3400120410e1002000ff330118fd0e390000f7
:100f44006a0100a60601e0c52e0800a6060300c536
:100f54002a0100a6ca0700ae08030000422b00d4f1
:100f6400eafbffae08030000e22a00d44afeffae0b
:100f7400060300c5ae0600a6f30008fd013d00000f
:100f8400320400aac20318e1120410e1002000ff99
:100f940010035142860710c5ce0400a6f30008fdd5
:100fa400330168fd063d0000420300aac20318e1b4
:100fb400120410e1002000ff1be3018448e01082ca
:100fc4000901e088fe0010c5821200ae330178fded
:100fd40007390000ca2400a6f30018fdc20308e183
:100fe40009390000ca0100a6220401e50610aaf589
:100ff4000a031b03ef1ddf1dcf1dbf1daf1d9f1d6a
:101004008f1d0000c203ffe501720803c22500d44e
:10101400eafbffae08030000622500d4cafcffae61
:10102400120401e5061022f508030000822200d410
:10103400cafdffae0e390000ea0e00a6ae3900006c
:10104400ce0e00a60900a088ca0200aea900e0885e
:101054001be3018808e022822e3d0000e6feffaa81
:10106400013900004a0000a6c20308e1122400e589
:10107400061022f508030000222000d4aaf1ffaed6
:10108400a9001088a115a0610203aae5f30008fdd8
:10109400023d0000220a00aac20318e1120410e172
:1010a400002000ff330128fd020310e59139000000
:1010b400860000ae8199998095c11080a13d000001
:1010c400e2fdffae1210aaf5020310e5330198fd0c
:1010d40091390000860500ae9199998095c12480cc
:1010e4009199998095c13080a23db33f660100aecd
:1010f400a9002088c0024295801222973461000022
:10110400121041f511790109f9e31f8f1109060d38
:10111400170d263d373f0000620600ae1be3018435
:1011240008e0018291030e3de20200aaf30008fdeb
:10113400330178fd073d0000c21700aac20318e17d
:10114400120410e1002000ff08e009820e3d0000b7
:10115400c6feffaa73e701802902108800040183f8
:101164001900008809001088000320e9400331e9d0
:10117400ac03bd0309000088f10c0239033b0000f5
:10118400430010f7f1080000330128fd0239000084
:101194004a0000a6c20308e1122400e5ac3dbd3fad
:1011a400c61500aa1900608809007088000306e9c2
:1011b400400317e90039013b2e1400a6f70c073948
:1011c400ee1300a673e7018029021088000401834e
:1011d4001200ace50200bde7aaf0ffae0803000070
:1011e400221700d4eaf5ffae8000a4e1c000b5e305
:1011f400f30008fd093d0000820000aac20318e1c3
:10120400120410e1002000ffeaf5ffae080300001d
:10121400a21500d48af5ffae8900e0881200aee57d
:10122400ae6900001be301a40a3900008e0f00a67a
:10123400790110881e1500005f0471f8f3e201883b
:1012440012610000002041fd08e01982330138fddd
:10125400e13d0000820000aef1ffff80f523208015
:10126400a23d0000c20300ae1210aaf5f9e32f8fcd
:10127400f9e33f8f840046ab070137e2020214e42e
:10128400220000ae840116ab08e01982330158fd38
:10129400217fe23d22f4ffae6a3d7b3fe6f3ffaae5
:1012a400c40243ad0b01a2e2020204e4220000ae38
:1012b400c40003ad017f0000121000f50000a2eb92
:1012c4004000b3ebf30008fd053d0000220200aa34
:1012d400c20318e1120410e1002000ff4afdffae32
:1012e40084024aada16b0000f30008fd033d000039
:1012f400820000aac20318e1120410e1002000ffda
:101304002afaffae08034409e20d00d4440d00009c
:10131400aaf9ffae0803440926093709420d00d48f
:10132400370d260d440d0000eafaffaeae15a1619b
:10133400f30008fd033d0000c20600aac20318e141
:10134400120410e1002000ff08e01982330138fd87
:10135400e13d0000820000ae611cc780152320809f
:10136400a23d000022feffae1210aaf51be3018489
:1013740048e04082330118fd247fe23de2ecffaef9
:1013840012102ef5020913090b3900004a0100a6b8
:1013940080122e9780136b9776098709c80006a2de
:1013a40009007088720d830d62617363d608e708c3
:1013b400073900002eebffa6170d0000c0015a9557
:1013c400030d0000c002239552610000c0102a974b
:1013d4003561447f121044f56479b608f9e37f8fd0
:1013e400c708b60cc70c263d373f000066e9ffaec0
:1013f4008000a4e1c000b5e3f30008fd013d000056
:10140400220100aac20318e1120410e1002000ff27
:10141400cafaffae08030000620500d44af9ffae21
:101424000900a0880af9ffae08030000c20400d432
:10143400caf9ffae08030000620400d44ae8ffae14
:10144400ac3dbd3fa20000ae73e7018029021088c5
:1014540000040183ac03bd03aadcffaef10c013927
:1014640066dcffa8aa7b00000200bbef0adcffae2b
:101474000610aaf509390000aedbffa62addffae8f
:10148400470102fd570103fdf30060fd230010fd39
:10149400400046e50801f5a1670104fd770105fd5b
:1014a400030110fd0239033baa0000a6400046e5f3
:1014b4000801f5a1423d533f2e0000a8800016e12b
:1014c400370101fd01720000f81ff91ffa1ffb1f0d
:1014d40080030000f30000fd820018e1002021e5f4
:1014e40002030000630128fd730138fd0800f6a122
:1014f4000000a2e18001b3e3430108fd530118fd9c
:101504000039013b1a0200a60a3d1b3fd20100a884
:10151400230018fdf30028fd400002e50800f3a1b4
:10152400a061b36367018afd77018bfd370182fdfa
:10153400f9e30f8ff9e31f8f470180fd570181fd08
:10154400bf1daf1d9f1d8f1d01720803a20300d490
:1015540000390000cafdffa812002ae102003be3a3
:10156400430148fd530158fd030198fdf30018fda4
:101574000439053b0a0100a6400261e58801f7a190
:101584000001a2e54001b3e76a3d7b3f4e0000a89d
:1015940042650000000191e1370189fd230048fd07
:1015a400000151e54801f6a125613663670182fd1a
:1015b400770183fd413d000026fcffaaffff10fddb
:1015c400eafbffae1e72f81f80030000e20100d4a4
:1015d400003900006a0000a6f9e30f8f8f1d037223
:1015e40001720000130138fd1900208882001fe5f4
:1015f400080300000e0003d610390000cefeffa63b
:101604008bff1ffc017f00008afeffaef81f8003e2
:101614008b0420fc1a0012e4480012eb8f0401fd35
:10162400530010fd630020fd123d0000620000ae77
:10163400b30030fd061012f50e0003d60900008831
:10164400a70080fd670080fd570080fd130008fda2
:10165400220010e9013900008a0000a6404200007f
:10166400170080fdf9e30f8f8f1d0172820028e1be
:10167400330018fd402012e1070181fdf70081fdd0
:101684003f0030f8007b0000eafeffae4a0000aee7
:1016940001720000020000cda2ffffd409001088ef
:1016a40083e701800020008342ffffd409001088f3
:1016b40083e7018000200083c2feffd40900108864
:0c16c40083e70180002000834afeffae97
:020000040000fa
:0200000400807a
:1000040080088000800880008008800080088000cc
:1000140080088000800880008008800080088000bc
:1000240080088000800880008008800080088000ac
:10003400800880008008800080088000800880009c
:1000440080088000f8068000800880008008800016
:10005400800880008008800080088000800880007c
:10006400800880008008800080088000800880006c
:10007400800880008008800080088000800880005c
:10008400800880008008800080088000800880004c
:10009400800880008008800080088000800880003c
:1000a400800880008008800080088000800880002c
:1000b400800880008008800080088000800880001c
:1000c400800880008008800080088000800880000c
:1000d40080088000800880008008800080088000fc
:1000e4008008800080088000800880006808800004
:1000f40074088000800880008008800080088000e8
:1001040080088000800880008008800080088000cb
:1001140080088000800880008008800080088000bb
:1001240080088000800880008008800080088000ab
:10013400800880008008800080088000800880009b
:10014400800880008008800080088000800880008b
:1001540080088000080880008008800080088000f3
:10016400800880008008800080088000800880006b
:10017400800880008008800080088000800880005b
:10018400800880008008800080088000800880004b
:10019400800880008008800080088000800880003b
:1001a400800880008008800080088000800880002b
:1001b4008008800080088000340980008008800066
:1001c400800880008008800080088000800880000b
:1001d40080088000800880008008800080088000fb
:1001e40080088000800880008008800080088000eb
:1001f40080088000800880008008800080088000db
:1002040080088000800880008008800080088000ca
:1002140080088000800880008008800080088000ba
:1002240080088000800880008008800080088000aa
:10023400800880008008800080088000800880009a
:10024400800880008008800080088000800880008a
:10025400800880008008800080088000800880007a
:10026400800880008008800080088000800880006a
:10027400800880008008800080088000800880005a
:10028400800880008008800080088000800880004a
:10029400800880008008800080088000800880003a
:1002a400800880008008800080088000800880002a
:1002b400800880008008800080088000800880001a
:1002c400800880008008800080088000800880000a
:1002d40080088000800880008008800080088000fa
:1002e40080088000800880008008800080088000ea
:1002f40080088000800880008008800080088000da
:1003040080088000800880008008800080088000c9
:1003140080088000800880008008800080088000b9
:1003240080088000800880008008800080088000a9
:100334008008800080088000800880008008800099
:100344008008800080088000800880008008800089
:100354008008800080088000800880008008800079
:100364008008800080088000800880008008800069
:100374008008800080088000800880008008800059
:100384008008800080088000800880008008800049
:100394008008800080088000800880008008800039
:1003a4008008800080088000800880008008800029
:1003b4008008800080088000800880008008800019
:1003c4008008800080088000800880008008800009
:1003d40080088000800880008008800080088000f9
:1003e40080088000980780008008800080088000d2
:1003f40080088000800880008008800080088000d9
:1004040080088000800880008008800080088000c8
:1004140080088000800880008008800080088000b8
:1004240080088000800880008008800080088000a8
:100434008008800080088000800880008008800098
:100444008008800080088000800880008008800088
:100454008008800080088000800880008008800078
:100464008008800080088000800880008008800068
:100474008008800080088000800880008008800058
:100484008008800080088000800880008008800048
:100494008008800080088000800880008008800038
:1004a4008008800080088000800880008008800028
:1004b4008008800080088000800880008008800018
:1004c4008008800080088000800880008008800008
:1004d40080088000800880008008800080088000f8
:1004e40080088000800880008008800080088000e8
:1004f40080088000800880008008800080088000d8
:1005040080088000800880008008800080088000c7
:1005140080088000800880008008800080088000b7
:1005240080088000800880008008800080088000a7
:100534008008800080088000800880008008800097
:100544008008800080088000800880008008800087
:100554008008800080088000800880008008800077
:100564008008800080088000800880008008800067
:100574008008800080088000800880008008800057
:100584008008800080088000800880008008800047
:100594008008800080088000800880008008800037
:1005a4008008800080088000800880008008800027
:020000040000fa
:02000004007f7b
:0440c000ffffffff00
:020000040000fa
:02000004007f7b
:0448c000fffffffff8
:020000040000fa
:02000004007f7b
:0440b000ffffffff10
:020000040000fa
:02000004007f7b
:0448b000ffffffff08
:020000040000fa
:02000004007f7b
:0440a000ffffffff20
:020000040000fa
:02000004007f7b
:0448a000ffffffff18
:020000040000fa
:02000004007f7b
:04409000ffffffff30
:020000040000fa
:02000004007f7b
:04489000ffffffff28
:020000040000fa
:02000004007f7b
:04408000ffffffff40
:020000040000fa
:02000004007f7b
:04488000ffffffff38
:020000040000fa
:02000004007f7b
:04407800ffffffff48
:020000040000fa
:02000004007f7b
:04487800ffffffff40
:020000040000fa
:02000004007f7b
:04407400ffffffff4c
:020000040000fa
:02000004007f7b
:04487400ffffffff44
:020000040000fa
:02000004007f7b
:04407000ffffffff50
:020000040000fa
:02000004007f7b
:04487000ffffffff48
:020000040000fa
:02000004007f7b
:04406800ffffffff58
:020000040000fa
:02000004007f7b
:04486800ffffffff50
:020000040000fa
:02000004007f7b
:04406400ffffffff5c
:020000040000fa
:02000004007f7b
:04486400ffffffff54
:020000040000fa
:02000004007f7b
:04406000ffffffff60
:020000040000fa
:02000004007f7b
:04486000ffffffff58
:020000040000fa
:02000004007f7b
:04405800ffffffff68
:020000040000fa
:02000004007f7b
:04485800ffffffff60
:020000040000fa
:02000004007f7b
:04405400ffffffff6c
:020000040000fa
:02000004007f7b
:04485400ffffffff64
:020000040000fa
:02000004007f7b
:04405000ffffffff70
:020000040000fa
:02000004007f7b
:04485000ffffffff68
:020000040000fa
:02000004007f7b
:04404800ffffffff78
:020000040000fa
:02000004007f7b
:04484800ffffffff70
:020000040000fa
:02000004007f7b
:04404400ffffffff7c
:020000040000fa
:02000004007f7b
:04484400ffffffff74
:020000040000fa
:02000004007f7b
:04404000ffffffff80
:020000040000fa
:02000004007f7b
:04484000ffffffff78
:020000040000fa
:02000004007f7b
:04403800ffffffff88
:020000040000fa
:02000004007f7b
:04483800ffffffff80
:020000040000fa
:02000004007f7b
:04403400ffffffff8c
:020000040000fa
:02000004007f7b
:04483400ffffffff84
:020000040000fa
:02000004007f7b
:04403000ffffffff90
:020000040000fa
:02000004007f7b
:04483000ffffffff88
:020000040000fa
:02000004007f7b
:04402800ffffffff98
:020000040000fa
:02000004007f7b
:04482800ffffffff90
:020000040000fa
:02000004007f7b
:04402400ffffffff9c
:020000040000fa
:02000004007f7b
:04482400ffffffff94
:020000040000fa
:02000004007f7b
:04402000ffffffffa0
:020000040000fa
:02000004007f7b
:04482000ffffffff98
:020000040000fa
:02000004007f7b
:04401800ffffffffa8
:020000040000fa
:02000004007f7b
:04481800ffffffffa0
:020000040000fa
:02000004007f7b
:04401400ffffffffac
:020000040000fa
:02000004007f7b
:04481400ffffffffa4
:020000040000fa
:02000004007f7b
:04401000ffffffffb0
:020000040000fa
:02000004007f7b
:04481000ffffffffa8
:020000040000fa
:02000004007f7b
:04400800ffffffffb8
:020000040000fa
:02000004007f7b
:04480800ffffffffb0
:020000040000fa
:02000004007f7b
:04400400ffffffffbc
:020000040000fa
:02000004007f7b
:04480400ffffffffb4
:020000040000fa
:02000004007f7b
:04400000ffffffffc0
:020000040000fa
:02000004007f7b
:04480000ffffffffb8
:020000040000fa
:02000004007f7b
:04303000ff7fffff20
:020000040000fa
:02000004007f7b
:04383000ff7fffff18
:020000040000fa
:02000004007f7b
:04302000ffffffffb0
:020000040000fa
:02000004007f7b
:04382000ffffffffa8
:020000040000fa
:02000004007f7b
:04301000df7fffff60
:020000040000fa
:02000004007f7b
:04381000df7fffff58
:020000040000fa
:02000004007f7b
:04300000ffffffffd0
:020000040000fa
:02000004007f7b
:04380000ffffffffc8
:020000040000fa
:0200000400807a
:1016d000082020820e0020c56a0200a6550b049146
:1016e000f60e50c5060200ae13570190456100008a
:1016f000000015e5020f10c130031574400100e52c
:1017000013650000c00050e1080c428308a023824a
:101710000e0020c56a0000a641ff1fb8550b0495b6
:1017200001720000550b0495017200003e72f81f13
:10173000f91f000052013fe542012fe5200092fb16
:10174000d1cccc80c5608680a90070882a0000ae0c
:1017500014030000c00069e140104897480134a21a
:1017600000012795400022e50a1732e19139000077
:10177000e6feffae06390000ea0000a642014fe592
:10178000800124e1120030e5800014e508943283e2
:10179000c1ff1fb8066100000d0400889f1d8f1d4a
:1017a000037201723e72f81f8003000002010fe510
:1017b000c2fbffd4a3160582a2f8ffd408030000e1
:1017c00062f8ffd4ab16058222f8ffd402010fe5c0
:1017d000e2f7ffd48f1d0372017200004e72f81ff2
:1017e000800301398a0100a842010fe5e2f9ffd424
:1017f000a3160582c2f6ffd40803000082f6ffd4c8
:10180000ab16058242f6ffd442010fe502f6ffd483
:101810008f1d037201720000b7000080cffef0fd43
:10182000117b000032010fe502f8ffd40afeffae83
:101830003e72f81f80030000c30000800ffff0fd20
:10184000e30100801ffff0fde2004fe5c901308891
:101850007385049689002088440030abf20000e9cb
:1018600008ec45834376000061ff2fb80300008039
:10187000affff0fda3160582a2f2ffd4080300001b
:1018800062f2ffd4ab16058222f2ffd402010fe50b
:10189000e2f1ffd48f1d037201720000121021f5d6
:1018a000220433040e20028e860000846601028624
:1018b0000a10008ae20000b80100008205e31182ec
:1018c000021000805200048e2106000062f8ffd44e
:1018d000017200000100008205e311820610008001
:1018e0005200048e210600000affffae3e72f81f70
:1018f00080030000450b04a71316058282eeffd477
:10190000550c049002010fe502f1ffd402010fe52e
:10191000e2edffd423160582a2edffd418030000e8
:1019200002010fe522f0ffd402010fe502edffd422
:101930008f1d037201720000c30301840020218304
:101940009f720000070020ea0203017240030000ba
:10195000190f049031dd248065800080801020976d
:10196000c80061a2080110a2106101039f7200006b
:10197000070004ea0172000001c2eb80b50020807c
:1019800040102297150f049000100197c289ffd4d0
:101990000172000001105e80f52110800010019797
:1019a000110f0491c923208800112297120042e5eb
:1019b000020053e731032003046115634288ffd41a
:1019c00020740172023d133f220100ae000042e587
:1019d000400053e704031503f9e32f8f0900308813
:1019e000423d533f220000ae020313030172000088
:1019f000800040e5c00051e7cafeffae5961128881
:101a000001150000080092a2d19624809520118033
:101a1000801021970900178813150165021000c076
:101a200001720000007e00040a00008ec10e04bf97
:101a3000102e000006100084810b04bf102e000041
:101a4000021000800100008205e311820210008074
:101a50005200048e20060172061000c5660000ae1a
:101a6000003900004e0000a60172000009800088c5
:101a70000900108809003088134f0194000021e507
:101a80001900408800390000030122f7400041e1bd
:101a900000e14582440234611174000061ff2fb8f7
:101aa000080012a2326123039f720000070020ea9f
:101ab000020301728026a026b026000003000098d1
:101ac000213d0000c20600ae800051e5453900000e
:101ad000620600ae400062e1121066f506041704cb
:101ae0000e000c8e0100008205e3218206230c8487
:101af000120065e1121066f5a604b7040ea0108e60
:101b0000400051e10561000066010486022006865e
:101b10000220088602200a86121061f5a604b70486
:101b20000ea0008e06600080006050821504000048
:101b30000a10028e82020a800212088006000e84b9
:101b40008271068006100084020104801174213d18
:101b500022feffaa0634068486520084860106808f
:101b600066010086030000988a01008a820100b0a5
:101b70000624048486420084060104800a31048419
:101b80000004238686220a84065208800a8208847a
:101b9000062304840622048000042486070000989b
:101ba00008000682b02ea02e802e01720f75f81f3d
:101bb000f91ffa1ffb1ffc1ffd1ffe1f802690262a
:101bc00060098203013900004a0200a6400061e179
:101bd0006061000009003088f1ff0f80050050802f
:101be0004a0000ae2074063daa0100a620030000b2
:101bf00000204082453d0000220000aa00205082c3
:101c000000204282433d0000c2feffae002032822f
:101c10008afeffae31030000f1ff0f800500508007
:101c200000048583170083fd35650000270083fdd0
:101c300009000088370080fd470080fd570080fdc7
:101c400009002088670082fd770082fd870082fd01
:101c5000970082fda70080fdb70080fdcf0380fdc7
:101c600003000088df0382fd01006080c50242801e
:101c7000c70084fdd70080fde70080fdf13900003a
:101c8000a24800ae89006088f60130c5220000ae8f
:101c9000c80026a2600d0000002050820020708243
:101ca0000020408211390000424a00ae220020e1ab
:101cb0001900e0880610cdf50900308853090000ae
:101cc00009009088134a01ac1e650000aa0800ae06
:101cd000c001a6e1a03d0000a20700aa540d2439ce
:101ce000820600aef609d0c5a60600ae40033de16f
:101cf000c01cb4821d74ce0340030000190030885c
:101d00006a0600ae033900004e0200a8043d000040
:101d1000c20500aa0001a0e5a63d0000820500aeb4
:101d2000f609d0c5c60000ae40033de1c01cbc8230
:101d30001d74ce0340030000f9e33f8f8a0400ae18
:101d40000700008cdf0383fdce034003f9e33f8fe0
:101d5000ea0300ae043d0000020700ae0000a4e567
:101d6000a63d0000420300aef609d0c5c60000ae95
:101d700040033de1c01cbc821d74ce034003000043
:101d8000190030884a0200ae07000090df0384fd8e
:101d9000ce03400319003088aa0100aece034003f1
:101da000f9e33f8f4a0100aece034003f9e33f8fd2
:101db000ea0000aece034003190030888a0000ae6e
:101dc000ce034003190030882a0000aece03400342
:101dd0001200aee122740000210010b82a0300ae08
:101de000ea0300000020028203390000aef8ffa6db
:101df000053d0000220000ae9e035003073d000099
:101e0000220000aa5e0970030000a6e1a53d0000c3
:101e1000e2f5ffaa2939000002fcffaef609d0c5a1
:101e200026fcffae40033de1c01cb9821d74ce0309
:101e300040030000f9e33f8faafcffaece0340034e
:101e40006afcffae37008dfd1d390000423a00ae3e
:101e5000134a01b01340018c40034de10b4a01804d
:101e600040611c0321032174130002fc0020228224
:101e7000026500040a00008e000c0386143d000079
:101e80000effffa612006de516390000420400aef9
:101e900049005088190040881340018c2a0200ae86
:101ea00029030000c00070e100040786210010b87b
:101eb000ca0000ae120092e540760000c00070e15a
:101ec000f1ff07840a10008aa2feffb422242361d6
:101ed00000041286120004e1063d0000c20100aabf
:101ee00014744574c00005e100201084043900001a
:101ef000ca3700a6120024e5f1ff008405030000a4
:101f00008a00008a420000b6120012e1aafcffae6d
:101f100024030000aafdffae06390000ea0000a677
:101f2000880110a2202400001340018401610000f8
:101f3000002000845600048e2a063b06bc030000e5
:101f40000900908809000088500900006601108689
:101f5000028012864e0900004a0000ae00200b826b
:101f600019742b74d93d00008a0200a600202b8230
:101f7000093900003a0300a6800040e529001088d6
:101f8000f4390000220000ae080131a2400031e126
:101f90005374343de60200aa0300008063290184e3
:101fa000481e1083120009e1d03d0000460500aa3a
:101fb000003900002efdffa62afdffae0939000002
:101fc000ca0000a6420d0000800010e51a3d000086
:101fd00022fdffae00002ae1eafcffae420da23d69
:101fe000220000aa80000ae5d93d00004efcffa6b1
:101ff000aafeffae480224a40336018cc000e4e12f
:10200000f32b018c4361216510613e03600d0000dc
:1020100002d5ffd463290190481e40830e0000c5fd
:102020000afcffa6093900008af9ffa6d93d000085
:1020300082fbffae00200e840a90008a820000b866
:1020400002041080500d107450090000aafaffae6f
:10205000060000884affffae510d0139ca2a00a6ca
:10206000121001f5200431040e20008e0a040084b1
:102070009100088601000082250212820a10008a5f
:10208000e22900b807000080cf0380fd672901a482
:10209000632901945d6100001900708801000082cd
:1020a00005e3418201000082c5e35182c20268e17a
:1020b000820248e116000e8606700e8816000c8615
:1020c00059656b0d0a0400ae060004880a0600aece
:1020d000027006866a0600ae065102848a00008af3
:1020e000620000b6122466e100203683b70083fd4b
:1020f00031030000210000b80a0200ae1a74130375
:1021000000a02182227e02040a00008e0020238289
:10211000120400000a10028e0610008006300084af
:10212000064102848a00008a62fdffba122444e15b
:1021300000202483a70082fdaafdffae17742c7433
:10214000210050b8ca2300ae086009820e0000c505
:102150004affffa60020ac8213002cfc80000ae599
:1021600029001088f0390000220000ae080031a2da
:10217000c80123a40336018003610000002000840d
:10218000660102860a10008ae2f9ffb8020004869e
:10219000a1610000660102860a10008a82f9ffb878
:1021a0000260068680023ae13b610000800001e5a2
:1021b0000a6510748000e1e5ae3d0000460000ae07
:1021c000213d00006ef9ffa6190000882af9ffae34
:1021d00002100086000130e1000403864074000014
:1021e000210010b8aa0200ae086032820e0030c58d
:1021f000eafeffa6082002b98a0100a6400130e1ec
:1022000000202384110033840a31008a220100b0a7
:10221000800130e1110003840020438406400080e7
:10222000063104800a2000844afdffae02100086b9
:102230000afdffae02100086cafcffae631f0180dc
:1022400030030000190010886601088602400686e7
:102250000240048663290198033601a4420178e113
:10226000020158e1400321e5ea0000ae02020880c5
:10227000122477e100204783570084fd1174000089
:10228000210020b88a0200ae006013848a20008af0
:1022900042ffffb8002003840a20008ae2feffb854
:1022a00048e046820e0040c58afeffa60610008068
:1022b000480024a449610000002014848a20008a78
:1022c00042fdffba82010680122455e100204583b9
:1022d000470084fd2afdffae430028fd02390000bf
:1022e000aa0000a6121022f5620473040e60008e8c
:1022f0008a01068461003886530028fd02390000f7
:10230000aa0000a6121022f5220433040e20008e2b
:102310000a02088471004886190010886601068642
:10232000023002866329019003360194400321e5bf
:10233000ea0000ae71002884aa0200ae0600008800
:10234000ca0200ae11740000210020b8ea0200aefb
:10235000006020840a11008a42ffffb80020008438
:102360000a10008ae2feffb848e034820e0030c551
:102370008afeffa606200080480023a435610000e5
:10238000002023840a11008a42fdffba61002884dc
:10239000062000800a10008a02fdffb80a30008a79
:1023a00002fdffba02000686cafcffae8100388635
:1023b0002d390000020f00ae2200ade549009088e3
:1023c000290000884a39000043c290f7a03d000070
:1023d000220e00ae480320a409001088090070886e
:1023e000631f018c66010486134001904077202210
:1023f000107400006a0000ae41740000210000b8b3
:10240000aa0100aec00021e1110002840a20008a66
:1024100022ffffb8310012848a20008ac2feffb872
:10242000c80122a424610000860000800004028606
:10243000177400000afeffae07390000ca0a00a6a2
:1024400017390000420400ae490060881900508826
:102450001340018c2a0200ae2b030000c00040e1b3
:1024600000040486210010b8ca0000ae1200b2e5d4
:1024700040760000c00040e1f1ff04840a10008aa9
:10248000a2feffb42224236100041286120005e19b
:10249000703d0000c20100ae15744674c00006e134
:1024a00000201084053900002a0800a6120025e546
:1024b000f1ff0084060300008a00008a420000b693
:1024c000120012e1aafcffae25030000aafdffae38
:1024d000c80110a220240000134001840161000003
:1024e00000204084120009e1a03d0000460500aa3a
:1024f000480212a2731f0184400309e5080023a4c7
:10250000531f018003610000480226a4090050887f
:102510006601068602300486121022f501654076b7
:1025200020221074aa0000ae060000882a0200ae25
:1025300015740000210000b84a0200ae006011844a
:102540008a20008a62ffffb8800141e1f1ff048424
:102550000a20008ae2feffb80610008062047304bd
:102560000e60028e86400284061000800a20008ad7
:10257000a2fdffb80a30008aa2fdffba020006865b
:102580006afdffae053900006a0000a6c10038866a
:10259000d70089fde70085fd902e802eef1ddf1d01
:1025a000cf1dbf1daf1d9f1d8f1d0f770172000036
:1025b000000413860af7ffae09000088970080fd2b
:1025c0000d390000aae3ffa66329018809000088ed
:1025d000160002860610028803360194f32b019838
:1025e000631f01901d030000eadfffae00041386a5
:1025f0006ac7ffae09002088370082fdcafcffae23
:1026000009001088430020fd213d0000ea0200a6d9
:10261000530020fd213d00008a0200a6db0320fcc0
:102620000e0020c52e0200a6e30020fd213d000083
:10263000ca0100a6c10010840100008205e30182e6
:10264000090010888a00008a020100b6090010887b
:10265000a30020fd213d00008e0000a6b30010fd68
:1026600009000088103d00005fc010f81a0001e961
:1026700001720000f81f8003230010fd63e604824e
:102680000289ffd40020188373e60482a288ffd455
:10269000130018fd83e604824288ffd4330018fd3e
:1026a00093e60482e287ffd4430018fda3e6048288
:1026b0008287ffd44922108861000884b3e604822f
:1026c000c28effd4530018fde3e60482a286ffd435
:1026d0004922108871000884f3e60482e28dffd459
:1026e000492210888100088423e70482628dffd488
:1026f00049221088c100088453e70482e28cffd489
:10270000d30018fd7be70482c284ffd4e30018fde8
:10271000a3e704826284ffd4a90010889100088492
:10272000c3e70482a28bffd4cb0308fc0e0000c5d4
:102730008e0000a6db0308fc0e0000c50e0100a6fb
:102740008f1d0172a30018fdf3e70482a282ffd45b
:10275000b30018fd13e804824282ffd4aafeffae44
:1027600023e80482427bffd4aafeffae510c0494fe
:1027700001001080a5201680000021ebd9120494de
:1027800001720000f81f0000e90b0498dd0b0498ab
:10279000c10b049999000088135b019c3b5b019875
:1027a0008b5b0194a90010882a0100ae0e0020c5a1
:1027b000ee0200a60e0030c5ae0200a60e0040c517
:1027c0006e0200a610760000210010b80a0200aeca
:1027d0000e0020c56a0000a608e085820e0080c5b4
:1027e0000affffa60e0030c56a0000a608e0868238
:1027f0000e0080c56afeffa60e0040c56afdffa65a
:1028000008e087820e0080c5cafdffa6eafcffae85
:102810008f1d0172190f049031dd248065801080b6
:1028200080102197c80062a2080011a221619f7246
:10283000070020ea4900008842390000832000f7a1
:1028400001720000426108d4626d03d402f606d41e
:1028500009000288a27103d4190010885900008869
:10286000827b03d4910a0494e22604d4410a049c96
:1028700079000088422104d407000080490e04a991
:102880000e0300a6310a049c290a0498550e0498e8
:10289000610e0498428a03d483000080029205d41a
:1028a00003000080629805d4626a03d4010f04a972
:1028b0006e0000a60180968085410080110f04946f
:1028c00009000088810a04ab6e0000a6490a04a929
:1028d0002a0000a6310a04981a0000e9010c049ca1
:1028e0000172000003200080226a05d4aafcffae1a
:1028f000f81f8003080021a4838604820161000080
:1029000000202083082012820e0010c56a0100a654
:10291000d302018c13570180002003e11357018c6f
:10292000100033fb000043e1080c018308a0128271
:102930000e0010c56effffa6510b0495550b0490b9
:102940001357018037000088481c0283220021e1d0
:10295000590b0494106100002b00008c1f0013fd24
:1029600003000084881c0183c21b02d4510c049014
:1029700090390000a60000ae20248061886100002c
:10298000b35b018080610000122488e08f1d01721a
:102990004a0d00d4f81ff91ffa1ffb1ffc1ffd1f73
:1029a000a003b1039203000009008088510b049634
:1029b00033150582c268ffd4550c049089600088e5
:1029c0000e610000226bffd4896000880e61000058
:1029d000e267ffd423160582a267ffd41a03000022
:1029e000896000880e610000026affd48960008857
:1029f0000e610000c266ffd4190300005315058262
:102a0000026dffd45b1505822266ffd41357018047
:102a1000550b0490481c0883421602d4983d0000d0
:102a20004a0700a609003088cb8404a23900008838
:102a30000000aee50940d088ea0100ae39002088e8
:102a40002a0000ae3900208837000080881ce0830f
:102a50002e6100002b0000801f0020fd030000807d
:102a60002f0020fd0e030000c21302d4bd613c0301
:102a70009c3d0000a20400ae030100800804e08336
:102a8000130100801f00e0fd830000802f00e0fda7
:102a90000600c3e1c33d000002fdffae933d000010
:102aa00002fdffae32000ee15b030000092040880a
:102ab000120063e1190010886c3d000043c044f728
:102ac0000020158221030000f2ff20c9880086a2a1
:102ad00088e508838f0472f888e028821f0002fdd1
:102ae00000002ae1f20011e948e018822f0001fd00
:102af00013740000210040b86afaffae25743074e8
:102b0000933d0000cefdffa6eaf9ffaedf1dcf1d0d
:102b1000bf1daf1d9f1d8f1d03720172220e02d4b7
:102b2000017200003e72f81ff91ffa1ffb1ffc1f05
:102b3000fd1f0000b35b01a00900a088138404b24c
:102b4000135701aca90090886a0000ae1a7488740b
:102b5000210090b80a0500ae130008fc002008ea26
:102b6000230018fc016a0000330018fc016a0038d9
:102b7000cafeffa60900d088550b0497136f048284
:102b8000625affd41a030e03025dffd40e03000045
:102b9000e259ffd4a3160582a259ffd4880220a4cb
:102ba0000c610000002000832259ffd4002018820d
:102bb000336f0482625fffd4130018fc536f0482ea
:102bc000025fffd4230018fc736f0482a25effd45f
:102bd000330018fc936f0482425effd45b150582bc
:102be0006257ffd4510b0490081cbd830b030000f7
:102bf000820702d4aafaffae450b04a7b36f048282
:102c00006256ffd43b1405aa090080882b6e04aedf
:102c10008b5b01b0236e04b6a9009088aa0300aeb6
:102c20000b0300004255ffd4d90b04a92a0100a6ca
:102c30003b5b018008e22082436e04824b6e048677
:102c40000e0020c5430000f76a0000ae336e048218
:102c50008afeffae0b030000a253ffd4c90b04a9e8
:102c6000ea0000a6135b018008e22082536e048212
:102c70005b6e04860e0020c5430000f72a0000aefc
:102c80000b0300004252ffd418740000210090b8da
:102c9000aa0200ae00a00a828265ffd410030e03d0
:102ca0004254ffd4a31605822251ffd40e03000024
:102cb000e250ffd4e36f0482a250ffd4e90b04a9d1
:102cc000eafaffa608e20c820e0000c5eafbffa6a6
:102cd000635b018008e210823b6e04820e0010c527
:102ce00003000df7eaf9ffae5b150582024fffd432
:102cf00013570180550b049003000088481c028381
:102d000002ff01d4eb6f048282f0ffd4110e049213
:102d1000083900004a0000a8190a04a9ce0000a63c
:102d2000e3710482a2efffd4df1dcf1dbf1daf1dd5
:102d30009f1d8f1d03720172450b04a773710482de
:102d4000624cffd4000208e14314058600e00182d2
:102d500000020000a25fffd410030000c3710482d0
:102d60000252ffd4635b018008e22082636e04821a
:102d7000bb6e04860e0020c5430000f7824affd4d4
:102d80005b150582424affd413570180550b04900e
:102d900003000088481c028342fa01d44afcffaebb
:102da000f81ff91ffa1ffb1fb003a10302039303cf
:102db000820b04d480030b038259ffd4f3100582e5
:102dc0006248ffd40a0300002248ffd41803000021
:102dd00013110582624effd41903000023110582ee
:102de000024effd408390000ea0100a6893d000028
:102df000420200ae89650000f151b880e581028091
:102e000040120097480060a2083d000007000080c3
:102e1000260000aa03000080a2d6ffd4bf1daf1d6c
:102e20009f1d8f1d01720000431105820245ffd4d2
:102e300039000088c2d5ffd40affffae400288e502
:102e4000aafdffaef81ff91f09000088e2c8ffd4f1
:102e500019000088a254ffd4936204828243ffd4f5
:102e60003900008842d4ffd4223208d48003000005
:102e700029000088a253ffd4180300008b6304824a
:102e80000249ffd4012d31801500108023110582e5
:102e90008248ffd4d1dace80e5e30780806100006c
:102ea000a9630088803d000007000080260000ae76
:102eb00003000080c2d1ffd4390000886251ffd4e2
:102ec000950a0490d3630482c246ffd4450a04984d
:102ed000f36304826246ffd4350a049823640482b3
:102ee0000246ffd4c21e04d41003000043640482cf
:102ef0008245ffd462f903d41003000063640482a6
:102f00000245ffd4a2fb03d41003000083640482b3
:102f10008244ffd415190390a36404828248ffd42d
:102f2000d5170390c36404822248ffd495140390fc
:102f3000f3640482c247ffd4010c04981a0000f025
:102f400062cdffd401002d8015833080b900208828
:102f5000136504864900008822f2ffd4014078807e
:102f6000d5a33080c90020884365048659000088b5
:102f700062f1ffd401002d80158330805900208834
:102f80007365048669000088a2f0ffd40140788050
:102f9000d5a3308069002088a36504867900008865
:102fa000e2efffd40150d680c5e13080e9002088ef
:102fb000d36504868900008822efffd4e26105d43e
:102fc00080030000626205d490030000990000882d
:102fd000c248ffd4824005d4107f000003660482fb
:102fe000023effd4626e05d4107f00002366048287
:102ff000823dffd4826e05d4107f000043660482b8
:10300000023dffd4426505d4107f00006366048250
:10301000823cffd4626505d4107f00008366048281
:10302000023cffd418030000a36604820240ffd4d0
:1030300019030000b3660482423bffd4896b000091
:1030400019000088083900004a0500a602c5ffd40f
:10305000096403cc0d0a08cd892000cc4d0a08cda7
:10306000a90000882244ffd418030000f3660482fc
:103070008239ffd4190300001b6704822239ffd470
:1030800019000088083900002a0000a6090300443e
:10309000e2c2ffd4b90000888242ffd465110098d3
:1030a0004f0461f843670482c237ffd43512009899
:1030b000720011e9636704824237ffd495100098cb
:1030c0004f0461f883670482c236ffd485160098e6
:1030d0004f0461f8a36704824236ffd4cb670482b1
:1030e000622fffd43900008822c0ffd49f1d8f1d9e
:1030f00001720000823705d417000084080001bd6a
:1031000022c000f11f0010f80afaffaef81ff91fe5
:1031100090030000821c08d480030000421c08d4e5
:103120000865093da6ffffaa9f1d8f1d01720000c3
:103130004f75f81ff91ffa1ffb1ffc1ffd1ffe1f15
:103140001900008822b1ffd4622503d429003088f9
:103150000900208819001088f9e30f8f22a606d4f1
:10316000a2ad06d4b0030000e21908d4a003000009
:10317000012d31801500008082fcffd4c2ac06d442
:1031800090030000021908d48003000002ac06d4aa
:103190009b65000000022ae5121022f501c2eb80b7
:1031a000b500008040120097e2c8fed4b103a0032e
:1031b000900300000180968085410080a03d0000c2
:1031c000820400ae0180698075a287808a61000058
:1031d00019000088a238ffd41a030000630a058290
:1031e000022effd401809680854110802311058234
:1031f000822dffd40120bc80e5431080830a058224
:10320000022dffd40150c38005000080803d0000e6
:1032100007000080260000ae0300008082b6ffd4c5
:103220000124f48005000080903d0000a20000ae63
:1032300001a0868015000080803d0000220000aec5
:10324000190f04960900d0882010ed03d003000068
:10325000ea0000ae01809680854180808a6500008a
:103260006afbffae5d0d3d741e748d39aa0900a680
:10327000438504aacd03000009000088e03d00005a
:1032800022c000f11f0010f860095d094a0400ae79
:103290000c030000a232ffd4810d7109030a0582dc
:1032a0006221ffd41b03000013110582a227ffd463
:1032b000810d0000b30a05824227ffd41d030000e0
:1032c000d30a0582e226ffd41803000023110582e9
:1032d0008226ffd4f9e30f8f09001088000220e94d
:1032e000400231e9740d0000121004f5a236ffd43b
:1032f00029001088013d000007000080260000ae74
:103300000300008042afffd41c7400007385048268
:103310000a3d00006afaffa60060ba83c303018079
:10332000002080839f72000007008bea0700008066
:10333000629f06d429003088620d000019001088b1
:1033400008030000e29606d4e20a08d490030000c5
:10335000012d31801500008082edffd4829d06d4be
:10336000220a08d4000099e5951004908109000014
:103370005510049303000080229d06d4180309030e
:10338000a22fffd4910380030e3900000af8ffa694
:103390000c030000a22affd47d090000330a058235
:1033a000eaf7ffaeef1ddf1dcf1dbf1daf1d9f1d37
:1033b0008f1d4f7701720000f81ff91ffa1f80035d
:1033c00091030000821103d4050b04a707000084b9
:1033d00008000182624405d4290030880900208851
:1033e0001900108808030000c29106d40012099742
:1033f00001c2eb80b500208040003295001002979a
:1034000013610000c3030188123022f5c2b5fed457
:1034100042420fc1000080e1620408d4a003000012
:10342000010b94ab620000aae20308d40a65083dd0
:1034300066ffffaac29606d49901008862e6ffd40f
:103440000300008408000182c24005d4110b0490df
:10345000af1d9f1d8f1d0172de72f81ff91ffa1f2d
:10346000fb1ffc1ffd1f80269026a026b026000013
:1034700029000088a297ffd4110f04905022000069
:1034800051acc5807542108000100197480079a2a8
:1034900019000088a222ffd4439f04828211ffd426
:1034a000be03ce0a1900a08866011086028012862b
:1034b0000280148602801686030700b0aa1f00aea1
:1034c0001a00cce91a0000d1007f000002a1ffd44d
:1034d0001874c20e1276c20a2e0000a62a1500ae7b
:1034e000420018e1b10a3839ca1700a6080220a420
:1034f0001385048a026100000020d083c303018089
:103500000020a0839f7200000700adea420703d4a9
:1035100009001088150b049407000080029006d45f
:103520000300008407000080c23905d429003088d8
:1035300009002088190010880a030000228706d499
:10354000012d31801500008002deffd4028e06d4ea
:1035500099010088a2ddffd4991004921d0b0492fa
:103560000300008408000182c23705d403000080f4
:10357000628d06d4b00e0000821bffd4030a0582c0
:10358000620affd41d03000013110582a210ffd4ac
:103590001a030000a3a104824210ffd41b03000001
:1035a000d3a10482e20fffd409000088a03d0000ef
:1035b0000a0100a612102bf512100af52220ffd4e2
:1035c00019001088013d000007000080220000aeb5
:1035d000030000801a0000e938390000ca0c00a678
:1035e0000e00c0c5caf6ffa60800c0828af6ffae6c
:1035f0001974c20e293d00008a0200a62100b0b84d
:103600004a0200ae400209e1134f018800e08282c5
:1036100009030000221fffd44220ffd4887e00004f
:10362000000200e500740000160000a6007ba03d2b
:103630008322a0f7b10e103da2fdffaa0c390000b5
:103640004302ddf71c7400002afdffae89000088ec
:10365000c214ffd403a20482a203ffd4016a18801b
:103660000500108013110582c209ffd4c10e0000ad
:1036700033a204826209ffd41c03000053a2048217
:103680000209ffd41a03000063a20482a208ffd437
:10369000b10e000043a004824208ffd40c390000a0
:1036a000ee0100a619000088c10e0000f60f10c53b
:1036b000820000ae09000088c03d000022c000f179
:1036c0001f0010f84291ffd4b02ea02e902e802e15
:1036d000df1dcf1dbf1daf1d9f1d8f1d037201720a
:1036e0001d03000083a20482c205ffd440030de144
:1036f000134f018400e0018210020000aba204829b
:103700000205ffd40d0300008217ffd4a218ffd4d6
:1037100010030000bba204824204ffd42afcffaec7
:1037200089000088220effd403a2048202fdfed489
:10373000016a188005001080131105822203ffd44e
:103740000900108833a20482c202ffd40900108845
:1037500053a204826202ffd40900108863a204828b
:103760000202ffd4950e049043a00482a201ffd46c
:10377000190000886afaffae1a0000d1007f00002d
:10378000628bffd4f10b049f090000886213ffd401
:10379000e2f404d42962028882cbffd407000080bf
:1037a000c10a049c098010880903000042e0ffd48c
:1037b000c00a0000cd0a04a7003900000afbffa6da
:1037c000950e0490b10a000009009088f1ff0f8067
:1037d0000500d0800900a0880900c0880980b08851
:1037e0000af1ffae110f049091757180b5812680aa
:1037f000001002974800daa2e2ef02d40900008824
:10380000110b049407000080a27806d40300008402
:1038100007000080622205d4290030881900208822
:10382000190010880a030000c26f06d4012d3180f0
:1038300015000080a2c6ffd4a27606d499010088a4
:1038400042c6ffd4591004921d0b04920300008459
:1038500008000182622005d403000080027606d4ad
:10386000790000882204ffd40981d389330a0582b4
:103870006ae8ffaeab160582a2f2fed402020ee1a8
:1038800062f2fed4887e08040a00008e820516804b
:1038900012100df5200431040e20028e0215148042
:1038a0000600048482241280061000840204108022
:1038b0001a74000080028c9403fdff83806008026c
:1038c00062eb04d42962028802c2ffd40902108884
:1038d0000903000002d7ffd4e20bffd4d003c10ece
:1038e000101fc10a1003000002020ee1e2f1fed433
:1038f0001a390000eafbffa6b39f048282eefed4d1
:1039000002020ee142eefed4887e08040a00008e18
:103910008205168012100df5200431040e20028e4f
:10392000021514800600048482241280061000848c
:10393000020410807a390000a2fbffae0100008271
:10394000050102828604128486b5008486041280f2
:10395000660100868a04008ae20100b0010000824c
:10396000050102820604008486a51084068000807a
:103970000a90008400260000c10e04bd06b0008439
:10398000060500800100008205e2a18206a00084f5
:1039900000260000810b04bd030400b40900a088c8
:1039a0008900c08800608b830d020000a203ffd451
:1039b000000200e500740000160000a6007ba03d98
:1039c0008322a0f7021cd0c0c1fecfb83900808886
:1039d0008a150000820288e1910e0496c10e04bf90
:1039e000802e000089e2118802800086bb9f04823d
:1039f00042f5fed4a9001088810b04bf002e000000
:103a0000f39f0482a2f4fed41a03000023a00482d0
:103a100082ecfed41803000043a0048222ecfed402
:103a2000d1cccc8245e30182190000880a04008ac7
:103a3000020100ba07000080a199998295e30182f2
:103a40000a04008a220000b8030000801a0000d196
:103a5000007f0000c274ffd40320008082de04d403
:103a60002962028822b5ffd40902108809030000e8
:103a700022caffd402fffed4a0030000c2db02d49e
:103a80007f0000840f00008002e402d40902108845
:103a90000903000002c9ffd4e2fdfed48003000048
:103aa000030000840f00008002e302d42900008894
:103ab000c2f1fed40900148853a0048222e7fed488
:103ac0001a03000073a00482c2e6fed418030000ab
:103ad0008ba0048262e6fed4390000888270ffd495
:103ae0000300008062de04d4030000841f00008015
:103af000c2e002d403080080a2d904d4296202885b
:103b000042b0ffd4090210880903000042c5ffd467
:103b100022fafed4a00300000338008082d804d427
:103b20002962028822afffd409021088090300002d
:103b300022c4ffd402f9fed48003000003000084f5
:103b40000f00008022de02d4e2dd04d439000088b8
:103b5000c2ecfed4b3a00482a2dbfed41a030000a0
:103b6000e3a00482e2e1fed41803000013a1048262
:103b700082e1fed40308008042f5fed41003000069
:103b800043a10482e2e0fed403380080a2f4fed414
:103b90001003000073a1048242e0fed439000088c3
:103ba000626affd40320008022d404d409008088f4
:103bb000070000b049000088c00a00000ac9ffae33
:103bc000f81ff91ffa1ffb1fa00300000800b182b5
:103bd00092030000e2bb02d48003000008003b8295
:103be00039002088090010880a030000222b03d422
:103bf000080020820e0000c57e0000a60800028298
:103c0000bf1daf1d9f1d8f1d0172886100120a9795
:103c10000146c38035022080400032950010029793
:103c200013610000c3030188123022f5c274fed470
:103c300081841e800500108001610061c22d03d4c3
:103c4000a0030000223203d4030000880a390000d8
:103c50004efdffa63900408800124497061022f559
:103c6000403d513f420000aa000024e5400035e7f6
:103c7000121008f50004f2e54004f3e783c028f7ca
:103c800000049283060088e5823d0000070000885a
:103c9000260000ae030000880afbffae8f75f81ff8
:103ca000f91ffa1ffb1ffc1ffd1ffe1f39000088b4
:103cb000c255ffd4110f04905022000051acc580b2
:103cc0007542108000100197480078a222b402d4f7
:103cd000d00300616009500909000088e2e8fed4c1
:103ce00062ca04d42962028802a1ffd4050b04a78a
:103cf00007000080c10a049c0300008422fb04d456
:103d00000300008c39002088090010880803000097
:103d1000022203d469001088710900000e0000c55a
:103d20006e0800a6222b03d49103800303000084b5
:103d30000800018262f904d4cd0a04a719000088a2
:103d400042ddfed4016a188005001080131105823f
:103d500082d2fed4710d000043f7048222d2fed439
:103d60001803000053f70482c2d1fed4150b04904f
:103d7000d3a1048262d1fed46900a088ad151a03d4
:103d800023110582e2d0fed45505049073f7048216
:103d900082d0fed41505049083f7048222d0fed48d
:103da000d5040490a3f70482c2cffed495070490f3
:103db000c3f7048262cffed455070490e3f7048270
:103dc00002cffed4a2ac02d40800b082107f000063
:103dd00013f8048262cefed409000088710d103df4
:103de0006e0000a612102af5283d393faa0200a64f
:103df00000790000120000e9a257ffd4c23003d4ba
:103e00004009500d003900002a0a00a62d240000a8
:103e1000950e049081094b0d09009088f1ff0f80e9
:103e20000500e0800900c0880000a9e50a0300ae93
:103e3000015a628025000080e21d03d47009000051
:103e40000af7ffae150b0490a13d00000efdffa682
:103e50001505049031390000aefcffa6d50404908e
:103e6000313900004efcffa6550504906139000071
:103e7000eefbffa6810704abaefbffa60b7f0000a5
:103e80006afbffae19742b742100a0b8ca0100ae02
:103e900000208b8240020de102dbfed422dcfed446
:103ea000887e806508740000160000a6887b800d5f
:103eb000083d000062feffaa0c3900004302eef745
:103ec0001c740000eafdffae29000088e2d0fed499
:103ed00043f80482c2bffed4610d00005315058271
:103ee00002c6fed41c03000053a20482a2c5fed465
:103ef0000c3900001e0100a6700d00390a0400a64e
:103f000019000088424fffd4ef1ddf1dcf1dbf1ddc
:103f1000af1d9f1d8f1d8f7701721e0383a2048228
:103f200002c4fed4710d0139aefeffa6090000885f
:103f3000c03d000022c000f11f0010f8824dffd4e8
:103f4000620d410d290000882252ffd4cafdffae48
:103f500029000088a2ccfed443f8048282bbfed4a0
:103f60000900108853150582c2c1fed409001088cb
:103f700053a2048262c1fed46c0d0000cafbffaee6
:103f800009000088c03d000022c000f11f0010f8a9
:103f9000e24affd48afbffaef81ff91ffa1ffb1f8e
:103fa000a22303d4a0030000061089f5f901b0880c
:103fb000029d02d41024093d820000ae8b15000042
:103fc00000600a82806119742affffae0803bf1dda
:103fd000af1d9f1d8f1d01724f75f81ff91ffa1f2e
:103fe000fb1ffc1ffd1ffe1fc00300000800d18245
:103ff0007209000008000182c2dd04d408003d827d
:10400000061012f50c030000420a03d40ffef0fd67
:1040100081969880050000808287ffd4621303d4c4
:10402000b103a0030300008042dc04d4621503d472
:104030001c03000002cafed4910380030c0300009d
:1040400082cafed4e0030000c3030180123020f5d1
:1040500001a0ac8095c30180001300974253fed4a9
:1040600050096109700d000002c4fed40c03000069
:10407000c2c6fed410030000c371048222b9fed46c
:1040800023060586730605820e00d0c5030001f7de
:10409000e2b1fed41a03000053f7048222b8fed422
:1040a0001803000023110582c2b7fed41e030000ce
:1040b00043a0048262b7fed495070490c3f704823c
:1040c00002b7fed4a2b102d4107f0000bb06058265
:1040d00082b6fed4f9011088d306058222b6fed43a
:1040e000510d0000f3060582c2b5fed40900108808
:1040f0000bfe0ffc0e0000c50a0100a628033903c1
:104100000a031b03e2c5fed4090010880e3d00001f
:10411000460000ae810714ab2a0100a61a0081e90f
:1041200001030044423effd408000882ef1ddf1d5a
:10413000cf1dbf1daf1d9f1d8f1d4f77017200004a
:10414000c2ad02d4090010880e0000c56efeffa6a5
:104150005507049009000088103d00005fc010f86a
:10416000cafdffaef81ff91ffa1ffb1ffc1ffd1f42
:10417000fe1f000049000088822fffd40700008046
:10418000e10b049c0320008022a504d43b1405ba53
:10419000875b01ac5f5b01a819008088030000b455
:1041a000a90090882a0100ae120028e107000084cf
:1041b0000c03000002f1ffd40804a0830804b083bc
:1041c00028740000210090b84a0100ae00a0ce8201
:1041d0002803000008001d820c030000c2efffd47a
:1041e0000814b0830814ad830e0000c58efeffa630
:1041f000aafdffaeef1ddf1dcf1dbf1daf1d9f1d13
:104200008f1d01728f74f81ff91ffa1ffb1ffc1f0f
:10421000fd1ffe1fe0038109026303d4d0030000e9
:10422000030000800d390000ca0300a63902078888
:104230008013009712102df5512400000b0050e060
:104240002244fed4060800c5013b0000420300ae34
:1042500019029788290080880940a0880900b08841
:104260001963c388801309974013289751240000cd
:104270000b0050e08242fed40a3d1b3f420000aedc
:1042800018742976e1fecfb8800d00000004088282
:104290004b3c008418642802b703008008600000cb
:1042a000c29b04d4ef1ddf1dcf1dbf1daf1d9f1d81
:1042b0008f1d8f7601720000190080884afeffaec4
:1042c0002e73f81ff91ffa1ffb1ffc1f8026902674
:1042d000c003000008009182a203000001001088c2
:1042e000e7fcf1fc82b2fed4800300000e0090c512
:1042f000ce0400a646021fe50803000022f8ffd402
:104300000800b082496108890270ffd40900008862
:10431000800800000e00b0c5ee0300a60300008078
:1043200082c404d4628102d40a030000e2adfed448
:104330000c030000a2b0fed410030000c37104827d
:1043400002a3fed4e3fc1ffcabff0482a2a2fed4b6
:10435000425903d4100300008364048222a2fed4d5
:1043600023ff0482429bfed419000088022cffd454
:10437000030000a008000882902e802ecf1dbf1dd4
:10438000af1d9f1d8f1d037201720000070000808a
:1043900002c104d4eafaffae06022fe50800198232
:1043a0000c030000c2c0ffd40800b08203000080ec
:1043b00002c004d4e27c02d4080019a40a0300005d
:1043c00042a9fed40c03000002acfed4100300008e
:1043d000c3710482629efed4e3fc1ffcabff048227
:1043e000029efed4a25403d410030000836404820e
:1043f000829dfed40e00b0c5ca0400a6c20003d43c
:10440000820c0000400212e5800032e1c6012fe577
:1044100003610000a2bcfed4810c0000d3ff048223
:10442000029cfed4c6010fe54212ffd4080300002f
:10443000829304d480030000f1fe8f8401ff9f84e7
:1044400050740000d1cccc80c5601680001001975c
:1044500031220000f3ff0482429afed408390000a2
:10446000ce0100a6c6010fe5a20cffd40800808291
:104470001a0000f0c223ffd40e0080c5aef7ffa6dd
:10448000a2fc02d4290310030a0300000228ffd46f
:104490000af7ffae6bff04824af6ffae029410806b
:1044a0000100008205e30182060410840100a0825d
:1044b0007520028206041084121008f520043104cd
:1044c0000e20008e89e211880a04008423000582f0
:1044d000429efed46afcffaef81ff91ffa1ffb1fb5
:1044e000fc1f0000590000880214ffd40700008060
:1044f000d10b049c5f5b01a43b1405ae375b01a8a4
:10450000635b01b02000ccfba900808840022ce155
:1045100008a0198200a00b8222edffd40814a0830a
:1045200041ff8fb889000088a23b03d4490100886d
:10453000c29dfed4f3130582a28cfed439000088fc
:10454000621dffd4635b01803b0010fc5901208891
:104550004901008842ebffd479000088023a03d475
:1045600003200080428604d4cf1dbf1daf1d9f1db8
:104570008f1d01720601ffe1f81ff91ffa1ffb1fd3
:10458000fc1ffd1ffe1f7009cffcf1fd9203a3036a
:10459000140900008ffcf5fd08000182a2b004d4cc
:1045a000cbfc3ffc061012f5700d000022dd02d49a
:1045b0004ffdf0fd827707d4b00300004961088900
:1045c00080021095810990154bfd2ffc0e0020c52f
:1045d0000a0500a6d10300000900e0886a0300aec6
:1045e000c901c088ce1500002305018cc3610000fd
:1045f000080220a291588b80f5a0408000100497fb
:1046000081220c03011f0000f301019400240583a3
:10461000910704902700c0fdd50604903700c1fd26
:10462000990604904700c2fd42e102d45700c0fd44
:104630006700c1fd1e74830dd361983de21f00ae7b
:10464000e2dc02d40e0000c58a1f00a6c2a102d47b
:10465000a27207d400008be50a390000dafeffa63b
:104660008d3d000096feffaab603e0c556feffaee4
:104670006afbffae9507049001090000d50604907f
:10468000f108000095060490e10800005905049027
:10469000b20800001d050490a3080000d104049195
:1046a000940800005501049165080000d1000490b1
:1046b00040090039ce0000a6028202d40ffaf0fdb4
:1046c000c26402d44ffbf0fd4e0d0000aa0100ae03
:1046d0000900e0884300018800200283430d9f7297
:1046e000070003ea40090000828002d40ffaf0fdbf
:1046f000426302d44ffbf0fd4bfd4ffc0e0040c562
:104700006e1c00a60300008c8ffcf3fde2db02d4dc
:10471000d103c00303000080c2a404d4e2dd02d4ac
:104720007008710d8292fed450096109700d00006d
:104730000293fed4c0080e396a0500a6230501a025
:10474000ebae04ae03af04aac90100880e15c07712
:104750002022000071dbb680d5a2918009150000ef
:10476000f1ffff80f5e3918009690000120090e1fc
:104770001e0d0e03a28bfed4002018830b03000035
:104780000281fed4130018fd0a030000a280fed4ab
:10479000230018fdc3f704824280fed4330018fdc5
:1047a00023af0482e27ffed4430018fd43af0482ae
:1047b000827ffed40124f480050020800900308827
:1047c000530008fd630018fde217fed4100300003b
:1047d00063af0482627efed4390000888208ffd471
:1047e000c875000051fc9fb8425b02d48003740d71
:1047f0000011009701c2eb80b50030804000239586
:104800000010039712610000c3030188123022f5e3
:10481000a215fed4900300399a0000a689e22188ef
:10482000650c25159f720000070020ea9203420dd7
:10483000026540249f720000030008ea8003100d07
:104840004285fed4700d00000288fed410030000e3
:10485000c3710482627afed4730c0000c80020a2e7
:1048600091588b80f5a010800010019781220000e4
:1048700083af04826279fed403ad04862bad04823b
:10488000cbfc4ffc0e0040c5030001f70272fed4c2
:104890000c031d03f9e32f8f09003088c23dd33f7d
:1048a000220000ae020313031003000053f704823a
:1048b0008277fed4500d610df9e32f8f0900308807
:1048c000023d133f220000ae020313031003000059
:1048d000231105826276fed4c10c000043a004823d
:1048e0000276fed4010d0000c3f70482a275fed447
:1048f000f10c000023af04824275fed4e10c0000ed
:1049000043af0482e274fed4b10c000073f704825a
:104910008274fed4a10c000083f704822274fed4ba
:10492000910c0000a3f70482c273fed40bfa5ffc63
:10493000157f0000bb0605824273fed44bfb0ffcc3
:10494000107f000013f80482c272fed41903000025
:1049500093af04826272fed418030000d3af0482c6
:10496000c273fed4090010888bfc2ffc0e0020c5fa
:10497000aa0100a64bfb3ffc0e0030c54a0100a671
:10498000520d630d0c031d03c281fed40900108873
:10499000c40c043d860000aea50c900c000015e18f
:1049a000b20c123d5fc010f81a0081e90103004407
:1049b000e2f9fed408000882ef1ddf1dcf1dbf1de8
:1049c000af1d9f1d8f1d00000601ffe50172000055
:1049d0008bfc3ffc0e0030c54a0200a653ad04829a
:1049e000c209ffd4e25203d4e2ee05d422a004d4db
:1049f000e24906d4426904d4551100900bae0482fa
:104a000022ec01d4151200905bae0482c2eb01d4fb
:104a1000b3ae04822208ffd4e808f80808090000b1
:104a20004ae7ffae0ffaf3fde808f80808090000ae
:104a3000070000908ffcf4fd8ae6ffae9507049016
:104a400001090000d5060490f108000095060490c5
:104a5000e108000059050490b20800001d0504900b
:104a6000a3080000d10404919408000055010491aa
:104a700065080000d100049040090039aee2ffa6ad
:104a8000c26302d40ffaf0fd824602d44ffbf0fd60
:104a9000010df20c400082ebe10c816b0839000043
:104aa0000ee3ffa60bfa2ffc0e0020c50af9ffa6a5
:104ab000e808f808080900004ae2ffae1e72f81f75
:104ac000f91ffa1ffb1ffc1ffd1f00006900008873
:104ad000c2e4fed407000080c10b049c03200080c8
:104ae000625a04d4825802d4424302d49003000094
:104af000827b02d48003000009000088626ffed42c
:104b000013fa0482425efed41903000033a2048229
:104b10008264fed418030000a3fa04822264fed447
:104b20000942008808159f72070009ea1003000077
:104b3000bbfa04826263fed43900008882edfed4a1
:104b40000f5b01a4431405ae190080885f5b01b4bc
:104b5000a900a0886a0100ae030000944803000089
:104b60000900308889e2218848e3188200200b82fe
:104b700002d0ffd40804c08318742b742100a0b89d
:104b80008a0200ae1974c9030d049088e90b04a9c8
:104b90002afeffa6875b018008e4e88308200eb99f
:104ba000aefdffa608030000026afed400200b82bf
:104bb000c26cfed410030000c3710482225ffed4d5
:104bc00023fb04824258fed42900008802e9fed467
:104bd0002afdffaedf1dcf1dbf1daf1d9f1d8f1d09
:104be00003720172f81ff91f99000088e2dbfed4fe
:104bf00003200080c25104d442dcfed480030000b4
:104c0000110e04941d0a04a700390000ea0300a84d
:104c100019000088a266fed4431405a6886100002e
:104c200000e28982080200000269fed4100300003d
:104c3000e3030582625bfed4130405828254fed432
:104c40003900008842e5fed4110e0490635b0184b4
:104c500008e01182006100000700009429004088ec
:104c600089e2318889412d8900e009820002000033
:104c700002c8ffd4110a049c150e049135390000b6
:104c80002e0100a69f1d8f1d0172000019000088d3
:104c9000c262fed48b040582a251fed43900008882
:104ca00062e2fed48afeffaef5230000635b018062
:104cb0003b0010fc3900408889e2318889412d8908
:104cc0004901008862c5ffd4cafdffae8f74f81f8a
:104cd000f91ffa1ffb1ffc1ffd1ffe1fe003000052
:104ce000823302d4080019a4d9030000424802d438
:104cf000f1e30f8fa2b402d40300008c061012f56a
:104d00000942008862a202d40ffef0fd29620288e7
:104d1000c21fffd4a2ab02d4b103a003c2b702d416
:104d2000121029f58004fae5c004fbe783c289f775
:104d300009390000aa0000a6090020880900c088df
:104d400009009088400312e52a0500aec9030e034e
:104d5000c25cfed409420088825ffed410030000ca
:104d6000c3710482e251fed41a03000053f7048297
:104d70008251fed419030000131205822251fed481
:104d80001c0300004b120582c250fed409000088ab
:104d90000bfe1ffc0e0010c5aa0000a6320388e51a
:104da000460980c5460000ae9c6b903d1fc010f8c0
:104db0001a0080e900440000a2d9fed4080008824d
:104dc000ef1ddf1dcf1dbf1daf1d9f1d8f1d8f76da
:104dd00001720000f1e33f8fc024f0ec1a0000a63e
:104de0001c74127420740000210010b8fafaffae8f
:104df000823d0000e2feffaef1e33f8fc024f0ec05
:104e0000fefeffa619740000bafeffae8a0800d4a9
:104e1000f81ff91f802690267900008862cafed408
:104e200003200080424004d419000088e2f4ffd43b
:104e3000228bffd49003000081841e800500008037
:104e40004216ffd4828affd4800300002900008824
:104e5000c254fed453000582a243fed419030000bd
:104e6000a3000582424efed418030000d300058241
:104e7000e24dfed4983d000022c000f11f0010f862
:104e800062d3fed43900008802f2ffd4010000880a
:104e900047fbf0fce22502d48003000009000088f3
:104ea000b0090000094200886254fed489a21f8f15
:104eb0001f610000629affd408009082496108894e
:104ec0004212ffd40e0090c58e0200a64900008851
:104ed000c250fed4094200888253fed41003000061
:104ee000fb000582e245fed409210088e252fed48f
:104ef00010030000230105824245fed443fb1ffc42
:104f0000abff0482e244fed46bff0482023efed477
:104f100019000088c2cefed46a0a00ae42012fe515
:104f20000300008409420088a264ffd40e0000c57b
:104f3000cafcffa68861b00d000290e5c2a602d4ab
:104f4000b10d0000400031e1c9a22f8f2f6119037c
:104f500003610000a262fed442012fe50300008439
:104f600009210088c262ffd40e0000c5eafaffa63c
:104f7000b00d806502a502d4b10d0000400031e102
:104f800046012fe5180303610261fed44900008841
:104f9000c24afed409420088824dfed410030000ac
:104fa000fb000582e23ffed409210088e24cfed4da
:104fb0001003000023010582423ffed443fb1ffc87
:104fc000abff0482e23efed411fe8f8421fe9f845b
:104fd000029410800100008205e30182060412841d
:104fe00011ff8f8421ff1f84021410800604108497
:104ff000492210880290008643010582e244fed4d3
:105000004922108802800086630105826244fed432
:10501000660100868a04008a020300ba0a9410849a
:1050200089e2118802800086230005826243fed453
:10503000410ad782f5e30182190000880a04008a38
:10504000020100ba07000080e17a148205000282a2
:105050000a04008a220000b8030000801a0000d170
:10506000007f000042c4fed403200080022e04d43e
:10507000902e802e9f1d8f1d0372017289e2118870
:1050800066010086230005828240fed41900008854
:105090008afeffae0601ffe1f81ff91ffa1ffb1f92
:1050a000fc1ffd1ffe1f8003c1039203e3030000ea
:1050b000021502d408001da400020c950120bc803a
:1050c000e543a0809f7200000700a0eaba03000039
:1050d00001000088c7fcf0fc1c030803a23702d4bf
:1050e00086021fe50a030000c288ffd40ffef0fd10
:1050f00049610889a200ffd409030000629502d427
:10510000a0030000429802d470090000422702d494
:105110000e030000a23efed4e30b0582822dfed4d6
:10512000a900108818151c611b0c0582a233fed43f
:10513000190300002b0c05824233fed431dd24809c
:1051400065800080c012009761220000530c058228
:105150008232fed41a03000043f704822232fed4c6
:10516000710d000040030995421b07d41003000095
:10517000830c05826231fed4c3fc1ffcabff0482aa
:105180000231fed40bfe0ffc0e0000c54a0000a643
:105190000a3900000a0100a61900008882bafed46c
:1051a000ef1ddf1dcf1dbf1daf1d9f1d8f1d0000fb
:1051b0000601ffe501720000e29202d446022fe5eb
:1051c0001d030000224ffed446020fe522a5fed4a7
:1051d0000b030000622604d450740000d1cccc80b4
:1051e000c56016800010019731220000f3ff048291
:1051f000822dfed446020fe522a0fed4390020887d
:10520000190010880e0000c5430002f702b7fed453
:105210006afcffaec600ffe1f81ff91ffa1ffb1f73
:10522000fc1ffd1ffe1f000089000088e2a9fed4bc
:10523000b38404ba0900b088aa0000ae8a650000f1
:105240004a0400ae42b5fed43b390000ca0500a6b0
:1052500000608e82d87e0d03422802d4c003000075
:1052600059000088e2e502d4a003287e121022f53e
:1052700001009480558303807900108842c2fdd4d8
:105280009103800380091b740b030000e232fed4fb
:105290001d030000b3f804824228fed41c03000062
:1052a00043f70482e227fed41a030000f3f80482d5
:1052b0008227fed418030000231105822227fed482
:1052c000800da03da2fbffae800288e5190000889a
:1052d0000c3900006efbffa60a3900002afbffa66e
:1052e000820d0000f151b880e58132808010039773
:1052f000480050a2083d000007000080260000aad8
:1053000003000080eaf9ffae49220088a22202d4fd
:1053100001000088e7fcf0fc46021fe50120a180a7
:1053200075000080e276ffd4621602d4225004d4c5
:1053300022c902d45900008842df02d4d003000001
:10534000e2c802d4c25004d4823904d401000088d7
:10535000c28102d449000088a24802d4c0030000e0
:10536000a28502d4b0039003090080880900a088b8
:105370002a0000ae18742974c2fe01d41024083d1e
:10538000820000ae002009b84affffa61a74000090
:105390000affffaee2fd01d4080011a406022fe5ca
:1053a0000b0300002240fed449000088e229fed40d
:1053b00023f90482c218fed41d03000063f904829d
:1053c000021ffed41c0300007bf90482a21efed43f
:1053d0001a030000a3f90482421efed4a10c0000af
:1053e000e3f90482e21dfed43900008802a8fed44d
:1053f000590030881900208813030303a2e4ffd466
:105400006900308849222088590010885900008896
:1054100002e4ffd479003088190020881900108830
:105420005900008862e3ffd489003088492220882f
:105430001900108859000088c2e2ffd419001088b2
:1054400059000088621c02d483000080823404d496
:1054500003200080c20e04d4ef1ddf1dcf1dbf1d31
:10546000af1d9f1d8f1d0000c600ffe501720000eb
:10547000220c02d4c29405d403000080029505d406
:105480000300008408000182c23e04d4cd0a04a7b0
:10549000e20d04d47900008822c002d40300008801
:1054a000170000840f000080a22902d47900108820
:1054b00079000088e21802d4e22602d401720000ca
:1054c000150b0490120021e1190b0494f60f10c57e
:1054d000660000ae11610000134f018c401c308249
:1054e000c90a04a91e0000a6017202036228fed4a4
:1054f000620a04d48affffae090a04a92e0000a69e
:1055000001720000226c02d422fbffd40d0a04a712
:105510006affffae1e72f81ff91ffa1ffb1ffc1f68
:105520008003910382feffd4b35b018001001088e9
:10553000a900208800040182170001fc270001fc5b
:10554000370001fc8074000041ff2fb80300008089
:10555000c10b049cd10b049ce10b049c0f5b0194d8
:10556000375b0190875b018c5f5b0188a900108825
:1055700008145083081440830814308308142083cf
:1055800061ff1fb8050e04af1d0a04a701000080cb
:1055900085e30180d10e049409000088910b0494e6
:1055a0006109008005000080910e049401809680be
:1055b00085410080110f049407000080f10b049cca
:1055c00003c20482a2aafed409000088e28cfed4a1
:1055d0008293fed40800a0829900008899390000c7
:1055e00003c099f7893d0000c60800aefbc304b2b2
:1055f00063c304ae2a0100ae510c04960900008872
:105600004217fed40b0300002206fed429000088b6
:10561000e296fed41874893d460700ae0e00a0c580
:105620008e0000a6083900006efeffa6a2c0fed4c0
:105630000affffaef90b04a9ce0100a6283900002d
:10564000820100ae883900004e0000a622deffd4a1
:105650000afeffae510c0496090000886214fed4c5
:105660000c0300004203fed4290000880294fed4fb
:105670000afdffae483900008a0300a64839000041
:10568000460100ae183900008a0200a60839000061
:10569000cafcffa6283900004a0200a638390000db
:1056a0008e0100a6a22fffd44afbffae683900008e
:1056b0004a0200a668390000c60100aa7839000035
:1056c0004e0000a622baffd44afaffae8839000085
:1056d000cafbffa662a8ffd4caf9ffae82d2fed4ed
:1056e0008af9ffae82ebfed44af9ffaea253ffd493
:1056f0000af9ffae026fffd4caf8ffaee29dffd4f5
:105700008af8ffaea0100000510c0494a2a0fed4b1
:10571000e2eaffd4c51204a79bc40482e29ffed430
:10572000cf1dbf1daf1d9f1d8f1d03720172000095
:10573000f81ff91ffa1ffb1fa0039103c2edffd44e
:10574000b35b018001001088470201fc570201fc95
:10575000670201fc770201fc990000886280fed498
:105760000287fed40e0000c54a0700a6110f049060
:1057700031dd24806580108000100197480060a210
:10578000880211a201619f7207000aea490080881d
:1057900040390000032088f7093900000a0700a6f5
:1057a00006e190c5860600aec60390c5e20600aecf
:1057b00089e201880915000091888880854014805d
:1057c0000010019748005ba219000088e208fed48f
:1057d0001a0300008311058242fefdd41803000065
:1057e000b3110582e2fdfdd408030000e20afed4f5
:1057f00010030000c371048242fdfdd419030000b0
:10580000f3110582e2fcfdd4390000880287fed442
:1058100003200080c2f003d489e22188291500000a
:1058200007000094290040883b0300000300008427
:1058300008030000e269ffd4a2e1ffd4c51204a767
:105840009bc40482a296fed4bf1daf1d9f1d8f1d59
:1058500001720000090000888204fed463c3048240
:1058600062f3fdd4190000882284fed402e0ffd444
:10587000c51204a78afeffae090197888af9ffae18
:10588000a900908889e2b188eaf9ffae89e2b1887f
:10589000aaf9ffae1e72f81ff91ffa1ffb1ffc1fab
:1058a000fd1f90030800a1820800b2820800c38295
:1058b0000800d48202e2ffd4030000a009390000ee
:1058c000ea0000a61a000ae44e0000c5860000aef9
:1058d000fe00b0c5460000aefe01c0c5a20000ae8d
:1058e00008000882df1dcf1dbf1daf1d9f1d8f1d2e
:1058f000037201720180968085410080110f04942b
:10590000690e049e5d0e049e210a049f450e049fad
:105910008279fed40800808217000080610e049c0a
:105920000f000080510e049c2d0a04a70700008080
:10593000410e049c0e0080c5ea0300a60903000086
:105940008276fed4900300000100208827fff2fc3d
:105950000e00d0c54e0300a64961088962bdfed481
:105960000300008c061012f509030000223f02d448
:10597000080080820e0000c5aa0200a60700008071
:10598000010a049cd509049623ff0ffc81090494a5
:10599000090000885109049411090494d108049461
:1059a00091080494061000f503020188201f0000ee
:1059b000000821834af9ffaea2d5ffd40af9ffae51
:1059c000a2fbfdd4c2011fe5c241ffd44afcffaed9
:1059d000e2d4ffd44af8ffae070000900300008c29
:1059e0000f0000881700008442f5ffd40172000008
:1059f000010a049801720000f81ff91ffa1ffb1f2b
:105a0000fc1ffd1f80030000050a049a0e0090c5cc
:105a1000ae0000a608000982df1dcf1dbf1daf1d0f
:105a20009f1d8f1d01720000024602d40800908263
:105a30000e0000c58a0500a602fa01d4170080fdf9
:105a400082c801d4270080fd1300a8fd424e02d475
:105a5000800200e510200000370080fdd10904908d
:105a600042f7fdd40004808395070493d106049384
:105a70009d060492d9070492c23e02d4310320034a
:105a800053020180402310e5470081fd430201805d
:105a9000002310e5570081fd33020180c02210e58c
:105aa000670081fd23020180802210e5770081fddf
:105ab00003020184802001e5870080fd55090497d9
:105ac00011090497dd08049699080496121f000036
:105ad0000008138381090490270180fce29c02d412
:105ae000a70080fd6af9ffae62d0ffd42af9ffaead
:105af000f81f0000010a049a0e0080c54e0000a69f
:105b0000080008828f1d0172a24102d40800808221
:105b10000e0000c54effffa6e2ceffd40affffae87
:105b2000f81ff91ffa1fa00391038203010a0498ca
:105b30000e0000c54e0000a6af1d9f1d8f1d0172f7
:105b4000d109049022f0fdd40004a083223802d4ad
:105b5000901f000000089183c2bf01d49003000091
:105b6000d10904904012009701c2eb80b50020805b
:105b7000400032950010029713610000c3030188b2
:105b8000123022f5027afdd440030000d9000490bf
:105b9000023900008a0000a619010490d500049182
:105ba0009f720000070025ea09003088243d0000ac
:105bb000820000aa000022e542249f72070029ea21
:105bc0003203000000048383a23002d44afbffaefc
:105bd00009001088157401943d7401c2e7ffff8b22
:105be0003d7421e9c3ffff8b0d7421e93fffff8b5b
:105bf0002d7421e991740194557401941d7401c3ad
:105c0000057401c3017401c30172000001d4308026
:105c100005001080417401983f04e0f80e0000c5b3
:105c20002e0000a661ff1fb80172000001390000bc
:105c30002a0200a6697401988f0442f80e0020c55c
:105c4000ce0100a6120030e5200040fb1b5d009451
:105c5000c00004e100a023ff19750194210010b8d1
:105c60009a0000ae002025ff8f0442f80e0020c5e8
:105c7000eafeffa6017201720103017209000088a9
:105c8000017200003e72f81ff91ffa1ffb1f00008f
:105c9000d2013fe5c2012fe52000b2fbd1cccc8080
:105ca000c560a680a90090882a0000ae14030000f9
:105cb000c0005be140106a97c80134a20001299539
:105cc000400022e50a1732e191390000e6feffaefe
:105cd00005390000ee0000a8c2014fe5400124e1b3
:105ce000120030e5800014e508943283c1ff1fb82c
:105cf000056100000d040088bf1daf1d9f1d8f1d95
:105d0000037201720d070088220050e1e301008850
:105d10001f0002fdc9014088c322039a8900308810
:105d2000440042abf20022e988ec5683447600003e
:105d300061ff3fb803000084af0001fda074017251
:105d4000082021820e0020c58a0000a6080c0283cc
:105d500008a021820e0020c58effffa60d0400883a
:105d600001720000f81f00001b5d00a0002008ff6a
:105d70001f0010f80e0000c5ae0000a6d1740190ff
:105d80003e0000c52effffa662f202d4eafeffae7f
:105d90008f1d0172f81ff91ffa1ffb1fa00391034b
:105da00082030000a2de01d4b003000022ad01d4c2
:105db00000390000ba0200a64b030000000060e1b9
:105dc0006b6100000900508809002088f1ff0f80f6
:105dd0000500308000601482313d000043c033f77d
:105de000213d0000832021f75161463d2effffa693
:105df0000004a3830004928325039f72070020ea16
:105e000000048283bf1daf1d9f1d8f1d01725003b3
:105e100020030000f1ff0f80050030808afeffaef6
:105e2000f81ff91ffa1ffb1ffc1ffd1f8003a103b2
:105e3000c203000002be01d4e2da01d4dd070492fd
:105e4000b861000002b306d4d0030000c2b801d488
:105e500001407880d5a38080ea0000ae42e101d401
:105e6000c2c401d4080090820e0000c54e0100a6f5
:105e7000210080b86a0100aec107b4ab620100aa7c
:105e80001a390000aafeffa62a3900008efeffa6de
:105e9000517401904afeffaee2ba01d4030000a49f
:105ea000ca0000ae82ba01d48a0000aec2af06d4e6
:105eb0000004cde502ba01d4070000a4080009825d
:105ec000df1dcf1dbf1daf1d9f1d8f1d0172000067
:105ed00002c002d4b3160582c2bf02d40172000010
:105ee000e315058242ffffd402e9ffd4030000fa64
:105ef00001720000d3020482a2feffd4d303048205
:105f000062feffd4e304048222feffd4f305048280
:105f1000e2fdffd413070482a2fdffd433080482fc
:105f200062fdffd44309048222fdffd4330a0482b8
:105f3000e2fcffd4630b0482a2fcffd4930c048226
:105f400062fcffd4b30d048222fcffd40172000076
:105f500022d201d493140582a2fbffd40172000067
:105f60004e72f81f8003000042010fe5a2e8ffd443
:105f7000b316058642eeffd408030000a2ba02d48d
:105f8000c316058262ba02d442010fe522ba02d4d6
:105f90008f1d0372017200003e72000042002fe567
:105fa00082001fe5c2000fe542efffd41506049002
:105fb0008313058242fdffd4d10d0000a313058297
:105fc000e2fcffd4e10d0000b313058282fcffd494
:105fd000f10d0000c313058222fcffd4e10dd00daa
:105fe00010650000e3130582a2fbffd40372017267
:105ff000a2ab01d4190010883316058202fbffd42e
:1060000001720000f81f80035316058222b602d4e5
:1060100008030000c2f5ffd482d802d48f1d01729c
:10602000f81ff91ffa1ffb1f429901d480030000db
:10603000a2a306d4b0030000421e02d4a0030000b5
:1060400022a306d49003000062ad01d40a390000f7
:10605000ce0400a688619b651803000093c80482e3
:10606000e2f7ffd401c2eb80b50020800900308840
:1060700001a0ac8095c30180401200974252fdd42c
:1060800010030000b3c80482a2f6ffd4190308036a
:1060900002a206d410030000dbc8048202f6ffd47b
:1060a00009000088a2bf01d41003000013c90482b4
:1060b00062f5ffd49507049053c9048202f5ffd41a
:1060c00082b401d4107f0000c3c9048282f4ffd4db
:1060d000a2b803d4107f0000dbc9048202f4ffd40d
:1060e000bf1daf1d9f1d8f1d0172000062b001d446
:1060f00063c7048a5bc804860e0000c5430002f72c
:1061000062eeffd422d102d4aafeffae1e72f81fa7
:10611000f91ffa1f81039203a30300000300008408
:106120004824f0ed8e0000a608000182af1d9f1ddf
:106130008f1d0372017200000900208802011fe513
:106140002269fdd4c20d0000030000844824f2ed52
:10615000aefeffa6083d000066feffaa093d000056
:1061600026feffae0004a08307000084cafdffae38
:106170002e72f81ff91f80039103000009000088a8
:10618000c009d00928390000ca0000a6383900002b
:10619000ea0200a6320008e510390000c60300ae8e
:1061a0000a0300ae130081fd731505860803000085
:1061b000a25cfdd4003900004a0100a602013fe5bf
:1061c000990020880900108808030000e2f9ffd434
:1061d0000e0000c50a0200a6c10d0103a299ffd45a
:1061e000ea0100ae990010884299ffd48a0100aefe
:1061f00083150586130009fd625afdd4003900009d
:106200002a0100a6a3150586130009fdc259fdd475
:1062100000390000ea0100a6f31f038222efffd439
:106220009f1d8f1d0372017202013fe599002088b6
:1062300009001088230009fd82f6ffd40e0000c576
:106240000afeffa699001088c00d00002296ffd418
:106250006afeffae02013fe501c40980050020800f
:1062600019001088230009fd02f5ffd40e0000c5b7
:106270002afdffa6a9001088383900006e0000a68c
:10628000c00d000042a5ffd4aafcffaec2003fe54e
:106290000901278819001088330009fd62f3ffd433
:1062a0000e0000c58afbffa6d10d00008afeffaede
:1062b0002e72f81f81033039ee0000a6c2003fe5c0
:1062c0007900208819001088130008fde2f1ffd43e
:1062d0000e0000c58e0000a623b0048222e9ffd480
:1062e0008f1d03720172000082003fe57900208853
:1062f00019001088230008fd82f0ffd40e0000c5ad
:10630000aafeffa6e10dd00d42a601d48003000035
:10631000a27c02d410030000a3b2048202e2ffd4e4
:10632000827c02d410030000d3b2048282e1ffd445
:10633000627c02d41003000003b3048202e1ffd4a4
:1063400009000088a2aa01d41003000013c9048226
:1063500062e0ffd408030000424302d482dbffd492
:1063600008390000cafbffa602be02d48afbffaeba
:10637000c601ffe1f81ff91ffa1ffb1ffc1ffd1fdd
:10638000fe1f8003b1030000427e01d4080019a45f
:10639000a9030000092000883008000009000088d7
:1063a00040083839420300a818390000220200a82a
:1063b00038390000ca0300a6410c320c800001e10c
:1063c0000a3d0000220000ae91653908420202d465
:1063d000b003300c00390000ea0100a609009088e3
:1063e000d1cccc80c560d680f151b880e581e28007
:1063f0004a0400ae46033fe5290300001900108857
:1064000013000bfd22e8ffd40e0000c50efdffa611
:106410008301058262dfffd4ef1ddf1dcf1dbf1d8d
:10642000af1d9f1d8f1d0000c601ffe5017200001a
:10643000120029e506033fe50900108823000bfd43
:1064400042e6ffd40e0000c56efbffa60afeffaebb
:1064500076020fe5b316058622c7ffd4c6020fe504
:10646000829302d4e2bb02d40e0000c54efdffa60b
:106470008974300c093d0000e2fcffae410c0000c5
:10648000400009e100102d97c80031a2a900308812
:1064900040002395000022e50a0322e07ff9f2fd87
:1064a00040104d97480132a2231512650a0311e0ee
:1064b0006ff9f1fd00104e97480152a280104d97e0
:1064c000480131a2131521650a0322e05ff9f2fdac
:1064d00031dd24806580408000104497480161a22e
:1064e00040104d97480132a2321513650a0311e09e
:1064f0004ff9f1fdeb0000848ff9f1fd320c293ddd
:1065000062faffae830000849ff9f1fd0061000094
:1065100000e00b821002000066020fe522bbffd4f0
:1065200019008088830000b07900a088000219e17a
:10653000320c213de2f8ffae080c0c83420c000047
:10654000800019e11861116140e01b821102000016
:1065500082b9ffd41874000081feafb8aaf7ffae6d
:106560002e72f81f4103000009001088d109e109cb
:10657000203900000e0100a6c2003fe501c40980d9
:106580000500208009c21788130004fde2dbffd458
:106590000e0000c58e0000a633d4048222d3ffd49f
:1065a0008f1d03720172000082001fe5d00d0000f4
:1065b000e29301d48003d10d93d5048202cdffd4a0
:1065c000e10d0000d3d50482a2ccffd4025102d445
:1065d0001003000003d6048222ccffd4426602d40a
:1065e0001003000033d60482a2cbffd4226602d46b
:1065f000100300006bd6048222cbffd4026602d4c3
:106600001003000003b30482a2caffd408030000f1
:10661000822d02d4c2c5ffd4083900000afcffa6af
:1066200042a802d4cafbffae1e724103203900000b
:10663000ee0000a642003fe5f9002088090010881e
:10664000130004fd22d6ffd40e0000c56e0000a684
:106650002307058262cdffd403720172e28701d461
:1066600008001082cbff0ffc028501d4f10d000061
:10667000c3c9048242c7ffd4eafeffae1e72f81ff0
:1066800041032039ee0000a682003fe5f901208891
:1066900009001088130004fd82d3ffd40e0000c54a
:1066a0007e0000a6e3fd0482c2caffd48f1d0372e0
:1066b0000172e80de28401d408001882628201d4dc
:1066c000e10d00000bff0482a2c4ffd4eafeffae7e
:1066d0004e72f81ff91f80039103000009800088a3
:1066e000b009000009800788c009000089000088ff
:1066f000d0092839ce0100a882013fe52900208871
:1067000019001088130009fd02d0ffd40e0000c547
:10671000ea0000a6230009fdbf0100844824f0ed33
:10672000ea0000a6537a0482c2c6ffd44a0000ae33
:10673000d378048262c6ffd49f1d8f1d037201723d
:106740001b0000fc6e0600c5ea0400a6ee0600c5ac
:106750008efeffa66839000042feffa8383900000f
:10676000220500a848390000e20500a868390000a9
:10677000aa0600a6c20db10d213d000022fdffae0c
:10678000a3ff3ffc8bfe0ffc824a03d40e0000c522
:10679000aa0600a6a10d0000337a048202beffd42f
:1067a0008bfe0ffc026703d422b9ffd4b10d0000a9
:1067b000337d048242bdffd4c10d0000437d0482bd
:1067c000e2bcffd4d10d0000637d048282bcffd403
:1067d0008bfe0ffc226803d410030000837d04822b
:1067e000e2bbffd48afaffae8bfe0ffc425703d404
:1067f000a10d0000337a048222bbffd4437a0482c5
:1068000062b6ffd48af9ffae42013fe5f9e327887b
:1068100009001088330009fd82c7ffd40e0000c5af
:106820000efaffa6eaf7ffae02013fe5f9e327887b
:1068300009001088430009fd82c6ffd40e0000c580
:106840004ef9ffa6eaf6ffaec2003fe5f9632088e5
:1068500019001088530009fd82c5ffd40e0000c541
:106860008ef8ffa6eaf5ffae937b048202b3ffd455
:10687000c29502d40af6ffae1e7241031039000021
:106880008a0100a620390000ee0000a642003fe584
:106890000900228809011088130004fd62c3ffd497
:1068a0000e0000c56e0100a673ca0482a2baffd40e
:1068b00003720172e25401d41003000003ca04827f
:1068c000e2b4ffd40900128853ca048282b4ffd410
:1068d000eafeffaef00d0000826d01d40e0000c58f
:1068e000aa0000a6625301d41003000003ca048268
:1068f00062b3ffd4cafdffaecbcb048282aeffd41d
:10690000429102d44afdffae2e72f81ff91f800398
:106910009103000059000088d0090000220008e51a
:1069200010390000c60300ae02013fe5590020887f
:1069300019001088130009fd82beffd40e0000c5a7
:10694000ea0200a638390000ca0100a6627001d42c
:10695000080020824bff1ffc0bff0ffc028401d4b8
:106960000e0000c54a0200a6c10d00000b060582fc
:1069700062afffd4d10d0000c3c9048202afffd4bf
:106980002a0100aec2003fe5f90020880900108806
:10699000230009fda2bbffd40e0000c56efdffa6bb
:1069a00003050582e2b2ffd49f1d8f1d03720172a1
:1069b000c28b02d48affffae1e72f81f410320393a
:1069c000ee0000a682003fe589e221884922108876
:1069d000130004fda2b9ffd40e0000c57e0000a67e
:1069e00073b90482e2b0ffd48f1d03720172e00d0f
:1069f000826b01d48003e10dd3bb048202abffd4d0
:106a0000427401d41003000013bc048282aaffd494
:106a1000624502d41003000003b3048202aaffd42b
:106a2000e00d0000a27301d41003000013c904821a
:106a300062a9ffd408030000420c02d482a4ffd450
:106a4000083900000afdffa6028702d4cafcffae87
:106a50001e72f81f09000088e009000082000fe59f
:106a6000e28701d48003e10da3cc048282a7ffd486
:106a7000083900000a0100a6683900004a0100a692
:106a8000783900006a0100a67bce048202a2ffd4fe
:106a9000c28402d44a0000aedbcc048282a1ffd4bf
:106aa0008f1d03720172000043cd048202a1ffd446
:106ab000eafeffaef3cd0482a2a0ffd48afeffaeb1
:106ac000f81f20390e0200a6130081fdf30a058687
:106ad000080300008213fdd400390000aa0100a6bb
:106ae000437a048608030000e212fdd40039000056
:106af000aa0100a6530b0586080300004212fdd42c
:106b0000003900008a0100a69b0b0582a2a7ffd4d2
:106b10008f1d017207000080a28406d4030b05823a
:106b2000629dffd44affffae228406d4230b058268
:106b3000e29cffd4cafeffae0b000080828306d425
:106b4000730b0582429cffd42afeffae025501d48e
:106b5000090010883316058222a0ffd401720000bc
:106b6000c29204d401720000425c01d4107f000084
:106b700033160582429fffd4625301d4107f000078
:106b8000d3a20482c29effd4d5070490f3a204824c
:106b9000629effd49507049013a30482029effd443
:106ba000d506049033a30482a29dffd495060490d9
:106bb00053a30482429dffd49504049073a30482de
:106bc000e29cffd4d507049093a30482829cffd457
:106bd0005505049003a40482229cffd4150504905b
:106be00033a40482c29bffd4d504049063a404821e
:106bf000629bffd45507049093a40482029bffd4a8
:106c000015070490c3a40482a29affd4225a01d487
:106c1000107f0000c3c90482229affd4e25901d434
:106c2000107f00000bff0482a299ffd4e26201d41e
:106c300010030000e3a404822299ffd4a26201d4cd
:106c40001003000053a50482a298ffd4e26101d48e
:106c5000426201d41003000013c904820298ffd4d9
:106c6000e23202d41003000003b304828297ffd4ff
:106c70004106049010020000a3a504820297ffd4ed
:106c8000d5050490a3cc0482a296ffd415140490d9
:106c9000c3a504824296ffd415120490eba504828a
:106ca000e295ffd44511049813a604828295ffd47f
:106cb000d511049033a604822295ffd49511049037
:106cc0004ba60482c294ffd401720000427f04d418
:106cd00033f10482c28fffd4d3f10482828fffd4b8
:106ce00001720000082040820e0040c5ea0100a6a3
:106cf0001b5d008caa0000ae447f00001175019559
:106d000008a040820e0040c50a0100a601d43080d0
:106d100005002080002013ff4f0441f80e0010c52d
:106d2000aafeffa661ff2fb86afeffae0172000047
:106d3000452900c0452400c21d2d03c0cb000080a2
:106d4000a130039c113c0398510100ca0d0060ca98
:106d5000113c039c1d2d03c2390200888273ffd4ad
:106d6000b30f0582e2fbffd4017200004222f0c1a2
:106d7000f81ff91ffa1ffb1ffc1ffd1ffe1f00005d
:106d800087fef0fca10300001bfdbffc0bfd0ffc08
:106d9000c07f1b030c030000c25101d490030039d3
:106da000ee0200a6622d01d480030000a900008835
:106db000c2af01d400390000ea0400a6590900005e
:106dc000a24101d4e2b101d4003900002a0500a695
:106dd00089090000024101d40900008847f7f0fd4d
:106de00057f7f0fd67f7f0fd49e0ee8fef6189039b
:106df00079096909df0300004222d0c5ea0400ae28
:106e0000939b0486f9830f8f0f6100008279ffd472
:106e10001c0300006273ffd4fd0e00881b030000fa
:106e20000273ffd4c39b0486a278ffd480030903b6
:106e300082ec01d4100308032278ffd4b316058630
:106e4000e277ffd4f9830f8f0f610000a2f4ffd423
:106e5000030000800a1300aea2ad01d410030000ad
:106e60004901008808150000423306d4500900008b
:106e70006afaffaec2ac01d410030000000208e1c0
:106e8000823206d4800900004afaffaed10604908f
:106e9000600900009506049071091874080222a484
:106ea00009e11e8f1f61216118030a03827bffd451
:106eb000081ed083e3010188002ce283183900000a
:106ec0004afeffa6120008e1203900005efeffa87e
:106ed000cbdd2ffc0e0020c52e0500a6939b04865b
:106ee0000f030000122200c5a272ffd41c03000091
:106ef000826cffd4fd0e00881b030000226cffd4bf
:106f0000339c0486c271ffd480030000821d02d42a
:106f100010030803626bffd4739c04860271ffd4d4
:106f20008003000009000088824b01d4100308038d
:106f3000826affd4a39c04862270ffd4810d0000d6
:106f4000026affd4d39c0486a26fffd4510d0000c7
:106f50008269ffd4fb9c0486226fffd419030000d2
:106f60000269ffd4239d0486a26effd409008088a5
:106f70009f030000422290c5bf0000a8aa0100aef6
:106f800043f78ffd621e01d418030a15222a06d486
:106f9000900300002afaffae939d0486026dffd491
:106fa000187438398a0100a6083900002a0000a6a2
:106fb000080c0a8348e218820e0010c5cafeffa61c
:106fc000080221a449e02e8f2f6112610020118355
:106fd0008265ffd44afeffaeb39d0486026bffd4e8
:106fe000610d0000e264ffd4d39d0486826affd461
:106ff000710d00006264ffd4b3160586026affd4e7
:107000000f030000122200c5c2e6ffd4fb9d0486d8
:10701000f9420f8f0f6100002269ffd455050490db
:107020000263ffd4439e0486a268ffd41505049032
:107030008262ffd4639e04862268ffd4d504049044
:107040000262ffd4839e0486a267ffd49504049055
:107050008261ffd4ab9e04862267ffd4150504909d
:10706000d904049012610000c260ffd4e39e04863c
:107070006266ffd4b31605862266ffd4f9420f8fed
:107080000f610000e2e2ffd409000088dbdd1ffc95
:107090000e0010c5ea0000a6620d710d800001eb24
:1070a00023f72ffd000012eb09000088103d0000bf
:1070b0001fc010f81a0000e9ef1ddf1dcf1dbf1d16
:1070c000af1d9f1d8f1d00004222f0c50172000000
:1070d000020cf0c1f81ff91ffa1ffb1ffc1ffd1f58
:1070e000fe1fb103c2039303033900002a0000a668
:1070f000090430881b030000c26301d40800a08289
:107100000e0000c5ee0000a608000a82ef1ddf1d7c
:10711000cf1dbf1daf1d9f1d8f1d0000020cf0c5b0
:1071200001720000822601d4624301d4d107049287
:107130008c610000821b06d4d0030000422101d4e0
:1071400001407880d5a3e080c10784aba20000aaeb
:10715000a24901d4222d01d40e0000c52e0000a6a4
:1071600021ffefb8021a06d40000dde59907049369
:10717000d106049080090000910604907009000077
:10718000d107049060090000622301d4220e01d4cb
:107190001d030c15e21906d4c00309392a0000a604
:1071a000000490838b8e048689820f8f0f6100000c
:1071b000625cffd41b0300004256ffd4e38e0486ba
:1071c000e25bffd41c030000c255ffd4338f04865a
:1071d000625bffd41e0300004255ffd4b39d0486ba
:1071e000e25affd4810d0000c254ffd4d39d04861f
:1071f000625affd4710d00004254ffd4b3160586c5
:10720000e259ffd489820f8f0f610000a2d6ffd40c
:10721000600d803d660100ae800de06b700de06b8f
:10722000030000800e3900008b02a0f6e38c048678
:10723000c38d04820e390000430000f722d5ffd42d
:107240002af6ffaea22501d4238b048a038c048680
:107250000e0000c5430002f742d4ffd4030000a88b
:107260002af5ffae224dffd401720000e24cffd49c
:10727000452900c0452400c21d2d03c0cb0000805d
:10728000a130039c113c0398510100ca0d0060ca53
:10729000113c039c1d2d03c2229f01d449a22188c9
:1072a000390210880e0000c5430002f70249ffd4de
:1072b00001720000f81f0000229e01d449a28188bb
:1072c000390210880e0000c5430088f7817481ab35
:1072d0002e0000a68f1d01728249ffd40803000012
:1072e0006247ffd46affffaef81ff91ffa1ffb1faa
:1072f000b0039103013900008a0200a609008088ca
:107300001b5d00a82a0100aec252ffd4a24602d4df
:107310000e0000c56a0000a60803bf1daf1d9f1d1b
:107320008f1d0172893d000062ffffaa00200aff45
:107330000f0440f80e0000c56efeffa608e20b82a7
:107340001175019418740000cafeffae810300009d
:107350002afeffae0211f0c1f81ff91ffa1ffb1f32
:10736000fc1ffd1ffe1f000089610f8f0f610000d1
:107370002234ffd40800808283ef04860f030000cc
:10738000c20f00c5c24dffd40e0080c54a1100a631
:1073900083fb1ffd6247ffd4a3ef0486024dffd499
:1073a00093fb1ffde246ffd4c3ef0486824cffd45b
:1073b00063fb1ffd6246ffd4e3ef0486024cffd45b
:1073c000a3fb1ffde245ffd403f00486824bffd4ec
:1073d000b3fb1ffd6245ffd423f00486024bffd4ac
:1073e000c3fb1ffde244ffd453f00486824affd45e
:1073f000d3fb1ffd6244ffd483f00486024affd40e
:10740000e3fb1ffde243ffd4a3f004868249ffd4cf
:10741000e3f71ffc6243ffd4bbf004860249ffd4ac
:1074200003fc1ffde242ffd4b31605868248ffd459
:107430000f030000c20f00c5c21402d483fbbffdbe
:10744000090090880900d088f1e3cf8fb93d000092
:107450006a0000a6c603afe5ea0300000a0200ae18
:10746000db030000f1e3cf8fea0500ae092020889e
:107470001e030c02423406d4c0020000092010880a
:107480000e03000002f3ffd4d0610000a23a02d440
:107490000e0000c58e0400a6b93d0000420400aef7
:1074a000b93d0000c20200ae400239e1c9610f8f50
:1074b0000f610000c02030e1002003820804a08397
:1074c0000f08b0f81f00a0fd197400002900808883
:1074d000f9011088b93d00004a0100a619740000a6
:1074e00000e20382881e808328740000800228e165
:1074f0000f08b0f8ffff20fdc1fe1fb86afbffae0a
:107500000900808828030000c6031fe50c02000064
:10751000622f06d4c0021803c6030fe542eeffd463
:10752000d0610000e23502d4dbf00486c2030fe52f
:107530006240ffd440030000c9003088cc7e0000c8
:1075400049002088aa0000ae7a0311e0080c4183ac
:1075500043760000210020b8ca0000ae040331ab1e
:10756000f20011e991390000e6feffae0a0311e0d6
:10757000cafeffaeb316058640740000023effd47b
:10758000c2030fe5620a02d4222bffd4bb61bd3dca
:107590004e0000a60e0000c52e0000a6622c02d4ec
:1075a000ef1ddf1dcf1dbf1daf1d9f1d8f1d0000d7
:1075b0000211f0c501720000090010882236ffd4c4
:1075c000a3ef0486c23bffd409001088a235ffd484
:1075d000c3ef0486423bffd4090010882235ffd454
:1075e000e3ef0486c23affd409001088a234ffd426
:1075f00003f00486423affd4090010882234ffd4f5
:1076000023f00486c239ffd409001088a233ffd4c6
:1076100053f004864239ffd4090010882233ffd486
:1076200083f00486c238ffd409001088a232ffd448
:10763000a3f004864238ffd4090010882232ffd418
:10764000bbf00486c237ffd409001088a231ffd4f2
:10765000b31605864237ffd40f030000c20f00c5e2
:10766000820302d403f10482420302d4e22502d44d
:107670006af9ffae0203ffe1f81ff91ffa1ffb1fb3
:10768000fc1ffd1ffe1f80039103000009000088fe
:10769000e008f00800091009320008e53039000060
:1076a000e60000ae483900002a1500a6f30a058658
:1076b000130009fd82b4fcd4003900000a0d00a6b5
:1076c00028390000ea1200a6183900000e1400a69e
:1076d0000900008820093009061000f54009510909
:1076e0006218ffd40e0000c54a1400a642032fe51d
:1076f00002031fe582030fe52221ffd40800e08288
:10770000d10704939d070492d90604929506049329
:107710005101049222ff00d40800908209000088e1
:10772000600970098009000002022fe542021fe58e
:1077300082020fe5e232ffd4334f04867350048295
:107740000e00e0c5030001f7223cffd4210d00002c
:10775000a35304824240ffd4620403d4107f00008c
:107760000b060582c23fffd4423203d4107f0000d3
:10777000c3530482423fffd4210d0139aa0000a661
:1077800089e2218840102297400d510dc299fcd406
:1077900010030000e3530482223effd40124f4804e
:1077a0000500208009003088400d510dc298fcd49e
:1077b0001003000003540482223dffd41c03000088
:1077c00063540482c23cffd41b03000013a3048251
:1077d000623cffd41a03000033a30482023cffd4ae
:1077e0001d03000053a30482a23bffd4197f0000b5
:1077f00083540482423bffd438240000220388e1f2
:10780000f151b880e58102800012009751220000fa
:107810009b540482423affd4310d00000b55048280
:10782000e239ffd4610d0000935504828239ffd400
:10783000710d0000cb5504822239ffd4810d000068
:1078400003560482c238ffd4ef1ddf1dcf1dbf1dbc
:10785000af1d9f1d8f1d00000203ffe50172000098
:1078600086003fe501c409800500208019001088ca
:10787000230009fda244ffd40e0000c50af2ffa6b2
:10788000383900006e0000a6e00c0000420affd468
:10789000ca0200ae46003fe5590020881900108852
:1078a000330009fd2243ffd40e0000c58af0ffa675
:1078b00006003fe5f900208809001088430009fd13
:1078c0004242ffd40e0000c5aaefffa658390000bf
:1078d0008e0100a6030000904bfc3ffc0bfc2ffc2c
:1078e000cbfb1ffce00c000042fdfed40e0000c5e7
:1078f000eeeeffa6a3510482a22effd4621102d4a1
:107900002afaffaec2033fe5f9012088090010887a
:10791000530009fda23fffd40e0000c5aefdffa637
:10792000eaecffae130089fd437a048608030000e9
:10793000a2a0fcd4003900000a0100a6535304861b
:107940000803000002a0fcd400390000ea0000a6f1
:107950001b2103826235ffd46af7ffaec2dcfed47e
:10796000a3520482422bffd4eaf6ffae22cfffd40b
:10797000aaf6ffae73530482a22affd44af6ffaee2
:10798000820cf0c1f81ff91ffa1ffb1ffc1ffd1f1f
:10799000fe1f800391030000c2cd00d4080012a492
:1079a00087fcf2fd28390000420700a828390000b2
:1079b0002a0600a6625201d4c0030000c2e100d42e
:1079c000b3f304860f030000c20d00c5821bffd471
:1079d00009001088c13d00002e0000a683fc1ffd99
:1079e0000215ffd4d3f30486a21affd4800300004b
:1079f000a2c501d4100308034214ffd4f3f3048694
:107a0000e219ffd48003000042c501d4100308032b
:107a10008213ffd413f404862219ffd480030000dc
:107a2000c2e900d4107f0803c212ffd433f40486e5
:107a30006218ffd480030000c2e800d4107f08035e
:107a40000212ffd4b3160586a217ffd40f0300005d
:107a5000c20d00c5e2e301d40c390000ae0200a65d
:107a6000a24d01d4e0039c03f1e3bf8fc603afe551
:107a7000da030000aa0300ae09823f8f3f610000d5
:107a800019001088130009fd0234ffd40e0000c550
:107a90000ef9ffa6c3f20482422bffd4ef1ddf1db7
:107aa000cf1dbf1daf1d9f1d8f1d0000820cf0c597
:107ab0000172000003f10482c2e001d4620302d427
:107ac000cafeffae28031d030b020000820106d48c
:107ad000b00218030d03000062c0ffd4c0610000b3
:107ae000020802d40e0000c5ee0200a683fc4ffd82
:107af000493d0000820200ae400239e13e610000d3
:107b0000002003820804a0830f08b0f81f00a0fd26
:107b10001974000029008088f9011088493d00008f
:107b20000afdffa61974000000e20382881e80830c
:107b300028740000800228e10f08b0f8ffff20fd44
:107b4000c1fe1fb8eafbffaedbf00486c2030fe5ff
:107b5000620fffd440030000c9003088bb7e0000e4
:107b600049002088aa0000ae7a0311e0080c418386
:107b700043760000210020b8ca0000aec40231ab39
:107b8000f20011e991390000e6feffae0a0311e0b0
:107b9000cafeffaeb316058640740000020dffd486
:107ba000c2030fe562d901d483fc0ffd00610c3dd7
:107bb0004af7ffa6a2fb01d40af7ffae4e72f81fe8
:107bc0008003000042010fe5c205ffd4b31605860d
:107bd000620bffd4080300004288ffd4c31605825d
:107be0000288ffd442010fe5c287ffd48f1d0372c4
:107bf00001720000f81ff91ffa1f9003a2da00d4e7
:107c00000800a082a2da00d408008082030000806d
:107c100002d502d40e0000c5ea0200a6a2d702d403
:107c20001003000013b4048282fcffd4c2dd02d42e
:107c3000107f0000f3b4048202fcffd40800188215
:107c40001f00008022d600d40e0000c5ca0100a685
:107c500009030000421403d49003000008001882b6
:107c600008000a8222d500d4e2d402d40903af1d51
:107c70009f1d8f1d0172000043b304828212ffd446
:107c8000190090882affffaebbb504820212ffd410
:107c9000a2d302d4190090888afeffae1e7241035f
:107ca00009201088f1092039c20100a820390000fc
:107cb000aa0000a6f00d0000c2f9ffd400390000b0
:107cc0006e0100a60372017242003fe5098123891b
:107cd00019001088130004fd8221ffd40e0000c596
:107ce0008efeffa6b3020582c218ffd4aafeffae25
:107cf000c2f101d46afeffaef81ff91f9003000025
:107d0000f3bc0482e27effd40b00008042b302d4b5
:107d10000e0000c50e0100a60301008c033c008884
:107d2000030400840b000080829d02d4080080823e
:107d30000e0000c5ca0100a609030000a2f5ffd489
:107d40008003000053bc0486a3bc048208390000f1
:107d5000430000f7627cffd409000088803d0000ea
:107d60001fc210f8080008829f1d8f1d01720000bd
:107d70001bbe0482627bffd44affffae1e72f81f57
:107d8000f91ffa1f9003000009000088c0090000d5
:107d9000c2d700d4a003000002d800d480030000a2
:107da00023880482e279ffd41a030000f388048256
:107db00042f0ffd41803000033890482e2efffd4bd
:107dc00002011fe509030000a23201d400390000be
:107dd0006e0300a6c10d0000238a0482e2eeffd4e8
:107de00095070490838a048282eeffd4c00d083d7b
:107df000e20200ae08650839ea0200a6d1cccc80c8
:107e0000c560268000122297c80032a2030000a09d
:107e100007000084203d00004b2088f6c3860486be
:107e2000d387048e203d0000c32001f7a275ffd444
:107e300008000882af1d9f1d8f1d03720172000094
:107e40008b890482e274ffd4030000a00affffae16
:107e5000000200e5fafcffae030000a0c386048226
:107e60004afeffae1e72f81f09000088e0090000fc
:107e7000638f04826273ffd482000fe502e700d4af
:107e80008003e10d8390048282e9ffd40839000069
:107e90002a0200a60b9104824272ffd468390000c6
:107ea000aa0000a678390000ce0000a60392048242
:107eb0008271ffd44a0100ae5b9104822271ffd42b
:107ec000ea0000ae88390000ae0000a6939204825a
:107ed0008270ffd44a0000ae539304822270ffd414
:107ee00009000088803d00001fc010f88f1d03723c
:107ef00001720000420af0c1f81ff91ffa1ffb1fb0
:107f0000fc1ffd1ffe1f0000532c0482a26effd435
:107f1000e32b03a20900c088c32f04bad9009088bc
:107f20006a0100ae93300486a2f0fed42a0500aeaa
:107f3000b316058642f0fed449a00f8f0f610000f2
:107f4000026dffd41c740000210090b84a0500aef9
:107f5000d80300000060088342c000d4b0030000d2
:107f600042c900d4a0031e0349a00f8f0f61000077
:107f700062eefed400201d8342e8fed40330048666
:107f8000e2edfed41a030000c2e7fed443300486bb
:107f900062edfed4d0030000229901d410030d033a
:107fa00002e7fed483300486a2ecfed4d0030b0398
:107fb000826001d410030d0322ecfed40b390000c3
:107fc0006efbffa6b8030000f3ff18fd1a3d00008a
:107fd0008efaffa6b316058622ebfed449a00f8fba
:107fe0000f610000e267ffd4f3ff0bfd0a3d0000c4
:107ff0008efaffa68afaffae4922008822bb00d47f
:108000001c0300000331048282ddffd4933104821b
:108010008266ffd4932b0486f32b04820c39000074
:10802000430000f7e265ffd409000088c03d00006e
:108030001fc010f8ef1ddf1dcf1dbf1daf1d9f1d01
:108040008f1d0000420af0c501720000f81f0000f9
:10805000232204826264ffd48900008882e000d475
:1080600080030000d50704906326048262daffd4ff
:10807000083900008a0000a6632a04822263ffd424
:10808000070000808f1d017243270482a262ffd483
:10809000030000806affffaec209f0c1f81ff91f9c
:1080a000fa1ffb1ffc1ffd1ffe1f0000e3340482ac
:1080b0008261ffd4c31f03a6f31f03b2c31605ba20
:1080c000b31605b64a0500ae533a048682e3fed4e1
:1080d000b003710d40000895810d0061a29f05d489
:1080e00010030b03e2dcfed4338f048682e2fed45d
:1080f0009507049062dcfed41d03000002e2fed46a
:10810000c9a00f8f0f610000c25effd4c31f03829e
:10811000a03d00008a0200a600608a8308030000d8
:10812000421401d4b0030000221701d480090000da
:1081300022a600d4db390486c9a00f8f0f6100008e
:10814000e2dffed418030000c2d9fed41e030000f3
:1081500062dffed40b3900006afbffa6333a0486c7
:10816000e2defed48afcffae9c3d0000aa0100a620
:108170000060198309000088c2df00d40e0000c52a
:108180002affffa6e2de00d480030000228e00d486
:10819000700918038339048202d1ffd4931f03aa04
:1081a000aafbffae6b3a0482c259ffd4ef1ddf1d5c
:1081b000cf1dbf1daf1d9f1d8f1d0000c209f0c543
:1081c000017200000a0a00d4f81ff91ffa1ffb1ff2
:1081d000fc1ffd1fd103000008009282a2dc00d426
:1081e000080080820e0000c56a0900a60e0090c536
:1081f000ae0900a662db00d490030000a28a00d47e
:10820000b0030000e20f01d4a0030000021001d46b
:10821000c0030000029f00d40a3900008e0800a6a7
:108220001c030000c0020be1429505d4a003903d61
:10823000c20800aa000029e5093900000a0100a6c9
:10824000a900008809150000f151b880e58112806d
:1082500000100197480050a2023d0000420900aa08
:108260008b81048689a00f8f0f61000082d6fed417
:108270001d03000062d0fed4d381048602d6fed452
:1082800019030000e2cffed40382048682d5fed417
:108290001a03000062cffed43382048602d5fed4d6
:1082a000030000a0b37d0486a2d4fed4b3160586d5
:1082b00062d4fed489a00f8f0f6100002251ffd439
:1082c00042d500d4900300396a0100a60c390000a1
:1082d0002a0100a601c2eb80b50020800900308889
:1082e00001a0ac8095c3018000130097c23efcd46e
:1082f000903d0000e20200ae95070490f3800482f6
:10830000c2c5ffd408000882df1dcf1dbf1daf1df1
:108310009f1d8f1d037201721d030000137e0482d6
:10832000c2c4ffd4eafeffaec2ec00d42af6ffae10
:108330001d030000b37e048202c4ffd40b7f0482bd
:10834000024dffd4030000a0cafdffae400220e5ad
:108350002af7ffae9f720000070009ea900310039e
:10836000c37f0482a2c2ffd489600088b0150b03ca
:108370009f720000070009ea100300005380048286
:10838000c2c1ffd48afbffae8b81048689a00f8f08
:108390000f61000042cdfed41d03000022c7fed4b1
:1083a000d3810486c2ccfed419030000a2c6fed439
:1083b0000382048642ccfed41a03000022c6fed4f7
:1083c00033820486c2cbfed4f37d0486caf6ffaea8
:1083d000c210f0c1f81ff91ffa1ffb1ffc1ffd1f81
:1083e000fe1f0000e3ad0382c247ffd4c961ef8fd7
:1083f000ef619e030900a0880900d088a9000088c9
:1084000080090000ea0300ae18743839ea0100a6ba
:108410008d3d00009fc010f8080220a4b32b0386f6
:1084200001610000002010830a030000a2ecffd4c9
:108430000e0000c52a0000a61b740000c10704a995
:108440002afeffa61d04c088eafdffae39000088a1
:10845000b03d00001fc010f81f00c0fde3ab038a51
:10846000bbac03863b390000830001f7a243ffd475
:108470001a748974820d1276820900002e0000a6fb
:108480000a0200aec90300000300008408049183bf
:108490001f0091fd2f0091fd3f0091fd13b103825c
:1084a0000242ffd40a03000022c100d4a241ffd43b
:1084b000b31605826241ffd4090080880900b088a4
:1084c0006afaffae43b10382c240ffd4090080883c
:1084d00013b103b60900c088a90090888a0000aed5
:1084e0002f00bafd18748e74210090b88a0300ae74
:1084f000be03000008200eb94affffa60d030000ce
:10850000023fffd40803000022be00d4a23effd4e5
:10851000b3160582623effd47c09000042023fe5ab
:1085200009e1238809c2178808030000025dffd40f
:108530000800a082b7fcfcfdc9823f8f3f610000ac
:1085400009e1238809a01f8808030000025cffd40a
:108550000e00a0c54efcffa60800a0820afcffaedc
:10856000e3b40382e23bffd48f030000221280c5f4
:1085700009009088dbb503b60900e088a900a0884f
:108580006a0000ae197488742100a0b86a0300aeb6
:10859000082008b96affffa60d030000223affd4a5
:1085a0000903000042b900d4c239ffd4b3160582d2
:1085b0008239ffd409a01f8809030000a2bd00d49e
:1085c0000e0000c5eafdffa603b60382a238ffd461
:1085d00019000088e2b0ffd4c003000083b6038214
:1085e0000238ffd44922008842b0ffd40c6b0e3d04
:1085f0001fc010f81f0080fd4afcffae2bb703829e
:108600000237ffd48f030000321280c50900a08812
:1086100093ad03b6bbad03b2a900b088ca0700aee4
:10862000a9390000ea0200a683b80382a235ffd46c
:1086300009030000c2b400d44235ffd4e3b803827a
:108640000235ffd409000088829200d41003000094
:1086500009000088e2b800d4790010887900008809
:10866000828b00d433be0382c233ffd4ef1ddf1de3
:10867000cf1dbf1daf1d9f1d8f1d0000c210f0c577
:1086800001720000d3ba0382c232ffd4aafdffae4a
:10869000e3be038642b5fed4e0030a0382b100d4f0
:1086a00010030e03c2b4fed4b316058682b4fed402
:1086b000c9820f8f0f6100004231ffd4a939000039
:1086c0004e0200a69a0300000a0200ae0bbf03860a
:1086d00062b3fed41b0028fc0e0020c58efdffa651
:1086e0001c030000c2b2fed4e0030a0302af00d4b0
:1086f00010030e0342b2fed4b316058602b2fed4b6
:10870000c9820f8f0f610000c22effd41a748874c3
:108710002100b0b84af8ffae53b80386c9820f8f64
:108720000f610000c2b0fed4082018820e0010c5f0
:1087300003031df742b0fed42b0018fc0e0010c539
:108740004efcffa61c030000a2affed41b0018fcc9
:108750000e0010c54afcffa6e3be038602affed49e
:10876000e0030a0342ab00d410030e0382aefed432
:10877000b316058642aefed4c9820f8f0f6100008a
:10878000022bffd42afcffae4e72f81f80030000bc
:1087900042010fe562abfed4b316058602adfed4ee
:1087a00008030000e229ffd4c3160582a229ffd4e2
:1087b00042010fe56229ffd48f1d03720172000090
:1087c00063db0482e228ffd4d50c00909bdb04829b
:1087d000a2fdffd4d5090090b3db048242fdffd493
:1087e00015120090d3db0482e2fcffd415740190d3
:1087f000ebdb048282fcffd45574019003dc04821d
:1088000022fcffd49574019023dc0482c2fbffd4c8
:10881000152d03903bdc048262fbffd4153c0390d2
:1088200053dc048202fbffd495300390abdc04825e
:10883000a2faffd45529009003dd048242faffd446
:10884000552400905bdd0482e2f9ffd40172000040
:108850000172000001720000017200000a1000d4d1
:10886000f81f000033e20486c9630f8f0f61000018
:1088700062a6fed4d507049042a0fed473e204861b
:10888000e2a5fed495070490c29ffed403f00486af
:1088900062a5fed4d5060490429ffed423f0048640
:1088a000e2a4fed495060490c29efed49be2048608
:1088b00062a4fed455070490429efed4d3e20486ff
:1088c000e2a3fed415070490c29dfed4fbe2048609
:1088d00062a3fed44906049012020000229dfed439
:1088e00023e30486c2a2fed480030000227300d4d6
:1088f000107f0803629cfed413f4048602a2fed407
:1089000080030000a27200d4107f0803a29bfed453
:1089100043e3048642a1fed480030000627b00d4be
:1089200010030803e29afed4c3ef048682a0fed4ab
:1089300080030000a27a00d4027b00d41003080355
:10894000029afed45be30486a29ffed4800300005b
:10895000026d00d4107f08034299fed473e30486ad
:10896000e29efed480030000e26300d4107f08037f
:108970008298fed48be30486229efed480030000fe
:10898000824e00d410030803c297fed4b3e30486da
:10899000629dfed480030000627202d4107f08033f
:1089a0000297fed4d3e30486a29cfed48003000089
:1089b000227302d4107f08034296fed4f3e30486a8
:1089c000e29bfed415120490c295fed4fbe204860d
:1089d000629bfed4451104984299fed413e40486a8
:1089e000e29afed4d5110490c294fed433e40486f6
:1089f000629afed4951104904294fed4b316058673
:108a0000e299fed4c9630f8f0f610000a216ffd454
:108a10008f1d037201720000be73000042002fe53b
:108a200082001fe5c2000fe5429bfed4531005866d
:108a3000c6020fe54298fed4150604902292fed499
:108a40007b100586c297fed4d10d0000a291fed402
:108a5000931005864297fed4e10d00002291fed4ca
:108a6000ab100586c296fed4f10d0000a290fed494
:108a7000d31005864296fed4e10dd20d126500009a
:108a80000290fed4b3160586a295fed4c6020fe569
:108a90008212ffd4037201724f75f81ff91ffa1f7b
:108aa000fb1ffc1ffd1ffe1fa0030000cffdf1fdfb
:108ab0000900908859090000c2020fe5a26f00d496
:108ac00080030000626100d40ffef0fd1a03000075
:108ad00033bf03822287ffd4c24300d410030000b7
:108ae000a3bf0382a286ffd4424300d400001a959c
:108af00013c003822286ffd47bc00382220fffd4df
:108b0000624d05d41003000043cc03826285ffd47c
:108b10008ffdf9fd030000809ffdf0fd0610ddf5df
:108b2000f1ff0f800500c0801a0000ae2874500dc0
:108b3000093d0000a20200ae23cd0382220dffd426
:108b400019741803006021ff002001ff8024026bcc
:108b50001a030c69a210ffd40e0000c56afeffa61e
:108b60001d74000009000088826900d4e03d000007
:108b7000c2fdffaa082018828ffdf1fd1b00b8fc82
:108b80009ffdfbfde00300000afdffae190300009e
:108b900053cd03822281ffd41d03000093cd0382b5
:108ba000c280ffd40e390000aa0200a61e030000f6
:108bb00063ce03822280ffd48bfd8ffc180300005c
:108bc000f3ce0382a27fffd49bfd9ffc190300001c
:108bd0004bcf0382227fffd4cbfd1ffc0e0010c5bc
:108be0008e0000a67900108879000088225f00d4ea
:108bf0000a0100ae19030803c25e00d4aa0000ae49
:108c0000a3cf0382e206ffd4cbfd1ffc0e0010c5ec
:108c10008afeffa6026c00d40bfe0ffc0e0000c5fe
:108c2000ee0000a693d00382c205ffd4ef1ddf1d26
:108c3000cf1dbf1daf1d9f1d8f1d4f7701720000ff
:108c4000224900d4eafeffaef81f800353e80482f5
:108c50008204ffd40300008408030000c2f1ffd4a3
:108c600023e90482e203ffd4070000808f1d017214
:108c70001e72f81ff91f800391030000090000888d
:108c8000d00918398a0500a66243fed4383900009d
:108c9000820500a838390000aa0500a6130089fd46
:108ca0008b5d048608030000e204fcd40039000058
:108cb0004a0600a6a35d0486080300004204fcd413
:108cc000003900004a0600a6bb5d048608030000c8
:108cd000a203fcd4003900004a0600a6e35d048626
:108ce000080300000203fcd4003900004a0600a675
:108cf00073a30486080300006202fcd4003900005c
:108d0000ea0500a6035e048608030000c201fcd445
:108d1000003900008e0500a6d00d00392e0000a6f7
:108d200089600088a282ffd40e0000c56e0000a6f4
:108d3000c26f01d42a0000aec28dfed49f1d8f1dcc
:108d400003720172935c0482c295fed46affffae87
:108d5000c2003fe5016a18800500208019001088d4
:108d6000230009fd229dfed40e0000c56ef9ffa66a
:108d7000935c04826294fed40afeffae2287ffd485
:108d80000e0000c5aefdffa6026d01d46afdffae68
:108d9000028bffd40e0000c50efdffa6626c01d44d
:108da000cafcffae2295ffd40e0000c56efcffa6e4
:108db000c26b01d42afcffaea2b0ffd4eafbffae27
:108dc000a296ffd4aafbffae235e04860803000030
:108dd000a2fbfbd400390000ae0000a6d00d003984
:108de0002e0000a609e10388e2f2ffd46afaffae82
:108df000337a04860803000062fafbd400390000cd
:108e00000e0100a6d00d00392e0000a60920008812
:108e10002277ffd40e0000c50ef9ffa6626801d4c8
:108e2000caf8ffae7315058608030000c2f8fbd42c
:108e300000390000ee0400a63b5e048222f5fed459
:108e400049220088e24800d4c280ffd40e0000c549
:108e50008a0300a6e284ffd408008082628fffd4d8
:108e6000a291ffd4d00d00392e0000a609e103889d
:108e7000a2eeffd4c2aaffd419000088c273ffd4a7
:108e800008009082c35f0482c2f2fed413600482a1
:108e900082f2fed40e0080c58e0200a633610482e9
:108ea00002f2fed493610482c2f1fed40e0090c59a
:108eb0006e0100a67360048242f1fed4626301d4a5
:108ec000caf3ffaee35e0482c2f0fed4e26201d4d4
:108ed0004af3ffaee280fed4826201d4eaf2ffae32
:108ee000d3600482e2effed48afeffae2b620482de
:108ef00082effed49361048242effed40e0090c54f
:108f00008afdffa6d3600482c2eefed46af1ffaef2
:108f10001e72410309e11388f1092039c20100a83a
:108f2000203900008a0000a603000084f00d000034
:108f300022dbffd40372017242003fe5016a188010
:108f400005002080a9001088130004fde28dfed4e6
:108f50000e0000c58efeffa6c30c05822285fed43e
:108f60008afeffae91740190463600c54e0800a6f9
:108f7000b3700182626501d493750182c25c01d431
:108f800063400382426301d4333f0382026301d40e
:108f9000633e0382c26201d4633d0382826201d4d4
:108fa000933c0382426201d4a33b0382026201d458
:108fb000b33a0382c26101d403350382826101d4d2
:108fc000f3330382426101d4f3320382026101d49c
:108fd000b3310382c26001d4e3300382826001d4e2
:108fe00043300382426001d4032f0382026001d424
:108ff000a32d0382c25f01d4832b0382825f01d43d
:10900000d3390382425f01d4d3380382025f01d493
:10901000c3370382c25e01d473360382825e01d4f9
:10902000c3260382425e01d4a3250382025e01d4db
:10903000a3240382c25d01d4332a0382825d01d45a
:1090400003290382425d01d493230382025d01d48c
:10905000b397048262e4fed431120098110000ca72
:109060000d0020ca3112009cc90900c1c90c00c3ff
:10907000625501d401720000825cfed449a20188cd
:10908000625afed44af7ffaed50f0490400021e1aa
:10909000020222e1068020c5820000ae024000c12b
:1090a00020240000f35c018401610172016120242d
:1090b000f35c018401610172f81ff91ffa1ffb1fa5
:1090c000fc1ffd1f480019a271390000420600aec6
:1090d0003003000049006088061078f5f1ff0f802a
:1090e00005004080400256e525221574800119e1f3
:1090f0001900208881390000432152f72a0000ae70
:1091000061030000002013831300c3fd2300b3fd9f
:109110003300a3fd400024e90003d4e92d610000e1
:10912000c002d4e92d6100008002d4e92d61726192
:1091300001230c231c610b231b610a231a6181612b
:10914000420016e103750000a1fd5fb8963d0000e6
:10915000620100ae2624606129240961f1ff0f80bd
:10916000050030800665407620221074006016836a
:10917000400023e9726101238161000061ff0fb8a3
:10918000786100009d050495df1dcf1dbf1daf1d3b
:109190009f1d8f1d0172000009006088061078f580
:1091a0004afdffae510301393a0100a62003000039
:1091b000400041e140610000090000880060328207
:1091c0000361243daeffffa69f720000070005ea81
:1091d000017201038affffae850404d507000080f9
:1091e0004104049ca25f02d401720000f81ff91f21
:1091f000fa1ffb1fd1003f80c521858031ffc08051
:1092000035c2b280090190880a0200ae1a0300003c
:1092100063fb0482224dffd40a03000042f3ffd413
:10922000002010831bfc0482e2aaffd41803000074
:1092300053fc048282aaffd4b9000088426d03d493
:1092400018740000210090b8ca0000aec002a8e166
:109250000a03000082f1ffd40026f0ed0affffa60a
:109260004afdffaebf1daf1d9f1d8f1d0172000087
:10927000f81ff91f900300000148e8801500808066
:10928000c10794abc20000aa420304d40e0000c57b
:10929000ea0000a641ff8fb8690000884a0000aece
:1092a00042faffd4090000889f1d8f1d0172000043
:1092b000890000888affffaef81ff91ffa1ffb1f05
:1092c000fc1f000009008088d1003f80c521c580b7
:1092d000f35c01ac090190880003a8e1080220a416
:1092e0000b61000007400afd08030000c2ecffd438
:1092f00000040a8318740000e1fe9fb8d10f0490a7
:1093000000610000e25002d4d10f04922824000032
:10931000090204a98a0100a6822702d49003000052
:10932000822602d438030000f35c01881903007f11
:1093300022f403d4070000803104049ccf1dbf1d1c
:10934000af1d9f1d8f1d0172a22502d49003000046
:109350006afeffaed10f049001720000f81ff91fe2
:10936000fa1f000009008088d1003f80c521a58038
:10937000090190880803000062e8ffd4800218e128
:109380004024f0edae0000a61874000021ff9fb845
:1093900007000080af1d9f1d8f1d0172030000801c
:1093a0008affffae82fb03d401720000f81f800326
:1093b000450504d5820000e9003900004e0200a6f0
:1093c00008030000020c00c900390000ce0300a60b
:1093d00008030000023000c900390000ce0300a6d7
:1093e000020308e9060300c5ea0300a6020108e932
:1093f00000390000ce0300a6020288e90839000007
:10940000ce0400a68f1d0172850704d5c50304d5bf
:109410008900008862f803d4f1117a800500008089
:10942000c10304abc2fcffae62f703d403000080ab
:109430005104049c4104049c3104049c07000080f6
:109440000104049ceafdffae450704d509600088cd
:1094500082f603d4cafbffae050704d50980018854
:1094600002f603d4cafbffaec50604d5eafbffae85
:10947000050504d50901008842f503d4050604a7b3
:10948000c10f04d700610000f35c018400e0018299
:1094900041060494c50704d5eafaffaec50404d515
:1094a00009020088e2f303d41010000011060494ae
:1094b000d10f04900061107600610000f35c01841c
:1094c00000e0018241060494c50704d5290404a9db
:1094d000ee0100a6090304a94a0200a6c10204a9dc
:1094e0000af9ffa6c10204d7d10204940039000092
:1094f0008ef8ffa6c29003d462fd04d451020494f6
:10950000030000805104049c4104049caaf7ffaeb0
:1095100015040498810f0498222902d42d0404a76d
:109520008afdffae810304a92a0100a6850304d7a2
:10953000810304a98e0000a6030000805104049c4e
:109540004104049ceaf5ffae62e4ffd4aaf5ffae45
:10955000590404a94e0000a64d0404a72af5ffae45
:10956000a2e3ffd4eaf4ffaef81f0000091004a93b
:109570004a0100a6390404a9ea0200a609000088ed
:10958000d10304940104049c070000805104049c4e
:10959000490404a94a0200a68f1d017202b600d434
:1095a00008008082c23d02d40e0080c5ea0000a6f9
:1095b0000e0000c56a0000a6070000800110049c90
:1095c0008afdffae13f504822a0000ae53f4048234
:1095d00082b8fed40afeffaee2e6ffd4eafcffae9c
:1095e000a2dfffd48afdffae0110049801720000d3
:1095f0005d0404a701720000f81f00005104049ae2
:1096000062ffffd4090304a92e0200a60148e880e6
:1096100015000080490404a92a0000a6a1ff0fb884
:10962000490404a96a0000a6091004a94e0200a674
:109630004d0404a7091004a94e0200a602e603d4b3
:109640003d0404a7050604a7080008828f1d0172c7
:10965000e28503d4410204a98a0000a60300008029
:109660004104049c0103049c0afdffaec2f104d432
:10967000510204942affffaec23502d4023702d44d
:109680006afdffaea20d02d48afdffaef81f800373
:10969000020110e503000080063f10c5a60100aee0
:1096a000120018e9013900004e0100a65104049887
:1096b0000e0000c5ce0000a6490404a9ae0000a615
:1096c000a2f9ffd4d10f0496070000802a0000ae53
:1096d000030000808f1d0172e2f8ffd401720000c8
:1096e000a2ffffd4623202d462ab00d40d1004a7f3
:1096f00001720000510404980172000001040498f2
:109700000172000041040498017200000300008807
:10971000fe0000c5260100aefe0110c5e60000ae49
:10972000810f049c1504049c070000882904049cf4
:10973000490404980e0020c54a0000a608000282d1
:1097400001720000c21702d42d0404a7070000888c
:109750004affffaee23202d401720000423302d46b
:1097600001720000f81ff91ffa1ffb1f9003000091
:1097700022f4ffd40800a082c22d02d40903000005
:10978000e29600d480030000a22e02d40800b0822a
:10979000083900002e0100a6550f04960e00a0c542
:1097a0004e0100a6690000880e00b0c5030088f7ce
:1097b0000803bf1daf1d9f1d8f1d01720e00a0c5a8
:1097c0006affffa602edffd42affffaec2ecffd472
:1097d0008afeffaef81ff91ffa1f8003a1030000e5
:1097e000a2f0ffd408009082422a02d41a03080390
:1097f00082d700d480030000222b02d40800a0826c
:109800000e0090c50e0100a6083900006e0000a6eb
:10981000690000880e00a0c5030088f70803af1d8b
:109820009f1d8f1d01720000e2e9ffd4cafeffae4a
:10983000f81ff91ffa1f8003a1030000c2edffd437
:1098400008009082622702d41a03080362bd00d484
:1098500080030000422802d40800a0820e0090c5b8
:109860000e0100a6083900006e0000a669000088fd
:109870000e00a0c5030088f70803af1d9f1d8f1db4
:109880000172000002e7ffd4cafeffae42b900d465
:1098900001720000510f04900172000002d100d447
:1098a00031dd24806580108000100197480090a26f
:1098b00001720000e900108800040183131305827f
:1098c000017200001e72f81ff91ffa1ffb1f9003a0
:1098d0008103a20309000088b009000042010fe5de
:1098e00082feffd4082490831b0010fc1f0091fd12
:1098f000b70d07394a0300a610037761076100001e
:1099000009007088f9e36f8f01d430800500b080c2
:109910008a0000ae000222e55a0100ae2174103d1b
:10992000ea0100a651032103006042ff002022ff4c
:1099300042152b039f720000070024ea4203283dd2
:1099400082feffae2865263d82feffaa082495838d
:109950001b0055fc1f0095fd74036203eafdffae7a
:109960000a3900002a0000a60004a7830903bf1dce
:10997000af1d9f1d8f1d0372017200001106049020
:10998000003900002a0000a6d10f049000610000f9
:10999000f35c0184016101720d0404a709000088d1
:1099a000d10304945105049411050494d104049442
:1099b000910404945101049411010494d10004947d
:1099c000910704945107049411070494d106049458
:1099d00091060494d1070490910004940172000050
:1099e000f81ff91ffa1f0000080080820800a182fa
:1099f000080092821a0010e4030000804e0010c597
:109a0000420000aeaf1d9f1d8f1d017242e6ffd4c4
:109a1000091004a92a0200a6c21802d4080008826c
:109a200082ec01d40800198208000a8222f101d4d4
:109a300022c4ffd4030000802104049c890f049eeb
:109a40001504049e070000a00110049e4104049c1c
:109a500022faffd4080008824afdffae029000d42b
:109a6000cafdffaef81f0000e2d104d4800300005d
:109a7000d50f0490f35c0180e2b1ffd442d104d44d
:109a800008658f1d01720000f81ff91ffa1f000002
:109a9000d10704929100049003000088083d000063
:109aa0006a0300a6000200e510390000620000ae63
:109ab000810614d701610000910604949100049678
:109ac00022cf04d490030000d90f049262f5ffd492
:109ad0001a03000002afffd462ce04d4096500006f
:109ae000410104ab220000aa510104941501049025
:109af0000161000011010494c50004d562b7ffd4d0
:109b0000a20605d4070000882e0000c56a0000a642
:109b100008000282af1d9f1d8f1d017291070490e6
:109b2000410704eb010704ebc10604eb810604ebdb
:109b3000b920268a29a0178800390000830021f760
:109b40009f720000070082ea0700008809390000c0
:109b5000eefdffa6e20105d4070000888afdffaef6
:109b6000f81ff91ffa1ffb1ffc1fc003221202d4ab
:109b700008009082821202d40800a082c2d3ffd4cf
:109b80000800b0820f0000841b000080e2dbffd4dd
:109b9000a2ceffd4d10704906074000082b6ffd437
:109ba00080030039ea0100a6603900006a0400a6bb
:109bb000783900008a0400a663d004822289fed48a
:109bc00008001a820800098202daffd40e00b0c52c
:109bd000aa0400a60803cf1dbf1daf1d9f1d8f1d2a
:109be00001720000d10f049282ecffd41803000030
:109bf00082adffd4d10504940c3900002a0000a6e0
:109c00000004c08302e400c5061800c5c60100ae0a
:109c1000d5050490ebd0048202fdfed408001a8220
:109c20000800098222d7ffd4d10704906074000095
:109c3000e2b1ffd4800300008afcffae43cf048270
:109c40000285fed48a0000aed5050490d3cf0482ed
:109c500042fbfed47900808808001a82080009823d
:109c600042d5ffd42afbffae22ccffd42afbffaea5
:109c7000f81ff91ffa1fa003e2cbffd4a20502d4fc
:109c8000a27e00d4c20602d40800808242e8ffd43b
:109c9000d50704929a61000062c6ffd40903000050
:109ca00062aeffd49003000062caffd4220402d443
:109cb000627d00d4420502d4187f0000130905829a
:109cc000c2f7fed40903af1d9f1d8f1d0172000056
:109cd00090390000e60300ae002d000000000000f7
:109ce000020000d6aa0300ae0a0100ae2a0100aeaf
:109cf0004a0100ae6a0100ae8a0100aeaa0100aec0
:109d0000ca0100aeea0100ae0a0200ae6b6d048229
:109d100001720000f3680482017200008b69048202
:109d200001720000336a048201720000b36a048287
:109d300001720000636b048201720000136c0482e4
:109d4000017200007b6c0482017200002b6d0482a2
:109d50000172000073680482017200007b68048253
:109d60000172000051000490017200001100049083
:109d7000017200000f75f81ff91ffa1ffb1ffc1f6f
:109d8000fd1ffe1f8003a103030000a49039000003
:109d9000460000ae01390000ce0000a6080009828e
:109da000ef1ddf1dcf1dbf1daf1d9f1d8f1d0f7729
:109db0000172000002c2ffd4a24a03d40900008845
:109dc0005100049411000494803d0000ae0200a6ee
:109dd000090000886009000082022fe51a030000d4
:109de00042020fe5e2d6ffd442fa01d4dbfd1ffcac
:109df000cbfd2ffc027f000042a700d400390000f9
:109e0000ce0d00a6c2fa01d4080090820e0000c553
:109e10006a0d00a622e301d4600d000051000494f5
:109e2000cafbffae62f801d449220088826100d4e7
:109e3000190010885900008842a500d402f901d405
:109e400068390000a20400ae88390000ca0e00a6de
:109e500088390000060c00aa030000a4983900000d
:109e6000cef9ffa60190d080350000809f720000df
:109e700007000aea89e28188863e00c503c200f72e
:109e800049228088460600c5032088f7560218e557
:109e900089600088260610c503c280f7a2f401d4a9
:109ea00008030000c25d00d4a003000082f501d4c5
:109eb000030000a40a3900000ef7ffa6e2dd01d47a
:109ec0000190d080350000809f720000070008eaf2
:109ed00051000494070000a40af6ffae0839000000
:109ee0006af7ffa628390000ca0c00a6483900000e
:109ef0008a0c00a669000088803d00001fc010f891
:109f0000800900003200b8e519000088b03d00006b
:109f1000070000ac220000ae030000ac2900d0888e
:109f2000583900000300ddf7830000b88b00008083
:109f3000583900000b00eef6683900004a0b00a605
:109f4000827900d4c003000031dd24806580008068
:109f500000130097480060a29f72000007000aea01
:109f6000a0030000030000a41039000062f1ffae5e
:109f70003d032b03810d0000423503d4080090827d
:109f80000e0000c5aaf0ffa668390000ca0100a6ad
:109f900008000e8242da01d4c23f03d45100049477
:109fa00012102cf501a0ac8095c30180801200979f
:109fb000a258fbd4110004940aefffae02ed01d4c5
:109fc000030000a4aaeeffae82d501d408000e82e1
:109fd00002de01d40afeffae0188138005009080e6
:109fe00009039f7207000aeaf9038088f60300c597
:109ff00003c200f72900808820390000032088f779
:10a00000c2d301d40800088222e401d40f000080ea
:10a0100002dc01d409039f72070008ea510004948e
:10a02000070000a4aaebffae01c409800500008070
:10a030009f72000007000aea39008088703900002a
:10a04000060100ae2900808830390000a60000ae6d
:10a0500019008088083d0000070000a0260000ae1f
:10a06000030000a00800088242d601d401c4098080
:10a0700005000080040088ab51000496070000a48e
:10a08000cae8ffae3200b8e519000088b03d000014
:10a09000070000ac220000ae030000ac8009000005
:10a0a0002900d088830000b8e26400d408009082c0
:10a0b0000e0000c52ae7ffa6426b00d4c0030000d3
:10a0c0002af4ffae42df01d4107f000033bf0482c8
:10a0d00042d7fed462df01d4107f000083bf048228
:10a0e000c2d6fed462df01d4107f0000d3bf048249
:10a0f00042d6fed482df01d4107f000023c0048248
:10a10000c2d5fed4a2df01d4107f000073c0048248
:10a1100042d5fed4428d00d410030000c3c0048297
:10a12000c2d4fed4827400d41003000023c1048280
:10a1300042d4fed415000490013900002e0000a680
:10a140000172000093c1048282d3fed4c23303d4cf
:10a150006affffaef81ff91ffa1ffb1f8003910370
:10a16000a20300000800b38262a4ffd442c1ffd45e
:10a170000d02049ed101049695010496c289ffd474
:10a18000c2b501d4d9020496450204a70700008095
:10a190000103049c5104049c4104049c429804d48f
:10a1a00091020494290030882903000019001088c6
:10a1b00008030000622303d4080080820e0000c55b
:10a1c0008a0000a608000882bf1daf1d9f1d8f1dbd
:10a1d0000172000002a1ffd40d0204a72affffae06
:10a1e00009000088090304a92a0000a65104049864
:10a1f0001a0000e901720000f81ff91f9003000027
:10a20000229504d480030000090304a9ca0100a612
:10a21000590404a90a0100a6c28603d40e0000c591
:10a22000ea0000a6029404d40865093dc2feffae10
:10a2300069000088aa0000ae090000886a0000ae2c
:10a24000890000882a0000ae090000889f1d8f1d2c
:10a2500001720000f81ff91fd10f049288610000fd
:10a26000428403d409002088803d0000260000aa13
:10a27000000220e5d104049000100897026100005c
:10a28000020011e39f1d8f1d01720000f81ff91fce
:10a29000e22303d4410204a9aa0100a6429004d4f7
:10a2a00080030000029004d408650000860100c508
:10a2b00082ffffaee2fcffd491038003c299ffd47a
:10a2c0000d0204a7080319039f1d8f1d01720000d2
:10a2d000a28e04d4510204940afeffae55020490eb
:10a2e00091020490400000e501720000f81ff91f80
:10a2f0000103049a0e0080c56a0000a65104049a66
:10a300000e0080c56e0000a6080008829f1d8f1dec
:10a3100001720000c21f03d4628c04d490030000b9
:10a32000228c04d409650000860100c582ffffaebf
:10a33000030000805104049c4104049c4afeffaecb
:10a34000010304980e0000c56a0000a60300008007
:10a35000590404ab2a0000a6017200000700008027
:10a360004104049c29003088990104901900108848
:10a37000d1010490621503d45104049c0e0000c561
:10a38000aefeffa64d0404a76afeffae09001088ca
:10a39000f35c019009002488400031e1c01c408238
:10a3a0001174000081ff2fb801720000f81ff91f1f
:10a3b000800300392e0000a619008088c291ffd4c6
:10a3c000a2aeffd4d1070490000298e19061000092
:10a3d00091030496828cffd4628604d4800309031f
:10a3e0006274ffd490030000e28504d40865000085
:10a3f00051030494850304a7a28fffd409039f1d72
:10a400008f1d01721900008802fdffd40172000047
:10a410005103049001720000f35c0180017200009e
:10a42000f81ff91ffa1ffb1ffc1f9003b103000068
:10a43000228effd402abffd4d107049289610000c1
:10a44000228304d4c0030000e288ffd40803000084
:10a45000e270ffd480030000628204d4a0030000f5
:10a46000a28cffd408390000ee0000a60b390000d2
:10a47000aa0000a6d10f049080021ce50915000077
:10a48000828204d40004b0830803cf1dbf1daf1d1a
:10a490009f1d8f1d01720000c3c404822242fed49e
:10a4a000d50704900bc5048282b8fed495070490aa
:10a4b0003bc5048222b8fed4d50604906bc5048245
:10a4c000c2b7fed495060490a3c5048262b7fed439
:10a4d00055070490d3c5048202b7fed41507049033
:10a4e00013c60482a2b6fed4d505049043c60482e6
:10a4f00042b6fed4f35c01847bc604824214ffd4ce
:10a50000d50f04908bc6048282b5fed4d50f04907b
:10a51000480020a4f35c018410610000b3c60482eb
:10a520002213ffd4f39c01840020118303c704820b
:10a53000a212ffd4039d01840020118323c704824b
:10a540002212ffd4e39d01840020118343c70482bb
:10a55000a211ffd401720000f81ff91fc91803cc23
:10a560000d181bcd190020880e0000c54a0000a65a
:10a57000c91803cc8d181bcdc91803cc4d0810cdbc
:10a5800019000088013800004a0000a6c91803cc51
:10a590000d0810cdc91803cc7d0005cd19008088a9
:10a5a0000e0010c54a0000a6c91803cc3d0205cd17
:10a5b000c91803cc4d0002cd190090880139000064
:10a5c0004a0000a6d5180392720099e9121022f5ec
:10a5d0000120a18075001080001001974227fbd454
:10a5e000001229970227fbd49f1d8f1d01720000c6
:10a5f000003900002e0000a619000088121020f576
:10a600000120a1807500008040100097c225fbd476
:10a6100001720000013900006a0000a6400021e13b
:10a620009f720000070002ea017200000124f4801a
:10a630000500008020030000452903981a0011e955
:10a640000e0010c54e0000a61076000041ff2fb886
:10a6500009001088013d000022c000f11f0010f821
:10a660000172000020030103013900007a0000a6f6
:10a6700089e2118821159f72070020ea0203017206
:10a68000811103980f0030f81b000084080001bd01
:10a690001fc010f80172000022ffffd40120bc800f
:10a6a000e54320800120a180750010800e0000c5c8
:10a6b000430002f701720000f81ff91ffa1f0000a3
:10a6c0009511039053e40482620cffd48111039826
:10a6d0000f0030f84e0000c5820000ae81110398d3
:10a6e0000f0030f88e0000c5820100ae0110088016
:10a6f000050000809118039491820c800501008070
:10a70000d1180394b91803c30148e880150080806c
:10a710002fc600a41900a088ca0200aeb3e40482c8
:10a720006209ffd491110398110000ca0d0030cacc
:10a730009111039cad1103c30148e880150080808e
:10a740006bc400a43900a0884a0000ae0a030000d0
:10a75000a2c402d4002009ff3f04e0f80e0000c5a7
:10a760004afcffa661ff8fb80affffae0a03000094
:10a77000a2c302d4002009ff2f0460f80e0000c518
:10a780004a0000a661ff8fb80affffaeb11803c3ed
:10a790000148e880150080802fc600a41900a08819
:10a7a0004a0000ae0a030000e2c102d4002009ff03
:10a7b0000f0440f80e0000c54a0000a661ff8fb8e4
:10a7c0000affffaead1803c30148e8801500808082
:10a7d0002bc600a41900a0884a0000ae0a0300009e
:10a7e00022c002d4002009ff3f04e0f80e0000c59b
:10a7f0004a0000a661ff8fb80affffae0148e8805b
:10a800001500808007c400a41900a0884a0000ae8b
:10a810000a03000082be02d4002009ff2f0460f862
:10a820000e0000c54e0000a661ff8fb80affffae04
:10a83000010020800500008011190394a91803c3aa
:10a840000148e880150080802bc600a41900a0886c
:10a850004a0000ae0a03000062bc02d4002009ffd7
:10a860002f0460f80e0000c54a0000a661ff8fb8f3
:10a870000affffae6be50482a2fefed40110088041
:10a88000050000805119039491d2078005010080d2
:10a8900091190394791903c30148e8801500808059
:10a8a0005fc600a42900a0884a0000ae0a03000089
:10a8b000a2b902d4002009ff2f0460f80e0000c5e1
:10a8c0004a0000a661ff8fb80affffae711903c3eb
:10a8d0000148e880150080805fc600a42900a08898
:10a8e0004a0000ae0a030000e2b702d4002009ffcc
:10a8f0000f0440f80e0000c54a0000a661ff8fb8a3
:10a900000affffae6d1903c30148e880150080807f
:10a910005bc600a42900a0884a0000ae0a0300001c
:10a9200022b602d4002009ff3f04e0f80e0000c563
:10a930004a0000a661ff8fb80affffae0148e88019
:10a940001500808007c400a42900a0884a0000ae3a
:10a950000a03000082b402d4002009ff3f04e0f89b
:10a960000e0000c54e0000a661ff8fb80affffaec3
:10a970000100108005000080d1190394691903c3f8
:10a980000148e880150080805bc600a42900a088eb
:10a990004a0000ae0a03000062b202d4002009ffa0
:10a9a0002f0460f80e0000c54a0000a661ff8fb8b2
:10a9b0000affffaee3e50482a2f4fed42245fed4f2
:10a9c000016029801500008091110394c51103a72f
:10a9d000ad1103c30148e880150080806bc400a45a
:10a9e0003900a0884a0000ae0a030000c2af02d4ba
:10a9f000002009ff3f04e0f80e0000c54a0000a651
:10aa000061ff8fb80affffae01502980050000806a
:10aa100011140394451403a72d1403c30148e880bf
:10aa2000150080800bc500a44900a0884a0000ae34
:10aa30000a03000082ad02d4002009ff3f04e0f8c1
:10aa40000e0000c54a0000a661ff8fb80affffaee6
:10aa5000150900c0150c00c2af1d9f1d8f1d01728e
:10aa600010030000460220e519000088463820c582
:10aa7000660a00ae560221e579000088260620c548
:10aa8000e20900ae460610c58a0500a6f151b8805d
:10aa9000e581228040104297480163a289600088c6
:10aaa00003150000400000e590240000460200e18c
:10aab00000100297480065a213020000f2ff17c8b9
:10aac0000300fe83611403e8016a0000611403942b
:10aad000400171a441140390f60300e8016a0000ec
:10aae0004114039465140390f2ff17c929000088ec
:10aaf000133d00004e0600a6451403907f04f1f8b4
:10ab0000153d0000ce0500a6291403c3016a188074
:10ab1000050020800bc5009012030000002004fff8
:10ab20002f0460f80e0000c5ea0000a612760000af
:10ab300041ff1fb839000088017200000900308809
:10ab4000090050888afbffae023900002a0300a6e4
:10ab5000016a1880050020800fc5009012030000d4
:10ab6000002004ff3f04e0f80e0000c57e0000a6b0
:10ab70001276000041ff1fb84900008801720239b7
:10ab8000ca0100a665140390f2ff17c95900008896
:10ab9000133d00004e0100a6451403907f04f1f818
:10aba0000900008859002088153d0000030002f7c5
:10abb000017200003900008801720000490000881d
:10abc0000172000090390000e60300ae002d000085
:10abd00000000000020000d6aa0300ae0a0100ae89
:10abe0002a0100ae4a0100ae6a0100ae8a0100ae41
:10abf000aa0100aeca0100aeea0100ae0a0200ae30
:10ac0000335c048201720000cb56048201720000a2
:10ac10005357048201720000fb5704820172000046
:10ac2000a35804820172000043590482017200009b
:10ac3000035a048201720000eb5a04820172000080
:10ac4000d35b04820172000043560482017200004b
:10ac500063560482017200001d1403c101720000da
:10ac60001d1403c3016a1880050000800fc5008c05
:10ac700020030000002013ff7f04e1f80e0010c540
:10ac80004e0000a61076000041ff2fb80900108882
:10ac9000013d000022c000f11f0010f80172000009
:10aca000511204940172000051120490802400009b
:10acb0000100298005001080000021eb9914039405
:10acc000c51403a7ad1403c3016a188005002080d2
:10acd0002bc5008c12030000002003ff3f04e0f8a6
:10ace0000e0000c58a0000a61276000041ff1fb8c2
:10acf00003000080017200000300008002390000a0
:10ad0000ca0100a6016a1880050020802fc5008caa
:10ad100012030000002003ff3f04e0f80e0000c50e
:10ad20004e0000a61276000041ff1fb809000088ff
:10ad3000203d000022c000f11f0010f80172000049
:10ad40009d1403c10172000001502980050000809c
:10ad5000911703940100108005000080d11703941f
:10ad6000ad1703c3016a188005002080ebc5008c75
:10ad700012030000002003ff3f04e0f80e0000c5ae
:10ad80008a0000a61276000041ff1fb80300008071
:10ad9000017200000300008002390000ca0300a60f
:10ada000a91703c3016a188005002080ebc5008c39
:10adb00012030000002003ff2f0460f80e0000c5fe
:10adc0008a0000a61276000041ff1fb80300008031
:10add000017200000300008002390000ca0100a6d1
:10ade000016a188005002080efc5008c1203000066
:10adf000002003ff3f04e0f80e0000c54e0000a64f
:10ae00001276000041ff1fb809000088203d0000b5
:10ae100022c000f11f0010f8017200009d1703c14d
:10ae200001720000f81f0000e9170390c517039096
:10ae3000f2ff27c93f04f1f8880091a401610000e6
:10ae400049228088003900008a0000a68960208895
:10ae500002150000021000c1080098a2c2b7ffd47a
:10ae6000121028f54922108800100197c2e2fad486
:10ae70008f1d017202c1ffd410220172f81f000061
:10ae8000851403984f0031f85e0010c56a0400a6cf
:10ae90005e0010c5020200ae7e0010c58a0200a648
:10aea000090000888e0010c50e0200a6e119039269
:10aeb0000702e8f8891903cc4d0810cd117e000077
:10aec000891903cc0d181bcd22b9ffd4187e0000c0
:10aed00002baffd4aa0000ae0120a1807500008054
:10aee000090020881e0010c5030002f78f1d0172a3
:10aef000211903920702e8f8c91803cc4d0810cdb8
:10af0000117e0000c91803cc0d181bcd02b7ffd469
:10af1000187e0000e2b7ffd48afeffaec2b1ffd4b4
:10af20004afeffaef81f00001d2903c1090010886a
:10af30001529039480240000d1290394f1d3308093
:10af40000500008091290394f9e30f8f512a03949f
:10af5000912a0394d52a0394112b0394552b03941f
:10af600001290398210000ca0d0450ca0129039c3d
:10af70001d2903c3a2b5ffd40e0000c56e0000a6b4
:10af80001d2903c1090000888f1d0172c22804d445
:10af900080030000822804d40865000016a107c5bc
:10afa00082ffffae112a03901d2903c109c2178831
:10afb000011500008afeffae69140390411403904e
:10afc000f2ff27c97f04f0f8880090a41061000008
:10afd00049220088013900008a0000a689600088a3
:10afe00010150000021010c1480090a2017200006c
:10aff000c91803cc0d0810cd017200004202ffe118
:10b00000f81ff91ffa1ffb1ffc1ffd1ffe1f800901
:10b010001109100302fa10c51900008806ca18c5e4
:10b02000a61200ae8d0d00001900b088f9e30f8f55
:10b030007009000001c4098005001080210900008a
:10b040008960208852093b095900008840090000a6
:10b0500031dd24806580e080ba0300ae820d0000ff
:10b06000800010e5720d123d620000aa71092009ee
:10b070005a093809600d400918749d61cb618b3df8
:10b08000e60100ae40120e9748006aa2f2030ae5fc
:10b09000960800c506ffffae1c030a0322aeffd4cc
:10b0a0000922288f800010e106ca18c546feffaeaf
:10b0b000810d103d22fdffaa000011e52afdffae23
:10b0c00012000be170390000260100ae1b74810de7
:10b0d000d1610b39aaffffa649e3108840009de12a
:10b0e000cb030000190080886b090000aafcffaeaa
:10b0f000110d01394a0000a6220d00000004128340
:10b10000500d0000f21f00c980240000f10fe08004
:10b11000f5e31780c11813e9400020ebd918039418
:10b1200002031fe57a2001e9000031a4c118039849
:10b130007e0000ed080001ebc118039c42032fe5df
:10b140007a2012e9c11803988e0300ed080001eb84
:10b15000c118039cc91803cc4d0810cd29000088e4
:10b16000520d123d8e0800a6c91803cc7d0005cdf6
:10b17000420d123d0e0800a6d5180390720011e989
:10b18000320d123d8e0700a6b91803c3016a18805c
:10b19000050020802fc6008c12030000002003ff52
:10b1a0002f0460f80e0000c58a0000a61276000089
:10b1b00041ff1fb889000088ea0500ae023900008f
:10b1c0006a0600a6b11803c3016a18800500208032
:10b1d0002fc6008c12030000002003ff0f0440f86c
:10b1e0000e0000c58a0000a61276000041ff1fb8bd
:10b1f000890000880a0400ae02390000ca0400a6d3
:10b20000016a18800500208007c4008c120300002a
:10b21000002003ff2f0460f80e0000c58e0000a67a
:10b220001276000041ff1fb8990000884a0200ae64
:10b23000023900004a0300a6016a18800500208038
:10b240000fc5008c12030000002003ff3f04e0f84c
:10b250000e0000c58e0000a61276000041ff1fb848
:10b26000490000888a0000ae090000884900108863
:10b2700002390000430000f7ef1ddf1dcf1dbf1d89
:10b28000af1d9f1d8f1d00004202ffe501720000ef
:10b29000890000880affffae89000088cafeffae61
:10b2a000990000888afeffaec91803cc3d0005cd89
:10b2b00001720000d1180390720000e901720000d1
:10b2c000f81f00008294ffd48003000042e7ffd4ff
:10b2d000121020f5492200880012009742bffad4cc
:10b2e0008f1d017240030000120020e51900008844
:10b2f00062390000460a00ae120021e56239000002
:10b30000e60900ae413d0000a60900aa7a0004e962
:10b31000000032a4c11803987e0000ed080002eb83
:10b32000c118039c7a0021e9c11803988e0300ed2f
:10b33000080002ebc118039cc91803ccbd0005cd61
:10b3400029000088243d0000ae0700a6d91803900c
:10b35000720022e9213d00002e0700a6b11803c3a8
:10b36000016a1880050000802fc600943003000099
:10b37000002025ff8f0442f80e0020c57a0000a6a9
:10b380001076000041ff3fb8890000880172003943
:10b39000ca0400a6016a18800500008007c4009452
:10b3a00030030000002025ffaf0462f80e0020c526
:10b3b0007e0000a61076000041ff3fb8990000888b
:10b3c000017200396a0300a6016a18800500308006
:10b3d0000fc5009403030000002025ffbf04e2f81e
:10b3e0000e0020c57e0000a61376000041ff0fb8b6
:10b3f00049000088017203390a0200a6c91803cc6b
:10b40000bd0005cd59000088243d00008e0100a636
:10b41000d1180390720020e9090000885900308893
:10b42000213d0000030003f701720000890000883d
:10b430000172000099000088017200004900008834
:10b4400001720000a3d60482c2c4fdd4151003907b
:10b45000e3d604828299fed49518039003d7048220
:10b460002299fed4d518039023d70482c298fed423
:10b470005519039043d704826298fed4951903901e
:10b4800063d704820298fed49511039083d7048277
:10b49000a297fed4d5110390a3d704824297fed47d
:10b4a00015140390c3d70482e296fed4551403907a
:10b4b000e3d704828296fed49514039003d80482c5
:10b4c0002296fed4d514039023d80482c295fed4cc
:10b4d0001519039043d804826295fed49517039002
:10b4e00063d804820295fed4d517039093d80482c2
:10b4f000a294fed4150c0090c3d804824294fed4ca
:10b5000015090090e3d80482e293fed40172000092
:10b510000e0000c5ea0100a6030000900800348276
:10b52000f3de0194080004e4237f000088e0258214
:10b530001a0022e0c80032e11a0044e041ff0fb8cf
:10b54000f3de0180337f0000c8e4108313740361cd
:10b5500001720000080030822affffae0900508807
:10b560000300008c120042e11900608802390000db
:10b5700083a144f7082020820e0020c54a0200a6bd
:10b58000210040b80a0200ae0e0220c5ce0000a67f
:10b59000080c0383082020820e0220c58affffa624
:10b5a0000e0020c50a0100a61574101ffe2120ed13
:10b5b0000e0020c5eafdffa6fea120ed0e0020c56d
:10b5c000aeffffa66afdffae05030172f81f000083
:10b5d000e10c049a0e0080c52e0000a68f1d01729a
:10b5e000f3de01801a2010e0f90c0498880021e5b0
:10b5f000f90c049c227f117f1061000002b1fad483
:10b600001a0088e4e10c049e8afeffae1e72f81f49
:10b61000f91ffa1ffb1ffc1ffd1fc0030800b182aa
:10b620000e0010c5ea0400a6e10c04980e0000c547
:10b63000ce0000a61a00abe003feff830800a0bd09
:10b64000060400ae0800d0828a0100aec2011fe5e8
:10b650001a0000e4c2f5ffd44bfe1ffc08001bbd1e
:10b660008efeffa62b7f1c0342abfad400390000ec
:10b670000efeffa66a0200ae82faffd4e10c049a25
:10b680007e0080c586ffffaef50c049a480309e4ee
:10b6900008000abd06ffffaaf3de018c197f000037
:10b6a000481c3b83120001e12b7f1c030361000057
:10b6b00082aafad448029ae1f50c049e1a0088e0a6
:10b6c000e10c049edf1dcf1dbf1daf1d9f1d8f1df3
:10b6d00003720172f81ff91ffa1fa003810d04a95c
:10b6e000ea0100a642b4fad4900300398a0100a608
:10b6f00009008088400218e500020ae1990d0490d3
:10b700000e0002d68061983da20000ae510d04905b
:10b71000003900004a0000a60e0000d6aafeffaec7
:10b72000af1d9f1d8f1d0172f81ff91ffa1f00002a
:10b7300093120582e2fcffd4c90d04a9ea0100a618
:10b74000030000a0eb1205aaf3e001a40a03000025
:10b7500002fcffd4087f2024096100000020008340
:10b76000230000fd62fbffd40313058222fbffd4fc
:10b770001a0088e0c90d84ab86feffaeaf1d9f1d89
:10b780008f1d0172f81f0000080080828316058259
:10b7900002faffd4731605867b1605820e0080c55b
:10b7a000030001f762f9ffd48f1d0172d3160582e1
:10b7b00002f9ffd4017200001e720000cffff0fdfd
:10b7c00003000080dffff0fd42000fe522f8ffd408
:10b7d00003720172f81ff91ffa1ffb1fa10300007b
:10b7e000080082820e0000c5aa0000a6030000ac7b
:10b7f00008009be4a2fdffd41a00bbe0a1ff9fb8a4
:10b800000e0080c5aa0000a61a0088e41a761874f3
:10b8100008a00a8202fdffd4a1ff8fb8bf1daf1d93
:10b820009f1d8f1d01720000f81f0000c10c0498bd
:10b83000d50c0498080001bd220100aaf3dd01a087
:10b84000007f000008e0088262fbffd4c90c04d42a
:10b85000c10c049cd50c0498080001bd06ffffaa8a
:10b860008f1d01721e72f81ff91f000008008082f0
:10b87000a2fdffd4d50c049ae90c84ab6e0100a69e
:10b88000dd0c04a7d90c0498f3dd0184027f0000cd
:10b890000300008c081c1383c90c049c0800098257
:10b8a00082f9ffd49f1d8f1d03720172c2001fe534
:10b8b00008000882c2e2ffd44bff1ffcd50c049c99
:10b8c000217f1003f3dd0180c299fad4aafdffaef7
:10b8d000f81ff91ffa1f00000e0000c5ea0000a6bd
:10b8e000030000a4e31605aa080089e40a03000087
:10b8f00002efffd41a0099e081ff8fb8af1d9f1da2
:10b900008f1d0172f81ff91ffa1ffb1f08008082ac
:10b910000800b182d10c0498080080bde20000aaa2
:10b92000f3dd01a4087f000008e0098242f4ffd49f
:10b930001a0088e0d90c84ab46ffffae0e00b0c5fc
:10b94000ea0000a6030000a4f31605aac80289e4d1
:10b950000a030000e2ebffd41a0099e081ff8fb8e0
:10b96000d10c049833030184082001e408000be1a2
:10b97000e2faffd4bf1daf1d9f1d8f1d0172000095
:10b98000f81ff91ffa1ffb1f0800a0820800918210
:10b990000e0010c56e0000a6bf1daf1d9f1d8f1da0
:10b9a00001720000d10c049a007f117f1061287f82
:10b9b00021650000f3dd01ac1b610b610293fad439
:10b9c000080289e4d10c049ec90c049e887f000003
:10b9d00003000080081eb0830800198208000a8254
:10b9e00002f9ffd48afdffae4e0400c5ca0300a6cb
:10b9f0004e0400c5a60100ae2e0400c54a0200a6f2
:10ba00002e0400c5060400ae1e0400c5de0000a61c
:10ba1000b10c04980e0000c54a0100a61a0000e40b
:10ba2000b10c049ce2f1ffd4017201728e0400c5d6
:10ba3000ea0300a6ee0700c56a0400a66e0400c56e
:10ba4000ea0300a601720000b10c0498e50c04980a
:10ba5000080001bd62ffffaa1a0000e0b10c049cbf
:10ba600002f0ffd401720000c10c04980e0000c562
:10ba70008afeffa61a0000e4c10c049c07000080a7
:10ba800062f2ffd401720000c10c0498d50c049836
:10ba9000080001bd62fdffaa007f0000f3dd018404
:10baa00008e0018282e8ffd4cd0c04d501720000c9
:10bab000c10c0498c2f0ffd4cd0c04a701720000a1
:10bac00022ebffd401720000910c04983e0000c5e7
:10bad0004a0100a64e0000c5ca0000a61e0000c50f
:10bae0000efbffa6c10c049822efffd4cd0c04a7d7
:10baf0000172000082e9ffd401720000c10c0498b9
:10bb0000d50c0498080001bdc2f9ffaa0700008403
:10bb100062f3ffd46af9ffae510d04940172000084
:10bb200003000080e2e2ffd401720000010d04c2b4
:10bb300001720000ce72f81ff91ffa1ffb1ffc1fd5
:10bb4000c900208846001fe582d0ffd4c003003919
:10bb50000a0300a6c10d04980e0000c5ca0100a684
:10bb6000fb0c0000f3e001a01a0000e42024000018
:10bb700003e101a8a0610000006098830020198300
:10bb80000b030000028efad400390000aa0100a6bf
:10bb90008a3d00000effffa6e3140582a2d9ffd460
:10bba000f00c000062d9ffd40313058222d9ffd420
:10bbb000c2fbffd4cf1dbf1daf1d9f1d8f1d037284
:10bbc00001720000130029fd46001fe50c03000070
:10bbd0000e0002d6eafeffae0f0000800d0d04eb52
:10bbe00001720000010d04981f0010f8017200009e
:10bbf000c50d049803000088fe0110c5e60000aee4
:10bc00001a0021e0c90d049c117f2124f3e0018872
:10bc100012610000000410830700008808000282ff
:10bc200001720000910d049409001088550d0494d0
:10bc300003000080050d049cc10d049cd10c049ce4
:10bc4000c10c049cb10c049ca10c049c910c049ca0
:10bc5000810c049ce10c049cf10c049c830f058274
:10bc600062fcffd401720000f81ff91ffa1ffb1fce
:10bc7000fc1f000008008082ae0000c5ca0600a6b6
:10bc8000810c049ca50c04981e0010c56a0800a62f
:10bc90002e0010c5ca0900a6be0100c52a0b00a6c9
:10bca000de0000c56a0b00a6ae0000c52a0b00a688
:10bcb0008e0000c58a0d00a6fe0700c54a0d00a62d
:10bcc0001e0000c50a0e00a65e0000c54a0e00a6b2
:10bcd0005e0100c54a0e00a6be0000c5ea0e00a621
:10bce0007e0100c54a0f00a6087f0000020200e5a1
:10bcf000e60500c5260600aed50c049a097f10742f
:10bd0000f60300c5a60500aec10c049bbc7f297fcd
:10bd10002b650000f3dd01a880021be112000be19e
:10bd20000a610000c277fad4c81ea8831a0099e0fd
:10bd3000d50c049e1a000ce0c10c049c997f0000f5
:10bd400003000080481ea0830800108208000c82b7
:10bd500082ddffd42a0300ae850c0498de0010c5f6
:10bd60006a0100a62b000084850c049ca50c049895
:10bd70001e0010c58a0200a62e0010c5cef8ffa630
:10bd8000ad0c04a708000882e2e2ffd46a0100ae0d
:10bd90002b000080810c049c0a0100ae0b00008483
:10bda000be0500c56a0000a603000088fe0400c5a9
:10bdb0004b0012f6a50c049c9d0c04a7cf1dbf1dc3
:10bdc000af1d9f1d8f1d0172030000842affffae6f
:10bdd0000a0310e49e0010c5820000aebe0300c539
:10bde000eefcffa69d0c04a78afeffae910c049802
:10bdf000a60000f60a0300e4080088e1910c049e06
:10be0000cafdffae07000080a10c049c9d0c04a796
:10be10004afdffae82d0ffd403130582a2c5ffd432
:10be2000f3dd01a4d50c0498017f0000030000a0fd
:10be3000081c98830903000082beffd4010d049ef4
:10be40000903000062e7ffd4d10c049ec10c049edc
:10be5000e10c0498b10c049c050d04981a0001e94a
:10be600002c9ffd4aafaffaec90c04a96afaffa658
:10be700007000080c2d2ffd407000084c90c04d69a
:10be8000e2d7ffd4aaf9ffaec10c049802d2ffd4c6
:10be9000cd0c04a72af9ffae62ccffd4eaf8ffaebe
:10bea000c10c049842d1ffd4cd0c04a7d50c049842
:10beb0000300008042d6ffd40af8ffaec10c0498fc
:10bec000d50c0498480010e5a2d5ffd46af7ffae60
:10bed000cd0c04980e0030c50af7ffa6037f10763c
:10bee000f3dd018408e001820e0200c56e0400a6a5
:10bef0001a0013e4efdd0180106100000800838266
:10bf0000080003821a0088e4210000b84a0200ae4b
:10bf1000084021820e0220c54affffa6087f107646
:10bf2000f3dd018408e001820e0200c54a0100a68b
:10bf30001a0018e4efdd018010610000080008829b
:10bf40001a0088e4210000b86a0000ae084021828f
:10bf50000e0220c54effffa6080038bde2f2ffae7c
:10bf6000c80098e40800098222cbffd40800198297
:10bf70000800088242d0ffd40af2ffae0800838294
:04bf80006afdffaea9
:020000040000fa
:0200000400807a
:10bf84005b646163746573745d2074686520444dfb
:10bf940041206368616e6e656c20737769746368b1
:10bfa400656420697473656c66206f66660d0a00ab
:10bfb4005b646163746573745d206e6f2064617487
:10bfc400610d0a005b646163746573745d205041a4
:10bfd40053533a2061206368616e67696e6720730a
:10bfe40069676e616c206172726976657320696e2f
:10bff40020746865206275666665722c20696e20ff
:10c004006f7264657220616e640d0a5b64616374af
:10c014006573745d202020776974686f757420617e
:10c0240020627265616b202d207468652041444351
:10c0340020636f6e766572747320616e6420746819
:10c044006520444d41206d6f766573206576657279
:10c05400790d0a5b646163746573745d20202072da
:10c064006573756c7420696e746f207468652072d2
:10c074006967687420706c6163650d0a00000000d4
:10c084005b646163746573745d204641494c0d0ab9
:10c09400000000005b646163746573745d206e6fff
:10c0a400204441432069732072756e6e696e672067
:10c0b4002d206e6f7468696e6720746f20746573c9
:10c0c400740d0a005b646163746573745d2044419c
:10c0d4004320756e697400005b64616374657374f6
:10c0e4005d2044414320747269616e676c652074fd
:10c0f40068726f756768204144432c20444d412089
:10c10400616e64207468652070696e672d706f6e4f
:10c1140067206275666665720d0a5b6461637465a7
:10c1240073745d206f6e65206275666665722c207f
:10c134007468652073747265616d2073746f7070b8
:10c1440065642066726f6d2074686520444d4120db
:10c15400696e746572727570742c20736f207468c4
:10c16400650d0a5b646163746573745d2077696e41
:10c17400646f7720697320636f6e746967756f7578
:10c184007320616e64206e6f7468696e67206f76c9
:10c194006572777269746573206974207768696c55
:10c1a4006520697420697320726561640d0a00005a
:10c1b4005b646163746573745d2020204144432093
:10c1c400636f7265000000005b646163746573747f
:10c1d4005d202020696e707574202850494e5345a7
:10c1e4004c2900005b646163746573745d202020d6
:10c1f40073616d706c657320696e20746865207757
:10c20400696e646f77005b646163746573745d2049
:10c2140020206578706563746564206d696e2028dc
:10c224004441434c4f5729005b64616374657374e4
:10c234005d2020206578706563746564206d617885
:10c24400202844414344415429005b64616374657c
:10c2540073745d202020747269616e676c65207050
:10c264006572696f64206e73000000005b64616333
:10c27400746573745d20202077696e646f77206e17
:10c284007320657870656374656400005b64616342
:10c29400746573745d202020747269616e676c65c7
:10c2a40020736c706461742063686f73656e2066bc
:10c2b4006f72206974005b646163746573745d20dc
:10c2c4002020636f756c64206e6f742072657374c4
:10c2d4006172742074686520444143206174207441
:10c2e4006861742073706565640d0a005b64616342
:10c2f400746573745d202020627572737473206298
:10c3040065666f7265207468652073746f700000d1
:10c314005b646163746573745d207469636b73201b
:10c324006f76657220616c6c206275727374732011
:10c334002831322e35204d487a2900005b64616330
:10c34400746573745d206e732070657220627572fb
:10c3540073742077696e646f77005b6461637465de
:10c3640073745d2073616d706c65207261746520f7
:10c374006b737073000000005b64616374657374b5
:10c384005d20747269616e676c6520706572696f97
:10c394006420696e2053414d504c455320286d65ef
:10c3a40061737572656429005b6461637465737499
:10c3b4005d20726576657273616c2068797374654b
:10c3c4007265736973207573656400005b646163ef
:10c3d400746573745d20747269616e676c65207036
:10c3e4006572696f64206e73204d45415355524503
:10c3f400442066726f6d2074686520646174610006
:10c404005b646163746573745d20202074686520c7
:10c4140073616d6520636f6d7075746564206672f9
:10c424006f6d2074686520444143207265676973a9
:10c4340074657273000000005b64616374657374f7
:10c444005d2020202874686520636f6d70757465a5
:10c4540064206f6e65206973206b6e6f776e206e3b
:10c464006f7420746f206d617463682074686973dd
:10c47400206861726477617265202d0d0a5b6461c6
:10c4840063746573745d20202020697420697320af
:10c494007072696e74656420666f722074686520ba
:10c4a4007265636f72642c206e6f7468696e6720a6
:10c4b4006973206a756467656420616761696e7376
:10c4c40074206974290d0a005b6461637465737474
:10c4d4005d206d696e005b646163746573745d20d7
:10c4e4006d6178005b646163746573745d2070656d
:10c4f400616b2d746f2d7065616b00005b6461630b
:10c50400746573745d206c617267657374207374f1
:10c514006570206265747765656e2074776f20732b
:10c52400616d706c657300005b6461637465737442
:10c534005d20736c6f706520726576657273616cd3
:10c5440073005b646163746573745d206f766572f8
:10c5540072756e20647572696e67207468652062f6
:10c5640075727374000000005b64616374657374b6
:10c574005d2066697273742032342073616d706c4f
:10c5840065732028636f6e736563757469766529b6
:10c594003a0d0a005b646163746573745d20202046
:10c5a400000000005b646163746573745d206576ec
:10c5b40065727920363474682073616d706c6520ff
:10c5c4006163726f7373207468652077696e646f3a
:10c5d400773a0d0a000000005b646163746573744c
:10c5e4005d2020204641494c3a2054484520574973
:10c5f4004e444f5720495320464c4154202d206e21
:10c604006f206368616e67696e67207369676e6126
:10c614006c20617272697665732e0d0a5b646163c6
:10c62400746573745d2020202020456974686572e8
:10c63400207468652044414320646f6573206e6fe5
:10c6440074207265616368207468697320696e7010
:10c6540075742c206f722074686520444d412069e4
:10c66400730d0a5b646163746573745d202020201c
:10c6740020636f7079696e67206120726573756cd1
:10c6840074207265676973746572207468617420bc
:10c694006e65766572206368616e6765732e0d0a38
:10c6a400000000005b646163746573745d207374df
:10c6b4006570206c696d697420666f722074686996
:10c6c40073207377696e67005b6461637465737468
:10c6d4005d2020204641494c3a2061206a756d70e6
:10c6e40020666172206c6172676572207468616e85
:10c6f40020746865207369676e616c206d616b6579
:10c7040073206265747765656e2074776f0d0a5bbc
:10c71400646163746573745d20202020206e6569f4
:10c724006768626f7572696e672073616d706c659e
:10c7340073202d20612073616d706c6520697320f6
:10c744006d697373696e672c206f7220746865203d
:10c7540077696e646f770d0a5b64616374657374e3
:10c764005d202020202069732061207365616d2085
:10c774006265747765656e2074776f20777269746b
:10c7840065730d0a000000005b6461637465737473
:10c794005d2020206e6f74653a206d696e696d7539
:10c7a4006d2062656c6f77204441434c4f570d0aee
:10c7b400000000005b646163746573745d20202075
:10c7c4006e6f74653a206d6178696d756d20616274
:10c7d4006f7665204441434441540d0a0000000033
:020000040000fa
:0200000400807a
:10c7e400010000000a00000064000000a00f000027
:10c7f400401f0000204e0000636861696e20616c78
:10c804006c207c20636861696e203c302e2e393e9a
:10c81400207c20636861696e2066726f6d203c30f5
:10c824002e2e393e207c20636861696e2072756efd
:10c83400203c6b7370733e205b7365636f6e64732f
:10c844005d0073747265616d206f6e203c6b737054
:10c854007320312e2e34303030303e205b3c636ff9
:10c86400726520312e2e353e203c70696e73656ce6
:10c8740020302e2e31353e205b3c73616d632030b9
:10c884002e2e33313e5d5d207c2073747265616da4
:10c89400206f6666207c2073747265616d206772f8
:10c8a4006162207c2073747265616d0030313233b3
:10c8b4003435363738394142434445460000000098
:10c8c4007265736574007265736574202d20736fcf
:10c8d4006674776172652072657365740000000088
:10c8e400c4c88000e05e8000cac88000626c6b002f
:10c8f400626c6b205b6e5d202d2074686520736113
:10c904006d706c6520626c6f636b2061732062696b
:10c914006e6172792c2077697468206120435243d8
:10c9240000000000f0c8800080798000f4c8800016
:10c93400726174650000000072617465203c6b7361
:10c9440070733e202d207468652073616d706c6572
:10c9540020726174652c20343030302e2e34303007
:10c964003030000034c98000606580003cc980001c
:10c97400736e617000000000736e6170202d20667c
:10c98400696c6c2074686520627566666572206fd8
:10c994006e636520616e642073746f703b207468ed
:10c9a400656e2064756d70206974000074c9800020
:10c9b400206080007cc9800073747265616d000022
:10c9c40073747265616d206f6e203c6b7370733e7f
:10c9d400205b636f72652070696e73656c205b7396
:10c9e400616d635d5d7c6f66667c67726162202d3c
:10c9f4002074686520636861696e20737472656170
:10ca04006d696e672c206d61696e28292070726fc4
:10ca140063657373696e672c206f6e652068616c43
:10ca2400742f7472616e736665722f7265737461ac
:10ca34007274206379636c6500000000bcc98000d7
:10ca440074768000c4c98000636861696e0063689d
:10ca540061696e20616c6c7c3c6e3e7c66726f6dad
:10ca6400203c6e3e7c72756e203c6b7370733e206e
:10ca74005b735d202d2074686520636861696e2096
:10ca840074657374000000004cca800070618000fb
:10ca940052ca800074657374000000007465737476
:10caa400205b616c6c7c73656c667c636c6f636b20
:10cab4007c636c6b6f66667c6275727374737c6d79
:10cac40061747269787c726174657c737765657072
:10cad4007c6461635d205b6e5d00000098ca800029
:10cae400708c8000a0ca8000a00f0000401f0000ce
:10caf400204e0000e803000084030000200300002f
:10cb0400bc02000058020000f4010000c201000051
:10cb1400900100005e0100002c010000fa000000fa
:10cb2400c800000064000000706c6c00706c6c2025
:10cb34003c70313e203c70323e202d20504c4c3114
:10cb4400206f757470757420646976696465727396
:10cb5400203d207468652073616d706c652072617e
:10cb6400746500002ccb8000b062800030cb800064
:10cb7400636c6b00636c6b203c3130302e2e313093
:10cb840030303e202d20434c4b47454e36206469bf
:10cb94007669646520726174696f20782031303061
:10cba4002028646f6573204e4f54206368616e675c
:10cbb40065207468652072617465290074cb8000f7
:10cbc400b869800078cb80007377656570007377ef
:10cbd400656570205b68616c7665735d202d206fe0
:10cbe40076657272756e2076732073616d706c65f4
:10cbf4002072617465206f766572207468652063a5
:10cc04006c6f636b206c616464657200cccb8000d4
:10cc1400108f8000d2cb80006c6564006c6564204a
:10cc24006f6e7c6f66667c6175746f202d204c4539
:10cc3400443000001ccc8000c06a800020cc8000fe
:10cc4400636c65617200636c656172202d207a6586
:10cc5400726f20746865206572726f7220636f75dd
:10cc64006e7465727300000044cc8000505f8000d5
:10cc74004acc800064756d700000000064756d70ae
:10cc8400205b636f756e745d205b6f66667365749d
:10cc94005d202d2073616d706c6573206f66207448
:10cca4006865206275666665722028736e617020ff
:10ccb400666972737429000078cc80007063800008
:10ccc40080cc800073746174730073746174732016
:10ccd4002d206d696e2f6d61782f6d65616e206feb
:10cce400662074686520636f6d706c65746564207c
:10ccf40068616c6600000000c8cc8000985f80000a
:10cd0400cecc800073656c6674657374000000009b
:10cd140073656c6674657374202d2073616d706c1b
:10cd2400652074686520696e7465726e616c20722a
:10cd340065666572656e63650000000008cd80005d
:10cd4400506a800014cd800064616374657374005c
:10cd540064616374657374205b68616c7665735d8c
:10cd6400202d206a75646765207468652072756e6d
:10cd74006e696e6720444143277320747269616e43
:10cd8400676c65207468726f7567682074686520c5
:10cd9400636861696e0000004ccd80009c7c80005b
:10cda40054cd800064616300646163203c317c3253
:10cdb4003e203c6f6e7c6f66663e205b6c6f775dd9
:10cdc400205b686967685d205b736c706461745d87
:10cdd400202d20747269616e676c65206f6e20442b
:10cde40041434f5554312f3200000000a8cd80003c
:10cdf400d0668000accd80006275660062756620e6
:10ce04005b6e5d202d2073616d706c6573207065a1
:10ce140072206275666665722068616c66202831ce
:10ce2400362e2e313032342c206576656e29000082
:10ce3400fccd80007868800000ce8000636f72654e
:10ce440000000000636f7265203c312e2e353e20b9
:10ce54005b70696e73656c5d202d207377697463f4
:10ce640068207468652041444320636f7265000044
:10ce740040ce80000869800048ce8000696e7075dd
:10ce84007400696e707574203c302e2e31353e204e
:10ce94002d20616e616c6f6720696e707574202837
:10cea40050494e53454c290080ce800028668000ae
:10ceb40086ce800073616d630000000073616d6352
:10cec400203c302e2e33313e202d2073616d706c4a
:10ced400652074696d6520696e2054414420737423
:10cee40065707300b8ce80007c668000c0ce800080
:10cef40073746f700000000073746f70202d2073c2
:10cf0400746f70206166746572207468652063753f
:10cf14007272656e74206275666665720000000048
:10cf2400f4ce80004c6b8000fcce80007374617280
:10cf340074007374617274202d2073746172742090
:10cf44007468652062757273742073747265616da0
:10cf54000000000030cf8000f05f800036cf8000fa
:10cf6400726567730000000072656773202d20638b
:10cf74006c6f636b2c204144432c20444d41206151
:10cf84006e642055415254207265676973746572ea
:10cf94007300000064cf8000606b80006ccf800061
:10cfa4007374617475730000737461747573202de8
:10cfb4002072756e20737461746520616e642063e1
:10cfc4006f756e7465727300a4cf8000686b800007
:10cfd400accf800076657273696f6e00766572738c
:10cfe400696f6e202d206275696c642069642c2041
:10cff400676974207265766973696f6e2c20626f3d
:10d004006172642c20636f6e6669677572617469fe
:10d014006f6e0000d8cf8000cc6c8000e0cf800021
:020000040000fa
:0200000400807a
:10d024001a0000e407000084080001bd0700008026
:10d03400220000ae030000800172000023e701809b
:10d044006b0000fc0e0000c54e0000a623e7018023
:10d05400eb0000fc0172000049011088101500006b
:10d06400b30d058a40e01283002081c20020f1c282
:10d074001dd401c3002001c223e70188080033a4a2
:10d084003261637407000080080430830172000079
:10d0940023e7018c080032a4800003e1130000fca4
:10d0a40080e0538245020465400300000801f5a1b5
:10d0b40040014195001001971461427480e023827d
:10d0c400227e0000121022f5512400000b0050e0d3
:10d0d40082cff9d401720000f81ff91ffa1ffb1f59
:10d0e4000800b0829102a2028302000082f9ffd4f8
:10d0f4000e0000c50a0200a60300008008380000e4
:10d10400aa0100a6187e397e21030000d20c20c19a
:10d11400323d0000060100aa2a7e00002983078808
:10d12400000011e503000080213d0000460000ae30
:10d134009a3c0000660000aabf1daf1d9f1d8f1df5
:10d1440001720000e2dafed40e0000c54affffa619
:10d154000b7f1076b30d058e490110881015000061
:10d1640040e043830020f4c0820021e180e0238377
:10d174003b0052fc754000003f0025fd3300009445
:10d18400402544ea420041e100e14383000449822e
:10d1940017004afcc174000040e0138300041882a5
:10d1a4003b0012fc214200003f0021fd3b0012fc29
:10d1b400714200003f0021fd080032a423e70184ee
:10d1c40012612103291e000000042a82270018fc92
:10d1d400070000887f0012fde2f3ffd4cafaffae15
:10d1e400f81ff91f080090828102000082f1ffd429
:10d1f4000e0000c5aa0000a6cffcff87186000003f
:10d204000300008056e610c4420000ae9f1d8f1d2f
:10d214000172000062d4fed40e0000c56affffa6ae
:10d22400097f1076b30d059249011088101500008e
:10d2340040e024830020f2c0820031e1c0e0348366
:10d244003b0053fc754000003f0035fd3b0053fca0
:10d25400254000003f0035fd3300008cc02422ea45
:10d264004174000040e01483170018fc080032a445
:10d2740023e7018412612103281e00000004288290
:10d28400420031e101002088000432827174000000
:10d294000804128302eeffd48afbffaef81ff91fc5
:10d2a4000800808291020000a2ebffd40e0000c5aa
:10d2b400ca0000a6887f18764901008880150000fe
:10d2c400c30d058200e00883170009fc9f1d8f1d14
:10d2d40001720000f81f00000800808202eaffd4f7
:10d2e4000e0000c54a0300a6087f1076b30d058e14
:10d2f400490110881015000040e023830020f2c08b
:10d30400002082c08174000040e013833b0021fcb4
:10d31400724000003f0012fd3b0021fc224000004f
:10d324003f0012fd3024000023e701840161000066
:10d33400620020e10300008408042183707400006b
:10d3440008040183a2e7ffd40e0000c52a0000a64a
:10d354008f1d01721dd401c102cffed48affffae1e
:10d364000700008062fbffd40b00008022fbffd487
:10d3740001720000f81f00000800808202e5ffd45b
:10d38400090010880e0000c58a0000a6887f382492
:10d3940023e7018080610000ebff18fc1a0001e91b
:10d3a4008f1d0172f81f00000800808282e3ffd401
:10d3b400090010880e0000c58a0100a6887f18762f
:10d3c40023e70184080232a4216142742b0002fc89
:10d3d400090010880e0000c58a0000a623e701801a
:10d3e4003824806178740000002018ff1a0001e9d5
:10d3f4008f1d0172f81f00000800808202e1ffd433
:10d40400010010880e0000c58a0000a6887f382419
:10d4140023e7018080610000c3ff18fc01028f1d17
:10d4240001720000f81f00000800808282dfffd430
:10d43400010010880e0000c58a0000a6887f3824e9
:10d4440023e7018080610000d3ff18fc01028f1dd7
:10d4540001720000f81f00000800808202deffd481
:10d46400010010880e0000c58a0000a6887f3824b9
:10d4740023e7018080610000e3ff18fc01028f1d97
:10d4840001720000f81f00000800808282dcffd4d3
:10d494000e0000c5ca0000a6887f187649010088de
:10d4a40080150000f30d058200e008832a0000ae19
:10d4b400931605828f1d017223e70180eb0010fc97
:10d4c4000b0000800e0010c54e0000a623e701806b
:10d4d4006b0000fc01720000f81ff91f0800808235
:10d4e400e2d9ffd4090090880e0000c54e0000a6c2
:10d4f40009039f1d8f1d0172887f1876c2cbfed44d
:10d504009003000023e70184080232a421614274dd
:10d514003b0002fc0e0000c52a0200a6080231a44a
:10d5240023e7018001610000230000fc00380000b3
:10d53400aa0100a609390000aafdffa601a0ac803b
:10d5440095c311800803000022daffd4121029f5d4
:10d55400002d113162abf9d4900300008afcffaeb8
:10d56400090090884afcffae090090880afcffaecf
:10d57400f81ff91ffa1f000008008082a1030000b1
:10d58400e2d4ffd4090090880e0000c55e0000a616
:10d594000903af1d9f1d8f1d0172887f187600003f
:10d5a400a2c6fed49003000023e70184080232a43b
:10d5b400216142743b0002fc0e0000c54a0200a631
:10d5c400080231a423e7018001610000230000fc6c
:10d5d40000380000ca0100a6093900008afdffa630
:10d5e40089e211880803000022d5ffd440002a955f
:10d5f4008012009712610000121029f522a6f9d4b6
:10d60400900300004afcffae090090880afcffaebc
:10d6140009009088cafbffae32022102100200000a
:10d624000b00008082d5ffd40172000010020000bc
:10d634000b00008042ddffd40172000010020000e4
:10d644000b000080a2e2ffd4017200000b000080f6
:10d6540002e4ffd4017200000b000080a2e8ffd4b2
:10d66400017200000b000080c2e9ffd401720000c7
:10d674000b000080e2ebffd4017200000b0000807d
:10d6840002edffd4017200000b00008022eeffd4f3
:10d69400017200000b000080e2f1ffd4017200006f
:10d6a400100300000b00008022f6ffd4017200007a
:10d6b4001db203c115b20398710000ca0d0031ca2e
:10d6c40015b2039c1a0000e905b20398ee0311edac
:10d6d400480010eb05b2039c1db203c315b20398b6
:10d6e4004f0031f8090000887e0010c54a0000a6ea
:10d6f4001a0000e90172000011b203983f0470f8a7
:10d704006affffae1db203c101b203c00172000083
:10d7140011b20398f20000e901720000f3df048201
:10d72400e2adfcd415d4019033e00482a282fdd48e
:10d7340095d4019063e004824282fdd415d5019012
:10d7440083e00482e281fdd455d50190a3e00482f4
:10d754008281fdd495d50190d3e004822281fdd449
:10d76400d5d5019003e10482c280fdd455d6019041
:10d7740023e104826280fdd495d6019043e10482c2
:10d784000280fdd4d5d6019073e10482a27ffdd43a
:10d7940015b20390a3e10482427ffdd4c2b6fed445
:10d7a40010030000c3e104826220fdd40172000072
:10d7b4001a0020e4030000844e0020c5e60000aef9
:10d7c400007f10764903108801150000a30401842a
:10d7d400a393048a800410e10700008408000182f6
:10d7e400017200009112049008200082017200006e
:10d7f400911204900b0300fc01720000911204903a
:10d80400630000fd0172000091120490730000fd9a
:10d814000172000091120490930010fda30000fd1a
:10d82400002001e909001088013d000022c000f138
:10d834001f0010f80172000091120490730010fd93
:10d8440000201183930000fd090400880172000088
:10d85400f81ff91ffa1ffb1f08009082080081823d
:10d8640091120490130010fd1b0001fc7040000095
:10d874001f0010fd91120490430010fdfa0029e9e5
:10d884003b0001fc0e0300ed080002eb3f0010fd1d
:10d8940091120490430000fd3b0010fc010000cafb
:10d8a4000d0451ca3f0001fd91120490430010fd84
:10d8b4003b0001fc704000003f0010fd91120490f9
:10d8c400430010fd3b0001fc604000003f0010fde0
:10d8d40091120490430010fdfa0128e92b0001fc89
:10d8e4000e0200ed080002eb2f0010fd91120490cf
:10d8f400430000fd08201082210000ca2d0471cad3
:10d904000804018391120490430000fd1b0010fce5
:10d91400010000ca2d0471ca1f0001fd9112049078
:10d92400430010fd2b0001fc504000002f0010fdaf
:10d9340091120490430010fd2b0001fc6040000094
:10d944002f0010fd91120490430000fd0820108266
:10d95400110000ca0d0051ca0804018391120490f9
:10d96400430000fd1b0010fc210000ca0d0051ca39
:10d974001f0001fd91120490530000fd090014885a
:10d984000004018399120492b3001afd0303009c5e
:10d994001900608843020094c9003088480050a2ee
:10d9a40020240000c00140e1f20121e9840122adfc
:10d9b40022790000802444e905610000802400e904
:10d9c40011740000a1fe3fb813001afd1b0001fcf6
:10d9d400704200001f0010fd0148e8801500a0807f
:10d9e4005900b0884a0000ae0b030000a22f01d4f6
:10d9f40091120490130000fd3b0000fc3f04e0f88a
:10da04000e0000c54e0000a621ffafb8cafeffae4f
:10da1400d3f50482a271fdd4197f0000d3f60482e9
:10da24006271fdd4187f000013f704820271fdd4e3
:10da3400bf1daf1d9f1d8f1d017200009912049020
:10da4400430032fdfa0000e93b0023fc0e0322ed03
:10da5400880020eb3f0032fd91120490430020fd2a
:10da6400fa0101e92b0012fc0e0211ed480010eb43
:10da74002f0021fd0172000091120490430000fd6b
:10da840008201082210000ca2d0471ca08040183f1
:10da940091120490430000fd1b0010fc010000ca19
:10daa4002d0471ca1f0001fd91120490430000fd72
:10dab40008201082110000ca0d0051ca0804018315
:10dac40091120490430000fd1b0010fc210000cac9
:10dad4000d0051ca1f0001fd01720000951204904f
:10dae400430011fdfa2711e995120490430011fd3a
:10daf4001b0021fc010000ca2d0472ca1f0012fd84
:10db040095120490430011fdfa0300e90e2021ed63
:10db1400880410eb91120490430000fd1b0010fcdc
:10db2400010000ca0d0051ca1f0001fd017200006e
:10db340095120490430011fd03ffff8b882411eb21
:10db440095120490430021fd000060a41b0012fc08
:10db5400fa0311e9480010eb1f0021fd9112049013
:10db6400430000fd08201082110000ca0d0051cab4
:10db74000804018391120490430000fd1b0010fc73
:10db8400210000ca0d0051ca1f0001fd01720000ee
:10db940095120490430021fdfa0300e91b0012fcd6
:10dba4000e0011ed480010eb1f0021fd0172000072
:10dbb40003000084080001bd22c000f11f0010f81a
:10dbc40095120490430021fd1a0000e9000050a4be
:10dbd4002b0012fcfe0111ed480000eb2f0020fd8c
:10dbe4000172000091120490430000fd2b0000fc20
:10dbf4001f0450f80172000091120490130010fdec
:10dc04000100008005e00180002001e901720000ac
:10dc140091120490170000844824f0edce0100a670
:10dc24002308058a09000088f90010884a0000ae1c
:10dc3400210010b8ea0000ae00603283f903408886
:10dc4400002133e9033900002affffa61074000005
:10dc5400eafeffae01720000f96300880172000061
:10dc6400e50d00c0e50a00c04514049c0e0000c583
:10dc7400aa0000a681160098310000ca0d0460caeb
:10dc84008116009ce50d00c20172000095120490fb
:10dc9400130021fd000020a42b0012fc3a0011e91e
:10dca400480010eb2f0021fd017200009112049036
:10dcb400430000fd082000822f0470f80172000068
:10dcc40091120490430000fdfa2300e90172000060
:10dcd40091120490430000fd1b0000fcfa0300e9cc
:10dce4000172000091120490430000fd1b0000fc2f
:10dcf4002f0470f80172000091120490130000fdcb
:10dd04002b0000fc2f0070f80172000091120490a7
:10dd1400130000fd3b0000fc3f04e0f8017200002a
:10dd240095120490530011fd000410830172000049
:10dd340091120490130010fd1b0001fc70400000c0
:10dd44001f0010fd91120490730010fd0020118338
:10dd5400930000fd090400880172000091120490f0
:10dd6400130010fd1b0001fc704200001f0010fd99
:10dd740091120490130030fd0148e88015000080e2
:10dd840033742003002013ff7f04e1f80e0010c554
:10dd94004e0000a61076000041ff2fb8090010883d
:10dda400013d000022c000f11f0010f801720000c4
:10ddb40091120490430000fd3b0000fcfa0000e9ce
:10ddc4000172000091120490430000fd2b0000fc3e
:10ddd400fa0100e90172000091120490730010fd31
:10dde40000201183330000fd0c2000c201720000ea
:10ddf40063b604824277fcd442cfffd4107f000084
:10de0400a3b6048282edfcd491120490130000fda9
:10de140000201083c3b60482424bfdd491120490b7
:10de2400230000fd00201083e3b60482a24afdd43f
:10de340091120490430000fd0020108303b7048274
:10de4400024afdd491120490530000fd0020108377
:10de540033b704826249fdd491120490630000fd3b
:10de6400002010835bb70482c248fdd49112049051
:10de7400730000fd0020108383b704822248fdd480
:10de840091120490b30010fdb3b7048242e9fcd4ac
:10de940022ebffd410030000d3b704822247fdd441
:10dea40091120490830000fd0020108363b8048263
:10deb4008246fdd491120490930000fd002010834b
:10dec400c3b80482e245fdd491120490a30010fd6e
:10ded40023b904826245fdd4017200008603ffe188
:10dee400f81ff91ffa1ffb1ffc1ffd1ffe1fc003b5
:10def400003900002e0000a61900c088c2adffd46e
:10df04000800e0820e0000c5ea0c00a622a7ffd498
:10df1400007e500908000e8242a8ffd4007e20092a
:10df240008000e8282adffd41009000002a1fdd4c6
:10df3400d0030061800970091e7f0000230303825f
:10df4400a2e3fcd473030382a26cfcd4a2c4ffd466
:10df5400107f0000d3060382e2e2fcd482bffdd42a
:10df6400107f00003307038262e2fcd4810d0000bd
:10df7400a307038202e2fcd4510d00002b080382a4
:10df8400a2e1fcd4210d0000b308038242e1fcd4d9
:10df9400110d00003b090382e2e0fcd40296fcd49c
:10dfa400e2edfdd4900300006276fed480030939cb
:10dfb4008a0500a6003900004a0500a6121029f5ba
:10dfc4000124f48005000080840d000000110097f6
:10dfd4008257f9d4b103a003f9e36f8f0900708865
:10dfe400000026e9400037e9c00008958010289712
:10dff40030610000010048801541068031f27980cb
:10e00400050010801900808809009088203d313f68
:10e01400e60000ae6255f9d491038003260300c5df
:10e02400013b0000420000ae29038088090090886b
:10e034001a030000c3090382e2dbfcd418030000c6
:10e04400430a038282dbfcd438020000033c0088cc
:10e054000304008408000e82e283ffd40e0000c58e
:10e064004a0300a61c030000c30b038242dafcd45b
:10e07400628ffcd40c0300006219fed4a0030000dc
:10e08400421cfed400090a396a0200a613fe028665
:10e09400d3fe02828a390000430000f70262fcd4f6
:10e0a40082aafdd46a0000ae630203828261fcd4ba
:10e0b4001900a0880a03ef1ddf1dcf1dbf1daf1d72
:10e0c4009f1d8f1d8603ffe501720000eb0a03828a
:10e0d4006260fcd46afcffaec219fed4480322a4d9
:10e0e40010030000f39d0180a258f9d422a8fdd4a6
:10e0f400770d0739ca0000a6f39d019000208482a1
:10e1040098033a03ba03750d40012ae56a0300ae89
:10e114008b0d8b03f1ff0f80050090800100fe80c2
:10e12400f5e30080400900001100f080f5e317805a
:10e134003109f00801c2eb80b50020800900308865
:10e1440001a0ac8095c30180070d0000c0110097a9
:10e15400824bf9d4d008e108d10c610901039f7204
:10e1640007000ceac008ea03da030000da0b00ae89
:10e17400400000e5b03d0000c322b0f71374000076
:10e18400210020b88a0100ae00a00482903d000066
:10e1940003c099f7803d0000032280f70339000093
:10e1a400cafeffa6f3ff14fc013d000002feffae11
:10e1b40001650000eafdffae000229e53209000016
:10e1c400880034a24409000089000088f60320c5b1
:10e1d40003c100f7f0080000f39d0194002055826c
:10e1e4001502760d1639000042faffaefb9d01942c
:10e1f400da033a03ea030000190040882900708812
:10e20400800124e568098003aa1800ae013d0000de
:10e21400061800ae400060e5683d0000a61600ae9a
:10e22400010300006a1700ae013d0000261700aa92
:10e23400000061e5683d0000661600ae01030000c1
:10e244008a1600ae480321a409a36f8f6f6116617b
:10e254000004148310031d74da1500ae680d000069
:10e2640001c2eb80b50020800900308801a0ac8099
:10e2740095c30180070d0000c01100972242f9d414
:10e28400d008e108d10c610901039f7207000cea70
:10e29400c0081d39820200ae610dc13d661000ae9a
:10e2a400720d02396a1000a61d760000480320a4ee
:10e2b40009a34f8f4f610461c3fd6ffd802150edb1
:10e2c400400105e19f72000007000dead003870dad
:10e2d400121027f5c40c000000110097223ff9d456
:10e2e400a00300001a0000aeda03010d530c0382f0
:10e2f40022c6fcd4c10c0000030d0382c2c5fcd4a9
:10e30400610d0139ba0100a6820d000000130297c5
:10e314000124f48005003080400023950010039709
:10e324001261d40ce50c0000f9e36f8f09007088ca
:10e33400000126e9400137e9423cf9d46009610d46
:10e344007b0d038282c3fcd41d030000f30d038202
:10e3540022c3fcd4f10c0000b30e0382c2c2fcd46d
:10e364001a030000430f038262c2fcd4110d0000a3
:10e374001310038202c2fcd4f3100382024bfcd4b8
:10e38400190300003313038262c1fcd41803000094
:10e394006b13038202c1fcd4310d0000a31303826a
:10e3a400a2c0fcd41b0300000314038242c0fcd4ab
:10e3b4001e030000b3140382e2bffcd4950704904b
:10e3c4001b15038282bffcd4b31503828248fcd49c
:10e3d400eb9d01b0f39d01b4631603ba8901a088d3
:10e3e40000a01c820e03000062befcd481ffafb803
:10e3f400a31603824247fcd4770d07398a0100a68d
:10e40400810d0000120001e56022ad030208a0c1e5
:10e414007024a061631603ba0940c08800201d82dd
:10e424000e03000082bcfcd4dc61ad3d6effffa690
:10e4340009010088420d340df60740c583c020f75a
:10e4440042090000070000a8160340c5620300ae9d
:10e45400410d0000a31a0382e2bafcd4450d5b3dd2
:10e46400460300aa69411088560d0000660960c57c
:10e47400832101f70165093d060300ae200d00006c
:10e48400620900c1083d0000e60200aa23ff0286db
:10e49400130203820e00a0c5030001f70242fcd45c
:10e4a4001a00a0d1aa7f00004ae0ffaeda03000000
:10e4b400baf1ffae8d0dad037af1ffae731703828f
:10e4c400e240fcd4030000a82afcffae331b038205
:10e4d4006240fcd4030000a84afcffae331e038252
:10e4e400e23ffcd4aafcffaee31e0382823ffcd4cd
:10e4f400cafcffae290030881e74fd3922eaffae43
:10e50400100300007a0000ae190030884affffae05
:10e514001900308810031474210020b8eae9ffae12
:10e5240000600582133900000ae7ffa623390000c2
:10e53400aae7ffa6400068e1603d000086feffaa4e
:10e54400000068e1613d0000c32037f7613d000031
:08e55400432000f7eafdffaed1
:020000040000fa
:0200000400807a
:10e55c00756e6b6e6f776e000d0a5b545241505d99
:10e56c0020756e68616e646c656420766563746f8b
:10e57c0072206f722043505520747261700d0a0026
:10e58c005b545241505d20494e54545245472e56cf
:10e59c0045434e554d005b545241505d20494e54fd
:10e5ac00545245472e494c52000000005b545241d6
:10e5bc00505d2050435452415020285043206174e8
:10e5cc002074686520747261702900005b5452419c
:10e5dc00505d207265616368656420626f6f7420a2
:10e5ec007374616765005b545241505d206c6173bc
:10e5fc0074207374657020636f6d706c65746564e2
:10e60c003a2000005b545241505d20766563746f74
:10e61c00722031203d204350552f4650553a2072e0
:10e62c0065616420494e54434f4e312f332f3420b3
:10e63c0062656c6f770d0a005b545241505d207619
:10e64c006563746f722030203d20434f4d4d4f4e0b
:10e65c002028636f6c6c61707365642920696e741b
:10e66c006572727570740d0a000000005b545241a3
:10e67c00505d20766563746f7220322e2e35203dee
:10e68c0020582052414d20454343202f20592052e1
:10e69c00414d20454343202f20504255207061723c
:10e6ac00697479202f204e564d204543433a206102
:10e6bc00206d656d6f7279206572726f722e2052ab
:10e6cc00414d206f6e2074686973206465766963b0
:10e6dc0065206973204543432d70726f74656374b4
:10e6ec00656420616e64206120776f7264206e65b2
:10e6fc00766572207772697474656e2073696e63c7
:10e70c006520706f7765722d75702068617320724b
:10e71c00616e646f6d20636865636b2062697473ee
:10e72c002c20736f2052454144494e4720756e6929
:10e73c006e697469616c697365642052414d207215
:10e74c0061697365732074686973202870657273ce
:10e75c00697374656e74207661726961626c65733d
:10e76c002c2061206275666665722072656164207a
:10e77c006265666f726520697420776173206669c3
:10e78c006c6c65642c20612031362d6269742077a5
:10e79c007269746520696e746f2061206e65766590
:10e7ac00722d7772697474656e2033322d626974c0
:10e7bc0020776f7264292e205043545241502061af
:10e7cc00626f766520736179732077686572653b3b
:10e7dc0020494e54434f4e332062656c6f77207343
:10e7ec006179732077686574686572206974206537
:10e7fc007363616c6174656420746f206120627551
:10e80c00732d6572726f7220747261700d0a000044
:10e81c005b545241505d20766563746f7220392fc2
:10e82c003130203d20636c6f636b206661696c2016
:10e83c002f20636c6f636b206572726f723a207459
:10e84c006865204653434d207361772074686520ba
:10e85c0073797374656d20636c6f636b2073746f65
:10e86c00703b204f53434354524c2c20504c4c3251
:10e87c00434f4e2c20434c4b31434f4e2062656c22
:10e88c006f770d0a000000005b545241505d20610f
:10e89c00206368616e6e656c206f7220636f6d70a3
:10e8ac00617261746f72206576656e74206f66207c
:10e8bc007468652041444320636f726520696e2043
:10e8cc007573652072656163686564207468652082
:10e8dc004350553b206974206973206d65616e74db
:10e8ec0020746f2074726967676572206f6e6c7923
:10e8fc002074686520444d412e205468652049459c
:10e90c00436e20776f726420696e20746865206492
:10e91c00756d7020736179732077686574686572a2
:10e92c002069742077617320656e61626c65642e5a
:10e93c002063683020697271000000005b54524102
:10e94c00505d2061207065726970686572616c2021
:10e95c0072616973656420616e20696e7465727290
:10e96c0075707420776520646f206e6f74206861f9
:10e97c006e646c653b206c6f6f6b207570207468d7
:10e98c0065206e756d62657220696e2074686520f5
:10e99c004154444620696e74657272757074206cb3
:10e9ac006973740d0a005b545241505d20494e54fa
:10e9bc00434f4e31000000005b545241505d2049e2
:10e9cc004e54434f4e3300005b545241505d20492e
:10e9dc004e54434f4e3400005b545241505d20491d
:10e9ec004e54434f4e3500005b545241505d20490c
:10e9fc004e54434f4e312e41444452455252000026
:10ea0c005b545241505d20494e54434f4e312e536e
:10ea1c00544b455252005b545241505d20494e5468
:10ea2c00434f4e312e4241444f50455252005b549d
:10ea3c005241505d20494e54434f4e332e444d416c
:10ea4c00424554005b545241505d20494e54434f53
:10ea5c004e332e435055424554005b545241505d49
:10ea6c0020494e54434f4e342e4449563045525251
:10ea7c00000000005b545241505d20494e54434ffe
:10ea8c004e352e57445445005b545241505d20493d
:10ea9c004e54434f4e352e444d5445005b54524119
:10eaac00505d20747261705f7365656e20636f7565
:10eabc006e7400005b545241505d204c4544302034
:10eacc00626c696e6b7320392066726f6d206e6f8d
:10eadc0077206f6e3b2073656e64207468697320b9
:0ceaec006c6f67206261636b0d0a000014
:020000040000fa
:0200000400807a
:10eaf8005b6d61747269785d2020205645524449e7
:10eb080043543a20746865207261746520666f6c9e
:10eb18006c6f777320617420657665727920706fe9
:10eb2800696e740d0a005b6d61747269785d2020ee
:10eb380020564552444943543a206e6f74207573e9
:10eb480061626c6520617320612072617465206365
:10eb58006f6e74726f6c0d0a0000000052415445cc
:10eb6800204f4b2020002020202020202020200083
:10eb78000d0a5b6d61747269785d206576657279de
:10eb880020646f63756d656e7465642077617920a4
:10eb9800746f20736574207468652073616d706c80
:10eba8006520726174652c207472696564206f6ecb
:10ebb8002074686520626f6172640d0a5b6d617410
:10ebc8007269785d2072617465206d656173757214
:10ebd8006564206f6e206f6e6520636c65616e20c2
:10ebe80062757273742070657220706f696e742c10
:10ebf800206e6576657220756e646572206c6f6133
:10ec0800640d0a5b6d61747269785d2073656520b7
:10ec1800736363702e6820666f7220746865207451
:10ec280068726565206572726f72732074686973a3
:10ec3800207265706c616365730d0a000d0a5b6d67
:10ec480061747269785d20000d0a5b6d6174726988
:10ec5800785d2054484520414343455054414e4334
:10ec68004520544553543a2061206c617374696e91
:10ec7800672073747265616d2077697468207468a1
:10ec880065204350552070726f63657373696e67b2
:10ec98000d0a5b6d61747269785d206f76657272ba
:10eca800756e2c206c61746520616e64206d6973cb
:10ecb800736564206d75737420616c6c20626520c7
:10ecc8007a65726f202d206d6973736564206162a7
:10ecd8006f7665207a65726f206d65616e730d0ab7
:10ece8005b6d61747269785d207468652043505566
:10ecf800206e657665722073617720612068616c8b
:10ed0800662c2077686963682069732074686520b9
:10ed180077686f6c6520706f696e74206f662074f9
:10ed28006865206578616d706c650d0a00000000eb
:10ed38000d0a5b6d61747269785d2064617461208d
:10ed4800636865636b206f6e2074686520766172f6
:10ed580069616e747320746861742073747265617c
:10ed68006d656420636c65616e6c790d0a005b6d7e
:10ed780061747269785d20005b6d61747269785d99
:10ed880020202069736f6c617465642062757273ea
:10ed9800743a0d0a000000005b6d61747269785d59
:10eda80020202074686520313030746820627572c4
:10edb8007374206f6620612073747265616d3a0dfb
:10edc8000a000d0a5b6d61747269785d2053554db8
:10edd8004d415259202d20746865206c6173742050
:10ede800636f6c756d6e20697320746865206f6e33
:10edf8006520746865206578616d706c65206c6944
:10ee0800766573206f6e0d0a000000005b6d6174fb
:10ee18007269785d202020005b6d61747269785d8d
:10ee2800205553452054484953204f4e453a200019
:10ee38000d0a5b6d61747269785d20202069742009
:10ee480073747265616d7320776974686f75742067
:10ee58006c6f73696e6720612073616d706c652ccf
:10ee68002074686520435055206b65657073207564
:10ee7800702c0d0a5b6d61747269785d20202061c9
:10ee88006e642074686520646174612061727269bf
:10ee9800766520636f6d706c65746520616e6420a3
:10eea800696e206f726465720d0a00005b6d617493
:10eeb8007269785d204e4f4e45206f6620746865f4
:10eec8002076617269616e74732073747265616d06
:10eed8007320636c65616e6c79207769746820743f
:10eee800686520435055206b656570696e672075ad
:10eef800702e0d0a5b6d61747269785d2020205454
:10ef080068617420697320746865206578616d7024
:10ef18006c6527732063656e7472616c20636c6125
:10ef2800696d2c20736f20756e74696c206f6e6527
:10ef380020646f65732c207468650d0a5b6d6174bd
:10ef48007269785d2020206578616d706c65206439
:10ef58006f6573206e6f742064656d6f6e73747265
:10ef680061746520776861742069742073617973ae
:10ef78002069742064656d6f6e7374726174657353
:10ef88002e0d0a005b6d61747269785d20646f6e86
:10ef980065202d206261636b206174207468652090
:10efa800626f6f742073657474696e670d0a000070
:10efb80053545245414d5320200044415441204f61
:04efc8004b202000ba
:020000040000fa
:0200000400807a
:10efcc005b73776565705d2068616c766573207026
:10efdc00657220706f696e74000000005b7377655a
:10efec0065705d2073616d706c6573207065722047
:10effc0068616c66000000005b73776565705d206e
:10f00c0073616d706c65732070657220706f696ec2
:10f01c0074005b73776565705d206261636b2d7442
:10f02c006f2d6261636b20636f6e76657273696faf
:10f03c006e733b207468652072617465206973205f
:10f04c007468652041444320636c6f636b2c2050c3
:10f05c004c4c31206f7574707574206469766964da
:10f06c006572730d0a5b73776565705d20736c6fe9
:10f07c007765737420726174652066697273743a73
:10f08c002074686520666972737420726f772069ca
:10f09c007320746865206f6e652074686520444d1c
:10f0ac00412073686f756c64206d616e6167652caf
:10f0bc000d0a5b73776565705d20736f2061206648
:10f0cc0061696c757265207468657265206973205e
:10f0dc0074686520636861696e2c206e6f7420748f
:10f0ec00686520726174650d0a5b73776565705d88
:10f0fc002069646c65203d2043505520706f6c6c0a
:10f10c00732052414d206f6e6c792c2070726f639e
:10f11c00657373203d206d61696e2d6c6f6f70206f
:10f12c0070726f63657373696e672c2073667220df
:10f13c003d2043505520706f6c6c7320616e2053d2
:10f14c0046520d0a5b73776565705d206f7665724c
:10f15c0072756e206d757374206265203020666f39
:10f16c0072206120757361626c6520726174653bfd
:10f17c00206c6174652f6d697373656420617265b1
:10f18c002066726f6d207468652070726f63657392
:10f19c00732072756e0d0a5b73776565705d2070f8
:10f1ac006f7374646976203d20504c4c3120504f65
:10f1bc005354444956312f504f5354444956323bc3
:10f1cc00207468652061646320636c6f636b2069d5
:10f1dc00732072656164206261636b2066726f6d6f
:10f1ec0020746865207265676973746572730d0aa3
:10f1fc005b73776565705d20636c65616e312f6341
:10f20c006c65616e3130203d2072617465206f76c3
:10f21c006572206f6e6520627572737420616e6406
:10f22c00206f7665722074656e2c206e6f74686921
:10f23c006e6720656c73652072756e6e696e673bc8
:10f24c000d0a5b73776565705d206c6f6164656436
:10f25c00203d2072617465207768696c6520746844
:10f26c00652074687265652072756e732062656cba
:10f27c006f772061726520676f696e670d0a5b732b
:10f28c00776565705d2074686520746872656520ab
:10f29c0072756e732062656c6f7720617265206782
:10f2ac006f696e672e20547275737420636c656180
:10f2bc006e3a20746865206c6f61646564206669c1
:10f2cc00677572652069730d0a5b73776565705d90
:10f2dc00206d6561737572656420627920612043cd
:10f2ec0050552064726f776e696e6720696e206f5f
:10f2fc0076657272756e20696e7465727275707453
:10f30c00730d0a005b73776565705d2074696d65bc
:10f31c007220636865636b2c207469636b73207057
:10f32c00657220313030206d7320286578706563ec
:10f33c007420313235303030302900005b73776502
:10f34c0065705d20000000005b73776565705d2063
:10f35c00726f7773000000005b73776565705d20da
:10f36c00726f77732077697468206f766572727527
:10f37c006e20302c206c617465203020616e64200e
:10f38c006d69737365642030000000005b737765f2
:10f39c0065705d206869676865737420636c65616e
:10f3ac006e20726174652c206b737073000000000a
:10f3bc005b73776565705d202020617420504f531e
:10f3cc005444495631005b73776565705d2020208d
:10f3dc00617420504f535444495632005b73776527
:10f3ec0065705d204e4f20434c45414e2052415498
:10f3fc0045202d20657665727920726f77206c6fb1
:10f40c0073742073616d706c6573206f722068610a
:10f41c006c7665730d0a00005b73776565705d2013
:10f42c00646f6e653a20636f756e746572732063da
:0cf43c006c65617265640d0a0000000040
:020000040000fa
:0200000400807a
:10f448005b626f6f745d2063726331362f6363692b
:10f4580074742d66616c73652073656c662d6368c2
:10f4680065636b3a206f6b20283078323942312936
:10f478000d0a00005b626f6f745d20637263313642
:10f488002f63636974742d66616c73652073656c92
:10f49800662d636865636b3a204641494c45440dc7
:10f4a8000a000d0a0d0a23232323232323232323be
:10f4b8002323232323232323232323232323232314
:10f4c8002323232323232323232323232323232304
:10f4d80023232323232323232323232323232323f4
:10f4e800232323230d0a23232020204144432f4490
:10f4f8004d412054455354204c4f4720202d202067
:10f508005354415254204f462052554e20202863d0
:10f518006f70792066726f6d20686572652920208a
:10f52800202023230d0a23232323232323232323d8
:10f538002323232323232323232323232323232393
:10f548002323232323232323232323232323232383
:10f558002323232323232323232323232323232373
:10f56800232323230d0a0d0a000000005b626f6f3e
:10f57800745d206164635f646d615f34306d7370c6
:10f5880073205365702032372032303236203230c3
:10f598003a33383a3236206769742062343161660a
:10f5a8003362202848454144290d0a005b626f6f89
:10f5b800745d205741524e494e472074686520704b
:10f5c800726576696f75732072756e20656e6465f5
:10f5d8006420696e206120747261700d0a005b629c
:10f5e8006f6f745d207472617020636f756e740044
:10f5f8005b626f6f745d206c6173742074726170ec
:10f6080020766563746f72005b626f6f745d206251
:10f618006f6f74207374616765207768656e206901
:10f628007420686974005b626f6f745d2073656530
:10f63800205b545241505d20696e207468652065d6
:10f6480061726c696572206c6f672c206f72206420
:10f658006f63732f54524f55424c4553484f4f5484
:10f66800494e472e6d6420322e30620d0a005b62cf
:10f678006f6f745d205741524e494e47207468653c
:10f68800206c6173742027636861696e2720727526
:10f698006e20656e64656420776974686f75742080
:10f6a80040454e442c20696e207374616765205371
:10f6b800000000005b626f6f745d202763686169fa
:10f6c8006e2066726f6d203c73746167653e2720fb
:10f6d800636f6e74696e75657320616674657220f8
:10f6e80069740d0a000000005b626f6f745d207022
:10f6f8006c6c3120706f737464697631000000009f
:10f708005b626f6f745d20706c6c3120706f737406
:10f7180064697632000000005b626f6f745d20617f
:10f72800646320636c6f636b20487a005b626f6f61
:10f73800745d2073616d706c652072617465206bf7
:10f7480073707320286261636b2d746f2d6261631f
:10f758006b2900005b626f6f745d205741524e4900
:10f768004e47207468652041444320636c6f636b87
:10f7780020646964206e6f74207377697463683ad3
:10f7880020000d0a000000000d0a5b626f6f745db7
:10f79800205245414459202d206e6f7468696e6768
:10f7a80020697320636f6e76657274696e672c20aa
:10f7b80074686520636f6e736f6c65206861732071
:10f7c800746865204350550d0a5b626f6f745d2045
:10f7d80074797065202768656c702720666f7220c1
:10f7e800616c6c20636f6d6d616e64732c2027747f
:10f7f8006573742720666f72207468652070617263
:10f808007473206f6620612072756e2c0d0a5b621e
:10f818006f6f745d20277465737420616c6c27208a
:10f82800666f72207468652077686f6c65207468ed
:10f83800696e672e20506c65617365206c6f672058
:10f8480074686973207465726d696e616c20667284
:10f858006f6d0d0a5b626f6f745d20706f776572f4
:10f868002d757020616e642073656e642069742044
:0cf878006261636b2e0d0a0d0a00000097
:020000040000fa
:0200000400807a
:10f884006265666f7265206d61696e2829006c651a
:10f89400645f696e6974282920646f6e6500636f04
:10f8a4006e736f6c655f6561726c795f696e6974a4
:10f8b400282920646f6e6500636c6f636b5f696eeb
:10f8c4006974282920656e746572656400000000ff
:10f8d400636c6f636b5f696e6974282920646f6e53
:10f8e4006500636c695f696e6974282920646f6eb2
:10f8f40065006164635f696e6974282920646f6eb2
:10f904006500636170747572655f696e6974282936
:10f9140020646f6e650073656c662d746573742066
:10f92400646f6e65000000006d61696e206c6f6f1e
:10f93400702072756e6e696e6700000084f8800036
:10f9440092f88000a2f88000bcf88000d4f880000f
:10f95400e6f88000f6f8800006f980001af98000c5
:10f964002cf98000504f5200424f52005744544fdc
:10f974000000000053575200455854520000000044
:10f98400434d00004255434b5200565245473252b4
:10f994000000000056524547335200005652454776
:10f9a4003452000049444c4500000000534c454586
:10f9b400500000000100000068f98000020000000f
:10f9c4006cf980001000000070f980004000000015
:10f9d40078f98000800000007cf9800000020000bb
:10f9e40084f980000000040088f980000000100001
:10f9f4008ef980000000200098f98000000040008b
:10fa0400a0f9800004000000a8f9800008000000ac
:10fa1400b0f980006e6f206572726f720000000092
:10fa2400504c4c31202841444320636c6f636b2954
:10fa340020646964206e6f7420636f6e66696775f5
:10fa44007265206f72206c6f636b0000504c4c32f7
:10fa5400202873797374656d20636c6f636b292040
:10fa6400646964206e6f7420636f6e666967757273
:10fa740065206f72206c6f636b00434c4b47454e9f
:10fa84003120646964206e6f7420737769746368cd
:10fa940000000000434c4b47454e36206469642007
:10faa4006e6f742073776974636820746f20504c90
:10fab4004c31000041444320636f7265206e6576cb
:10fac4006572207265706f7274656420726561641a
:10fad400792028414452445929006e6f20444d41f5
:10fae40020626c6f636b7320617272697665642c3b
:10faf400206f72207468652073747265616d207361
:10fb0400746f70706564000073656c662d74657342
:10fb140074206d65616e206f75747369646520333c
:10fb24003634382e2e3430333200444d412063684d
:10fb3400616e6e656c2073776974636865642069af
:10fb44007473656c66206f666620284348454e20b2
:10fb54003d2030290000000043505520747261702c
:10fb6400206f7220756e68616e646c656420696ec6
:10fb740074657272757074202d20736565207468c5
:10fb840065205b545241505d206c696e65730000c2
:10fb9400636c6f636b206661696c202d20746865eb
:10fba400204653434d206d6f76656420746865204c
:10fbb40043505520746f20746865206261636b75cf
:10fbc40070204652432c2073656520746865205b61
:10fbd400434c4b465d206c696e657300736f6d65b5
:10fbe4007468696e672077726f74652070617374ce
:10fbf4002074686520656e64206f662074686520d3
:10fc040073616d706c6520627566666572202d2067
:10fc140073656520746865205b67756172645d2037
:10fc24006c696e65730073616d706c6520726174cc
:10fc34006520646f6573206e6f7420666f6c6c6fe3
:10fc44007720746865207265706561742d74696dc0
:10fc5400657220706572696f64202d20736565205c
:10fc6400746865205b72617465746573745d206c7f
:10fc7400696e65730000000018fa800024fa8000a1
:10fc840050fa80007efa800098fa8000b8fa80006a
:10fc9400defa80000cfb80002efb80005cfb800001
:0cfca40094fb8000e0fb80002afc800044
:020000040000fa
:0200000400807a
:10fcb000d113049401720000d37304822281fbd417
:10fcc000e3740482e280fbd439001088c375048297
:10fcd00042f7fbd45900108813760482e2f6fbd475
:10fce000090010889376048282f6fbd4492210889a
:10fcf000f376048222f6fbd409001288737704821b
:10fd0000c2f5fbd462b2fcd410030000f377048286
:10fd100042f5fbd4090010887b780482e2f4fbd41e
:10fd200001720000f81ff91ffa1ffb1ffc1f0000e3
:10fd3000191a03921a03000003d904824252fcd418
:10fd400033d90482e27cfbd4e3e603a203000084ff
:10fd500083d904b2070000acc90090880a0100ae44
:10fd60000c030000e27bfbd4130008fda27bfbd454
:10fd700008001b8288740000210090b88a0000ae41
:10fd8000802208e9003900004affffa68afeffae84
:10fd90000e0010c5ca0000a64bdb0482227afbd4f9
:10fda000051a03a7cf1dbf1daf1d9f1d8f1d01721b
:10fdb0008bd904826279fbd4eafeffae22b4fdd473
:10fdc0008201ffd442ab00d46236fdd482cafed495
:10fdd000624ffcd4530e05824278fbd41507009085
:10fde000930e0582024dfcd4d5020090b30e05821d
:10fdf000a24cfcd415140490d30e0582e2edfbd482
:10fe000001720000f81f8003d11304901039000024
:10fe1000260000ae8f1d017282a2fbd4939503824f
:10fe20000276fbd4180300003396038262ecfbd405
:10fe3000450800906f08d1f88b960382e2ebfbd463
:10fe4000d5020090e3960382e249fcd4d5130490d6
:10fe50006397038222ebfbd4cb9703822274fbd4fb
:10fe6000d113049090390000c60000aed113049065
:10fe7000080021a403e50382016100000020008343
:10fe80002a0000ae73950382c272fbd44bdb04825e
:10fe90008272fbd4183900004a0200a6083900001b
:10fea0006a0200a6220008e530390000a20800ae70
:10feb000920008e510390000a20800ae91120490eb
:10fec000b30010fd183d0000660000aec20001e165
:10fed000083d0000260800ae23a503822270fbd453
:10fee000aa0000ae43980382c26ffbd44a0000ae62
:10fef00013990382626ffbd415070090cba603828f
:10ff00002244fcd49507009013a70382c243fcd47b
:10ff1000d507009053a703826243fcd415080090d4
:10ff200093a703820243fcd4050700987f0031f8b1
:10ff3000d3a7038222e4fbd4050700984f0441f8bd
:10ff400033a80382a2e3fbd4050700986f0021f8d1
:10ff50008ba8038222e3fbd4850700986f0021f869
:10ff6000eba80382a2e2fbd4850700987f0031f85a
:10ff700043a9038222e2fbd4c5070098120011e9cd
:10ff80009ba90382a2e1fbd4050800985f0011f849
:10ff900003aa038222e1fbd405080098120011e9ac
:10ffa00053aa0382a2e0fbd495130490a3aa038270
:10ffb00042e0fbd422f0ffd403ab03822269fbd4de
:10ffc0008af2ffaee3990382c268fbd44af9ffae1e
:10ffd00073a003826268fbd4eaf8ffae53a20382e7
:10ffe000c2defbd48af8ffaef81ff91ffa1ffb1f11
:10fff000fc1fb00311140494429dfcd4a295fbd4c1
:02000004008179
:100000004bdb0482e266fbd41b030000e3fc0482aa
:1000100042ddfbd413fd04824266fbd4cb390000e1
:10002000660200aec80221a4f3f103820161000060
:10003000002000836265fbd44bdb04822265fbd485
:10004000c2ebffd433fd0482c264fbd44232fdd440
:10005000d1cccc80c56016800010019748003ca22e
:100060000003ace1a9000088c01500008a0100aec1
:10007000a3fc0482eafdffae02d801d40a0300000b
:10008000224bf8d402d801d40a030000c24af8d4a3
:100090001974000001ff8fb80c030000424af8d425
:1000a0000b3900008affffa609009088c00289e58d
:0400b0002afeffae77
:020000040000fa
:02000004008179
:1000b4007465737420616c6c2020205b68616c76bd
:1000c40065735d20202d2073656c662c20636c6f36
:1000d400636b2c2073776565702c206461632069e1
:1000e4006e2074686174206f726465720000000091
:1000f400746573742073656c662020202020202092
:1001040020202020202d20414443202d3e20444dfa
:1001140041202d3e2052414d206f6e207468652091
:10012400696e7465726e616c207265666572656e67
:10013400636500007465737420636c6f636b2020c7
:100144002020202020202020202d20737769746314
:100154006820657665727920434c4b47454e3620be
:10016400726174696f20616e6420726561642069d4
:1001740074206261636b00007465737420636c6b3c
:100184006f6666202020202020202020202d207330
:10019400776974636820434c4b47454e36206f663d
:1001a400663a20646f657320746865204144432077
:1001b4007374696c6c20636f6e766572743f0000b3
:1001c40074657374206d6174726978202020202016
:1001d40020202020202d2065766572792077617992
:1001e40020746f207365742074686520726174656f
:1001f4002c20747269656420616e64206d6561737e
:100204007572656400000000746573742062757211
:10021400737473202020202020202020202d20648f
:100224006f657320746865207261746520646570fd
:10023400656e64206f6e20686f77206d616e792023
:100244006275727374732072756e3f007465737493
:10025400207261746520205b68616c7665735d2033
:10026400202d2064656c6976657265642072617402
:10027400652061742074686520726174696f2073ed
:100284006574206e6f7700007465737420737765ee
:100294006570205b68616c7665735d20202d207429
:1002a40068652072617465206c61646465722c20d9
:1002b400736c6f776573742066697273742c20771e
:1002c4006974682074686520636f756e74657273f1
:1002d4000000000074657374206461632020205b57
:1002e40068616c7665735d20202d207468652044f8
:1002f40041433220747269616e676c653a20697398
:100304002065766572797468696e672074686572b1
:10031400652c20696e206f726465723f00000000d6
:10032400706c6c203c70313e203c70323e20736512
:100334007473207468652072617465206279206822
:10034400616e643b20636c6b207365747320746806
:10035400652028696e65666665637469766529201b
:10036400434c4b47454e3600726174696f3b2072b3
:10037400656773207072696e747320746865207287
:0c03840065676973746572730000000007
:020000040000fa
:02000004008179
:10039000f81ff91ffa1ffb1ffc1ffd1fd11304904c
:1003a00090390000a20000ae09000088d113049427
:1003b00091130494511304941113049482bd01d435
:1003c0001900008842c7ffd4224bfbd429000088c3
:1003d000e2c6ffd4abd203824248fbd4d3d503821a
:1003e0000248fbd4e2c9ffd4811304a90e0900a678
:1003f0000100f080f5e30780c11204e901001080dc
:10040000a5201680013d00000a0a00a6c51204a717
:1004100039000088c2c4ffd4e214fdd4490000882a
:1004200062c4ffd4e259fcd45900008802c4ffd44e
:10043000e28101d4c2b801d423d1038af3d1038667
:100440000e0000c5430002f7c244fbd40300008441
:1004500017000080e29ffed46900008882c2ffd4aa
:10046000a272fcd47900008822c2ffd479001088df
:1004700079000088e29afcd4800300004271fdd428
:1004800010030000c3db038282b9fbd42271fdd4c8
:100490001003000023dc038202b9fbd40271fdd4f7
:1004a0001003000083dc038282b8fbd409000088bb
:1004b000429ffcd410030000d3dc0382e2b7fbd4dc
:1004c000083900000e0500a68900008802bfffd48d
:1004d00043de03826240fbd49900008882beffd4d1
:1004e0000b00008042b601d40900a08801af2f8024
:1004f00005009080090080880148e8801500d080c0
:10050000c903000001343c802500b080ea0300ae3e
:10051000d3d60382623efbd4951304909bd703820b
:10052000c2b4fbd455130490e3d7038262b4fbd466
:100530001513049043d8038202b4fbd4bbd80382c2
:10054000023dfbd4851304a72af5ffaef96310889a
:10055000c11214e9dbd9038202b3fbd4f3da0382bc
:10056000023cfbd42af5ffae73dd0382a23bfbd431
:10057000080300006232fdd4423bfbd42bde038231
:10058000023bfbd40afaffae09008088c2a7fcd464
:100590000e0000c5ca0100a6c10794ab46ffffaa22
:1005a000e2e1fcd40e0000c5ee0000a66215fcd40a
:1005b0002223fcd41a74ba39c3c20cf7906100002c
:1005c000090080882afeffae09008088eafdffaea0
:1005d0000289fcd40e0000c54e0000a609008088e8
:1005e0004afdffaec2dffcd40e0000c54a0000a6e3
:1005f00009008088aafcffaec26700d40e0000c5c7
:10060000aa0000a618748d3d02fcffae69000088a8
:10061000a2ceffd4aafbffae8900008842ceffd451
:100620000affffae0300009010390000020500ae83
:100630001db001c10900508815b0019555b0019554
:100640007a0061e911b001998e0344ed080146eb8f
:1006500011b0019d05b001c395b10195080014a228
:10066000d1b10195123900006a0300a601b001c1a1
:10067000c3ffff8b0db021e93a0023e9800034a4c9
:1006800069b001987e0222ed880024eb69b0019cdc
:10069000120020e559b1019405b101a7111104948c
:1006a000d51004941db001c311b001983f04e0f8c7
:1006b000090040880e0000c58a0000a611b001980c
:1006c000720000e9013d00002a0100a61a0044e979
:1006d000080004820172000001b001c109b0019854
:1006e000110000ca0d0032ca09b0019c4afcffaedd
:1006f00061b001983f0040f8033d00006efeffa688
:1007000051b10191243d00001fc110f8eafdffae78
:100710001db001c10172000011b101900172000011
:100720006d0c00c0610c00c16d0900c0610900c101
:100730000900108895100494551004940e0000c50b
:100740004a0100a691100098310000ca0d0460ca49
:100750009110009ca1100098310000ca0d0020ca21
:10076000a110009c6d0c00c2610c00c3017200005e
:10077000d1100490103900004a0000a6a237fdd421
:1007800001720000e234fdd40172000011110490e6
:100790000172000011110490003900002e0000a623
:1007a0000172000042feffd431dd2480658010809c
:1007b00000100197480060a2191104909f72000078
:1007c000070002eacafeffaef81ff91f15b1019239
:1007d00011b1019263a604824228fbd415b00190a6
:1007e000a3a6048202fdfbd455b00190d3a60482d7
:1007f000a2fcfbd455b1019003a7048242fcfbd4b8
:1008000015b00198720011e923a70482629dfbd400
:1008100005b00198f20011e99ba70482e29cfbd489
:1008200065b001987f0041f8aba70482629cfbd4bd
:100830001903000043a80482029cfbd418030000a3
:10084000a3a80482a29bfbd495b10190fba80482cb
:10085000a2f9fbd4d5b1019023a9048242f9fbd4bb
:1008600062f8ffd41003000043a90482629afbd40b
:1008700002f9ffd41003000083a90482e299fbd49b
:080880009f1d8f1d0172000095
:020000040000fa
:02000004008179
:100888005b746573745d20636c6b6f66663a207386
:10089800776974636820434c4b47454e36206f6632
:1008a8006620616e642074727920746f20636f6ea5
:1008b8007665727420616e797761790d0a5b74656b
:1008c80073745d2020205461626c652031362d31af
:1008d800206e616d657320434c4b47454e36206151
:1008e80073207468652041444320636c6f636b2cec
:1008f800206275742069747320646976696465720e
:100908000d0a5b746573745d2020206368616e67ef
:100918006573206e6f7468696e672e20496620685b
:10092800616c766573207374696c6c20617272698e
:1009380076652077697468207468652067656e65d8
:100948007261746f720d0a5b746573745d20202088
:100958006f66662c207468652041444320697320c3
:100968006e6f742072756e6e696e67206f66662092
:10097800697420616e642074686174206578706c95
:1009880061696e7320697420616c6c2e0d0a000019
:100998005b636c6b6f66665d20202068616c7665b2
:1009a80073206166746572207468652067656e657a
:1009b8007261746f722077617320737769746368ea
:1009c8006564206f666600005b746573745d206300
:1009d8006c6b6f66663a2054484520414443204b6f
:1009e80045505420434f4e56455254494e47205780
:1009f80049544820434c4b47454e36204f46460df8
:100a08000a5b746573745d2020202d3e20434c4b97
:100a180047454e36206973206e6f7420286f6e6cc0
:100a28007929207468652041444320636c6f636ba7
:100a38003b207468652072617465206d757374203d
:100a4800636f6d650d0a5b746573745d20202020eb
:100a5800202066726f6d20736f6d657768657265ab
:100a680020656c73652e205468697320697320743f
:100a780068652066696e64696e672c206e6f7420e5
:100a880061206661696c7572652e0d0a00000000b0
:100a98005b746573745d20636c6b6f66663a206e79
:100aa8006f206461746120776974682074686520b8
:100ab80067656e657261746f72206f6666202d209f
:100ac800434c4b47454e3620646f65732066656519
:0c0ad8006420746865204144430d0a004e
:020000040000fa
:02000004008179
:100ae4005b746573745d20636c6f636b3a20504173
:100af40053530d0a000000005b746573745d20633a
:100b04006c6f636b3a204641494c0d0a00000000ab
:100b14005b746573745d20636c6f636b3a207377e9
:100b2400697463682065766572792064697669649e
:100b34006520726174696f20616e642072656164fe
:100b4400206974206261636b202d206e6f206d65b7
:100b540061737572656d656e740d0a5b746573748b
:100b64005d2020206f72646572207065722072614e
:100b740074696f3a20444d4120646f776e2c204194
:100b8400444320636f7265206f66662c20434c4b90
:100b940047454e36206f66662c2064697669646525
:100ba400720d0a5b746573745d202020777269741a
:100bb40074656e20616e6420726561642062616395
:100bc4006b2c2067656e657261746f72206f6e2c7a
:100bd400204449565357454e2c20434c4b524459bc
:100be4002c20636f7265206f6e0d0a005b74657351
:100bf400745d202020726174696f2000202d3e20d6
:100c040072656164206261636b2000002c20616462
:100c14006320636c6f636b20487a20002c200000f3
:100c2400202d2042555420544845205245414442e9
:100c340041434b2044494646455253005b74657317
:100c4400745d202020726174696f7320746861740c
:100c540020646964206e6f74206172726976650025
:100c64005b746573745d2020204e4f54453a2074a4
:100c7400686973206f6e6c792070726f766573206b
:100c840074686520726567697374657220686f6c37
:100c94006473207468652076616c75652e205275c6
:100ca4006e73203820616e6420390d0a5b7465739d
:100cb400745d2020207061737365642068657265bb
:100cc40020616e64207468652072617465206469b3
:100cd40064206e6f7420666f6c6c6f772061742073
:100ce400616e7920726174696f202d2074686520ab
:100cf400726174650d0a5b746573745d20202069ec
:100d04007320736574207769746820746865205053
:100d14004c4c206e6f77202874657374207377654c
:100d240065702c20706c6c20636f6d6d616e64292e
:040d34002e0d0a0076
:020000040000fa
:02000004008179
:100d38005b746573745d206275727374733a2074a2
:100d480068652073616d652073657474696e672cbe
:100d5800206d65617375726564206f7665722031e8
:100d68002c20313020616e64203130302062757261
:100d78007374730d0a5b746573745d20202065615c
:100d88006368206275727374206973207265737466
:100d980061727465642066726f6d207468652044a2
:100da8004d4120696e746572727570742c20617380
:100db8002073747265616d696e6720646f65730d69
:100dc8000a5b746573745d2020206120726174650c
:100dd800207468617420636c696d6273207769742c
:100de800682074686520636f756e74206973207459
:100df80068652062726964676520626574776565f5
:100e08006e2072756e20313627730d0a5b74657318
:100e1800745d20202073696e676c6520627572733b
:100e28007420287468652073657474696e67292056
:100e3800616e64206974732074686f7573616e6481
:100e480020283430204d53505320726567617264f6
:100e58006c657373290d0a005b746573745d2020db
:100e6800206e6f6d696e616c206b737073005b74bc
:100e78006573745d2020202020627572737473205e
:100e8800000000006e6f2064617461006b73707302
:100e980020005b746573745d206275727374733ab5
:100ea80020646f6e65202d20657175616c207261fc
:100eb800746573206d65616e20612062757273744c
:100ec80020696e20612073747265616d20697320da
:100ed800616e206f7264696e6172790d0a5b746568
:100ee80073745d20202062757273743b20612072d8
:100ef8006973696e672072617465206d65616e73d0
:100f0800206974206973206e6f742c20616e6420d0
:100f18007468652073696e676c652d627572737489
:100f280020666967757265730d0a5b746573745d15
:100f38002020206d6561737572656420736f20666b
:100f480061722064657363726962652061207374dd
:100f58006172742d7570207261746865722074688e
:100f6800616e207468652073747265616d0d0a0086
:020000040000fa
:02000004008179
:100f780024410000040000000400000007000000f5
:100f88004441000002000000000000002841000069
:100f9800040000000400000050258100004000000b
:100fa8008000000000000000f44000001000000075
:100fb80004000000640000000500000000040000b8
:100fc800010000003c570000401000000000000035
:100fd800044100001000000000000000464100002d
:100fe8000200000004000000020000004041000070
:100ff8000400000000000000c87900001000000094
:10100800000000007c6700000010000000000000e5
:1010180048410000f4150000000000008040000076
:101028004800000000000000e0400000140000003c
:1010380004000000ffffffff010305009600000009
:101048000000803f0068890914410000100000007a
:10105800000000007c770000400100000000000054
:10106800c84000001800000000000000d879000007
:10107800040000000400000001000000bc7800002b
:101088000a0100000400000000010204070306052d
:1010980000ffffffffffffffffffffffffffffff57
:1010a800ffffffffffffffffffffffffffffffff48
:1010b800ffffffffffffffffffffffffffffffff38
:1010c800ffff00010203040506070809fffffffff1
:1010d800ffffff0a0b0c0d0e0f101112131415163b
:1010e8001718191a1b1c1d1e1f20212223ffffff82
:1010f800ffffff0a0b0c0d0e0f101112131415161b
:101108001718191a1b1c1d1e1f20212223ffffff61
:10111800ffffffffffffffffffffffffffffffffd7
:10112800ffffffffffffffffffffffffffffffffc7
:10113800ffffffffffffffffffffffffffffffffb7
:10114800ffffffffffffffffffffffffffffffffa7
:10115800ffffffffffffffffffffffffffffffff97
:10116800ffffffffffffffffffffffffffffffff87
:10117800ffffffffffffffffffffffffffffffff77
:10118800ffffffffffffffffffffffffffffffff67
:10119800ffff0000dc7900000400000000000000f0
:1011a800e0790000040000000000000000000000da
:020000040000fa
:02000004008179
:1011b800f81ff91ffa1ffb1ffc1fc003b1038203ae
:1011c8001d3002c1013102c0c8001aa2c00092e15c
:1011d80019760000f6ff23c5c20100aef1ff1380a7
:1011e80005001080913d0000460100ae293d000039
:1011f800060100aef1ff1f8005000080303d0000b1
:10120800860000ae120033e9320002e9306b033980
:101218000a0100a618030000c3a9048202abfbd48c
:101228001903000023ab0482a2aafbd4890000881a
:10123800626dffd491300296d530029651310297f3
:10124800dd31029611320296593202960900008861
:10125800913102941131029401310298110000caaf
:101268002d0470ca0131029cff0000801d3102e983
:1012780011310298110000ca0d0450ca1131029ca4
:1012880011310298110000ca2d0030ca1131029c98
:10129800353102c2393102c2053102c20d3102c2f2
:1012a800213102c0013002c21d3002c3013102c225
:1012b800950900c1950c00c393ab048242acfbd4e2
:1012c800953002908bac048222acfbd4d5300290ce
:1012d800c3ac0482c2abfbd4cf1dbf1daf1d9f1d85
:1012e8008f1d017251320290017200000131029883
:1012f8001a0000e901720000950c00c1013102c01a
:10130800853102a7950900c11d3002c10172000094
:10131800950c00c1013102c0017200000079000083
:10132800913102940172000033ea048262cdfad44a
:101338001530029073ea048222a2fbd49530029001
:1013480093ea0482c2a1fbd4d5300290b3ea0482a6
:1013580062a1fbd415310290d3ea048202a1fbd426
:1013680055310290f3ea0482a2a0fbd49531029091
:1013780013eb048242a0fbd4d531029043eb0482e4
:10138800e29ffbd41532029063eb0482829ffbd468
:101398005532029083eb0482229ffbd4950c009077
:1013a800a3eb0482c29efbd495090090c3eb048290
:1013b800629efbd455110090e3eb0482029efbd49d
:0413c80001720000ae
:020000040000fa
:02000004008179
:1013cc0073747265616d3a206f6e202d2053434308
:1013dc005031202d3e20414443202873696e676ca8
:1013ec006520636f6e76657273696f6e29202d3e72
:1013fc0020444d4130202d3e2070696e672d706f5a
:10140c006e67202d3e206d61696e2829000000005a
:10141c0073747265616d3a2053544f50504544209b
:10142c00627920697473656c66202d207468652060
:10143c006f76657272756e206272616b652066697b
:10144c007265642c20746865207261746520697300
:10145c00206e6f7420757361626c650073747265b5
:10146c00616d3a207365742d7570206661696c65c9
:10147c00642028636c6f636b2c20636f7265206f24
:10148c0072207472696767657229202d2072756edf
:10149c002027636861696e203027000073747265c1
:1014ac00616d3a206f66662c20626f6f7420636fdb
:1014bc006e66696775726174696f6e20726573749c
:1014cc006f726564000000006772616200000000ca
:1014dc0073747265616d3a206f6666006b7370731e
:1014ec000000000070696e73656c00007365636fbb
:1014fc006e6473007472616e736665727320286d0e
:10150c00696c6c696f6e73290000000068616c7601
:10151c00657300006272616b650070726f63657356
:10152c0073696e67206d6178207065722068616cdc
:10153c00662c2075730066726565204350552063d8
:10154c0079636c6573207065722073616d706c6566
:10155c0020286d65616e29006c6173742068616c64
:10156c0066206d696e006c6173742068616c662016
:10157c006d6178006c6173742068616c66206d65b8
:04158c00616e00008c
:020000040000fa
:02000004008179
:10159000756e6b6e6f776e0074686520636f6e6634
:1015a000696775726174696f6e20617272697665c0
:1015b0006400434c4b3644495620646964206e6f86
:1015c000742074616b65207468652076616c756544
:1015d000000000004449565357454e206e6576651d
:1015e0007220636c6561726564202d206e6f2064cb
:1015f0006976696465722073776974636800434c27
:101600004b524459206e657665722063616d65208a
:101610002d2067656e657261746f72206e6f742025
:1016200072756e6e696e6700434c4b3644495620a6
:101630006c6f7374207468652076616c7565206fbb
:10164000766572207468652073776974636800003a
:1016500041444320636f726520646964206e6f7437
:10166000207265706f727420414452445920616643
:10167000746572207468652073776974636800000c
:10168000726174696f2062656c6f772032206e65bd
:1016900065647320494e5444495620302c207768a5
:1016a000657265204652414344495620646f657314
:1016b000206e6f7420776f726b00464f55545357ee
:1016c000454e206e6576657220636c656172656457
:1016d000202d20504c4c31206f757470757420642f
:1016e00069766964657273206e6f74206170706cc6
:1016f00069656400504c4c3120646964206e6f74dd
:10170000206c6f636b20616761696e007261746940
:101710006f206f757473696465203130302e2e31ff
:041720003030300035
:020000040000fa
:02000004008179
:1017240074657374203c616c6c7c73656c667c635b
:101734006c6f636b7c636c6b6f66667c62757273d3
:1017440074737c6d61747269787c726174657c7386
:10175400776565707c6461633e205b6e5d007365d4
:101764006c660000636c6f636b00636c6b6f666622
:10177400000000006d617472697800007261746524
:10178400000000007377656570000d0a5b74657373
:10179400745d20414c4c202d2073656c662c2063b5
:1017a4006c6f636b2c2073776565702c20646163a8
:1017b4000d0a00005b746573745d20414c4c3a2043
:1017c40053544f50504544202d207468652063685d
:1017d40061696e20697473656c6620646f6573203b
:1017e4006e6f7420776f726b0d0a00000d0a5b74c4
:1017f4006573745d20414c4c20444f4e450d0a00e6
:101804005b746573745d20202073656c663a2020d8
:10181400504153530d0a00005b746573745d2020be
:10182400206461633a2020204641494c0d0a00009f
:101834005b746573745d2020206461633a2020200a
:10184400504153530d0a00005b746573745d20208e
:1018540020636c6f636b3a204641494c0d0a0000cb
:101864005b746573745d20202073776565703a201e
:1018740073656520746865207461626c65206162bb
:101884006f76650d0a005b746573745d20202063b8
:101894006c6f636b3a20504153530d0a00000000f3
:020000040000fa
:02000004008179
:1018a400206275696c643d6164635f646d615f347b
:1018b400306d7370732053657020323720323032ac
:1018c400362032303a33383a343220676974206231
:1018d40034316166336220284845414429007469e3
:1018e4006d6572315f7065725f3130306d73000009
:1018f400706c6c5f72630000636c6b67656e313390
:101904005f6f6e006461635f6f6e00006164635fac
:10191400687a0000747269675f687a006461635f63
:10192400687a000056434f3144495600434c4b31ca
:101934003344495600000000434c4b37434f4e009c
:10194400706c6c315f6f757400000000706c6c31ea
:101954005f76636f64697600636c6b67656e365f90
:1019640061646300636c6b67656e375f6461630019
:10197400706c6c325f76636f64697600636f726556
:101984000000000070696e73656c000073616d6324
:10199400000000006d6f6465000000007472673120
:1019a4007372630063616c006f746865725f63686f
:1019b400616e6e656c7300005241385f616e7365d1
:1019c4006c005241385f74726973000069705f641f
:1019d4006d61300069705f753272780069705f63a1
:1019e4006374310069705f61643563683000206e30
:1019f4006f74653d636f756e74696e675f6972714c
:101a0400735f6765745f335f7768656e5f656e618a
:081a1400626c65640000000033
:020000040000fa
:02000004008179
:101a1c003f006261636b2d746f2d6261636b2c20d0
:101a2c00726174652066726f6d20504c4c310000f1
:101a3c0053434350312074696d6572202b207370b1
:101a4c00656369616c206576656e742c20434c4b24
:101a5c0047454e3133005343435031206f757470fa
:101a6c00757420636f6d706172652c20706572697e
:101a7c0070686572616c20636c6f636b00000000b2
:101a8c005343435031206f757470757420636f6dc0
:101a9c00706172652c20434c4b47454e313300002e
:101aac00534343503120617320696e2072756e73fd
:101abc0020352d372028747269676765722033349e
:101acc002c20726f6c6c6f766572290053434350f7
:101adc0031207370656369616c206576656e742066
:101aec006173205452473220696e736964652061ba
:101afc0020627572737400004144432072657065f6
:101b0c0061742074696d65722028525054434e5490
:101b1c0029006f76657273616d706c696e672c202d
:101b2c004143434e554d2064697669646573207456
:101b3c006865206576656e74207261746500434c2f
:101b4c004b47454e36206469766964657200534391
:101b5c004350312074696d6572202b20737065635e
:101b6c0069616c206576656e742c20706572697085
:0c1b7c00686572616c20636c6f636b0025
:020000040000fa
:02000004008179
:101b880044002d00630043004700670053007300c2
:101b9800207372633d434830444154412069727157
:101ba80073656c3d3100207372633d434830524584
:101bb800532069727173656c3d3000004053554d78
:101bc8002053000070617373000000006661696c47
:101bd80000000000736b697000000000696e666f9a
:101be800000000004053554d207261746573000079
:101bf8003a004053554d206c6567656e643a204342
:101c08002f6320636f756e74206f6b2f6e6f742057
:101c18002844203d206f6b20776974682049525111
:101c280053454c3d312c2043483044415441292ce4
:101c380020472f6720677269642c20532f73207305
:101c4800747265616d2077697468204350550d0a78
:101c5800000000004053554d205553452054484935
:101c68005320524154453a006b73707300000000d2
:101c78004053554d204e4f205241544520737472a5
:101c880065616d7320636c65616e6c79207769742a
:101c98006820746865204350552070726f636573bf
:101ca80073696e67202d20746865206578616d7092
:101cb8006c6520646f6573206e6f7420796574207d
:101cc800646f207768617420697420736179733b4d
:101cd8002073656520746865206669727374204690
:0c1ce80041494c2061626f76650d0a00d6
:020000040000fa
:02000004008179
:101cf4005b6275696c645d206164635f646d615fe0
:101d040034306d7370732053657020323720323055
:101d140032362032303a33383a3337206769742008
:101d240062343161663362202848454144290d0af2
:101d3400000000005b6275696c645d20626f617213
:101d4400643a2045563734483438412c2064735063
:101d540049433333414b3531324d505335313220c1
:101d640047502044494d0d0a000000005b6275692c
:101d74006c645d2061646320636f72650000000021
:101d84005b6275696c645d2064656661756c742062
:101d9400696e707574202870696e73656c29000013
:101da4005b6275696c645d2064656661756c742042
:101db40073616d63000000005b6275696c645d2093
:101dc40061646320636c6f636b2064697669646526
:101dd40072207831303000005b6275696c645d207c
:101de40073616d706c6573207065722068616c66d8
:101df40020286d61782900005b6275696c645d2040
:101e040073616d706c6573207065722068616c66b7
:101e14002028696e2075736529005b6275696c649e
:101e24005d20626f6f745f766572626f7365000028
:020000040000fa
:02000004008179
:101e3400646163203c317c323e203c6f6e7c6f6673
:101e4400663e205b6c6f775d205b686967685d2028
:101e54005b736c706461745d202028747269616eb8
:101e6400676c65206f6e204441434f555431203dcb
:101e740020524131206f72204441434f5554322047
:101e84003d20524138290000646163006f6666009a
:101e9400646163203c317c323e203c6f6e7c6f6613
:101ea400663e205b6c6f775d205b686967685d20c8
:101eb4005b736c706461745d202028302e2e343086
:101ec40039352c2068696768203e206c6f772c2098
:101ed400736c7064617420312e2e32353529000004
:101ee4006461633a2072656675736564202d2053be
:101ef4004c504441542061626f7665203530206235
:101f04007265616b732074686520307843442b5389
:101f14004c504441542e2e30784633322d534c507d
:101f2400444154206c696d6974732c206f72204392
:101f34004c4b47454e3720646964206e6f742063b0
:101f44006f6d6520757000006c6f77006869676855
:101f540000000000736c7064617400007065726945
:081f64006f64206e73000000a1
:020000040000fa
:02000004008179
:101f6c00444f4553204e4f5420464f4c4c4f570036
:101f7c00666f6c6c6f7773005b6d61747269785d02
:101f8c00202020636f756c64206e6f7420636f6efd
:101f9c0066696775726520666f72206b737073006b
:101fac005b6d61747269785d2020206b7370732097
:101fbc0061736b6564005b6d61747269785d202080
:101fcc002020204e4f2044415441202d206e6f7410
:101fdc0068696e6720636f6e7665727465640d0a4e
:101fec00000000005b6d61747269785d2020202018
:101ffc0020747269676765727320696e20746865f6
:10200c002077696e646f77005b6d61747269785dbf
:10201c0020202020207472616e73666572732070ac
:10202c006572207472696767657220783130300090
:10203c005b6d61747269785d20202020206f76655d
:10204c007272756e20647572696e67207468652093
:10205c006275727374005b6d61747269785d2020b7
:10206c002061736b6564200020206e6f6d696e615a
:10207c006c20000020206d65617375726564200012
:0c208c00206b73707320202d3e2000009c
:020000040000fa
:02000004008179
:10209800707265636f6e646974696f6e73007363e1
:1020a80063703100736363705f746f5f61646300b2
:1020b8006164635f746f5f646d610000636f756e68
:1020c80074696e67000000006772696400000000b0
:1020d80073747265616d000073746172745f7374f8
:1020e8006f7000006f6c645f7175657374696f6ef3
:1020f8007300617474656d7074000000982081002d
:10210800a6208100ac208100b8208100c420810075
:10211800d0208100d8208100e0208100ec208100bf
:10212800fa2081006400c800900130313233343520
:10213800363738394142434445460000e803000039
:1021480010270000a0860100e80300001027000007
:10215800a0860100303132333435363738394142c0
:102168004344454600000000202d3e205041535373
:1021780000000000202d3e204641494c0000000090
:10218800202d3e20534b495000000000202d3e20ba
:10219800494e464f00000000702181007c218100db
:0821a8008821810094218100cf
:020000040000fa
:02000004008179
:1021b0005b746573745d20726174653a20464149b1
:1021c0004c202d207468652064656c6976657265a5
:1021d00064207261746520646f6573206e6f742073
:1021e000666f6c6c6f772074686520726174696fbc
:1021f0000d0a00005b746573745d20726174653a4a
:1022000020504153530d0a005b746573745d207256
:102210006174653a2064656c6976657265642072e4
:102220006174652061742074686520726174696fdf
:1022300020736574206e6f770d0a00005b74657300
:10224000745d202020726174696f00005b74657397
:10225000745d2020206b737073206e6f6d696e61ea
:102260006c005b746573745d2020206e6f20646168
:1022700074610d0a5b746573745d20726174653af4
:10228000204641494c0d0a005b746573745d202043
:10229000206b737073206d656173757265640000e7
:1022a0005b746573745d2020206f76657272756e45
:1022b00020647572696e6720746865206d6561734e
:0822c0007572656d656e740016
:020000040000fa
:02000004008179
:1022c8005b6d61747269785d202020202073746fc3
:1022d8007070656420627920746865206f76657215
:1022e80072756e206272616b65202d20756e757334
:1022f80061626c650d0a00005b6d61747269785dde
:1023080020202020207468652073747265616d2018
:10231800646964206e6f742064656c6976657220e8
:102328002d20756e757361626c650d0a00000000e2
:102338005b6d61747269785d2020202020434c45d4
:10234800414e202d206e6f7468696e67206c6f7324
:102358007420616e642074686520435055206b6555
:1023680070742075700d0a005b6d61747269785d18
:1023780020202020206e6f7420636c65616e202df4
:1023880020736565207468652074687265652063cc
:102398006f756e746572730d0a005b6d6174726996
:1023a800785d20202073747265616d20617420004f
:1023b800206b7370733a206d656173757265642064
:1023c8000000000020206f76657272756e20000094
:020000040000fa
:02000004008179
:1023d8005b746573745d2073656c663a2041444391
:1023e800202d3e20444d41202d3e2052414d206f4e
:1023f8006e2074686520696e7465726e616c203138
:10240800352f313620564444207265666572656ef4
:1024180063650d0a000000005b746573745d20201d
:10242800206d65616e202865787065637420333689
:1024380034382e2e3430333229005b746573745d62
:102448002073656c663a204641494c0d0a005b745e
:102458006573745d2020206e6f2064617461202d87
:10246800206e6f7468696e6720636f6e766572742c
:1024780065640d0a000000005b746573745d2020bc
:10248800206d65616e206f7574736964652074686a
:10249800652077696e646f770d0a00005b74657359
:1024a800745d20202074686520444d412063686174
:1024b8006e6e656c207377697463686564206974ef
:1024c80073656c66206f66660d0a00005b74657341
:1024d800745d2073656c663a20504153530d0a00b1
:020000040000fa
:02000004008179
:1024e80001000000000800000808000014080000af
:1024f8001808000028080000240800002008000030
:10250800d0000000a0000000000000209d00000096
:102518002f00000002000000000a0000080a000066
:10252800140a0000180a0000280a0000240a000003
:10253800200a0000d4000000a400000000000800e9
:10254800b30000003500000003000000400b00004d
:10255800480b0000540b0000580b0000680b0000eb
:10256800640b0000600b0000d8000000a800000009
:1025780000020000c90000003b0000000400000049
:10258800600c0000680c0000740c0000780c00005f
:10259800880c0000840c0000800c0000d8000000ab
:1025a800a800000000000020dd000000410000003d
:1025b80005000000800d0000880d0000940d00004b
:1025c800980d0000a80d0000a40d0000a00d00004b
:1025d800dc000000ac00000000000200f100000078
:0425e80048000000a7
:020000040000fa
:02000004008179
:1025ec000d0a6164635f646d615f34306d73707389
:1025fc00202d20414443206174203430204d535011
:10260c005320696e746f2052414d207669612044cd
:10261c004d410d0a626f6172643a20455637344859
:10262c003438412c2064735049433333414b35319a
:10263c00324d50533531322047502044494d0d0a0c
:10264c006275696c643a206164635f646d615f34c8
:10265c00306d7370732053657020323720323032f6
:10266c00362032303a33383a343420676974206279
:10267c00343161663362202848454144290d0a747f
:10268c00797065202768656c702720666f722074de
:10269c00686520636f6d6d616e64730d0a706c6597
:1026ac00617365206c6f6720746869732074657240
:1026bc006d696e616c2066726f6d20706f776572dc
:1026cc002d757020616e642073656e6420697420b2
:0826dc006261636b0d0a00004e
:020000040000fa
:02000004008179
:1026e400706f737464697620000000003a20636c94
:1026f4006f636b20737769746368204641494c4566
:1027040044202d2000000000202061646320636cbd
:102714006f636b20487a200020206b737073206ee7
:102724006f6d200020636c65616e31200000000035
:1027340020636c65616e31302000206c6f616465cc
:102744006420000020206f76657272756e206964c3
:102754006c652f70726f636573732f7366722000dc
:1027640053544f505045440020206c617465200040
:1027740020206d697373656420005b7377656570f1
:102784005d20202069737220000000002020686111
:102794006c6620002020646f6e6520002020627526
:1027a400727374732000202068616c662b646f6ef2
:1027b4006520000020286d757374206265203278ce
:0c27c4002062757273747329000000001d
:020000040000fa
:02000004008179
:1027d00020726f7574653d7261382073616d633d61
:1027e00030206c6576656c73000000002c0067611a
:1027f000696e5f7831303030000000006f666673bc
:102800005f783130000000006d617864657600000b
:10281000746f6c00636f64650000000073616d632a
:10282000300073616d6333310000000020726f75fa
:1028300074653d75726566006c6f5f30783230305c
:102840000000000068695f3078453030000000000b
:102850007261385f6c6f5f70726564007261385fbf
:1028600068695f7072656400736363705f65766545
:102870006e7473006164635f726573756c7473006a
:1028800020737465707065640000000073616d7082
:102890006c657300626164006d617865727200003e
:1028a00066697273745f62616400676f7400776158
:0428b0006e74000042
:020000040000fa
:02000004008179
:1028b400706f776572656400626c6f636b730000a0
:1028c4006f76657272756e006c617465000000004d
:1028d4006d697373656400006275727374730000cc
:1028e400626c6f636b7320286d757374206265204e
:1028f4003278206275727374732900006973725f91
:10290400656e74726965730068616c665f6576658f
:102914006e747300646f6e655f6576656e747300c4
:10292400616464725f657272000000006275735fb7
:1029340065727200636c6b6469762028783130307c
:102944002c2072656164206261636b2900000000c1
:10295400636c6b6469762061736b656420666f7267
:10296400000000006c617374000000006661696c13
:102974005f636f64650072785f62797465730000e9
:1029840072785f6c6173740072785f63720072783e
:042994005f6c66000e
:020000040000fa
:02000004008179
:102998005b726567735d2073636370310d0a0000b5
:1029a80043435031434f4e31000000004343503100
:1029b800434f4e3200000000434350315052000054
:1029c800434c4b53454c2028302070657269706821
:1029d8002c203120434c4b47454e313329004d4f75
:1029e80044004155584f555420283120726f6c6c63
:1029f8006f7665722c2032207370656369616c2074
:102a08006576656e7429000043435031544d522059
:102a18002866697273742072656164290000000079
:102a280043435031544d5220287365636f6e6420c0
:102a3800726561642900434350315241000000002f
:102a480043435031524200006d6f64756c652063da
:102a58006c6f636b20487a006e6f6d696e616c20d5
:082a68006b73707300000000a5
:020000040000fa
:02000004008179
:102a70005b646d615d20756e757361626c6520626b
:102a8000756666657220286f757473696465205277
:102a9000414d2c206f64642073697a652c206d6928
:102aa00073616c69676e6564206f72203e203634f6
:102ab0004b207472616e73616374696f6e73292c3d
:102ac00020666972737400005b646d615d20756ed1
:102ad000757361626c65206275666665722c206c28
:102ae000617374005b646d615d206368616e6e6527
:102af0006c20302061726d65642c20495251206f2a
:102b00006e3b20616464726573732077696e646fd5
:102b100077203d20746865206275666665723a0d9f
:102b20000a005b646d615d20444d414c4f570000cd
:102b30005b646d615d20444d414849474800000099
:020000040000fa
:02000004008179
:102b4000207372633d6461746100207372633d722f
:102b50006573000040524543495045207468652024
:102b6000636861696e277320726567697374657243
:102b700073207768696c652069742072756e730db7
:102b80000a00495043392028444d413049502032f1
:102b9000323a3230290049504331322028553252de
:102ba0005849502032363a323429000040524543c9
:102bb00049504520656e640d0a00745f6d73000016
:102bc00068616c76657300006c61746500000000dc
:102bd0006d69737365640000786665725f4d00000f
:102be0006d7300006c6f61645f6d61785f78313088
:102bf00000000000667265655f6379635f706572ef
:082c00005f73616d706c6500eb
:020000040000fa
:02000004008179
:102c0800706c6c203c706f73746469763120312e5f
:102c18002e373e203c706f73746469763220312ef3
:102c28002e373e20202841444320636c6f636b207d
:102c38003d2031363030204d487a202f2028703101
:102c48002a7032292c207031203e3d2070323b20e2
:102c5800352031203d20333230204d487a203d2028
:102c68003430204d5350532c20352035203d20360c
:102c780034204d487a203d2038204d5350532c2085
:102c8800372037203d2033322e3635204d487a20e4
:102c98003d20342e3038204d535053290000000079
:102ca800706f73746469763100000000706f73741c
:102cb800646976320000000061646320636c6f63ae
:082cc8006b20487a00000000b7
:020000040000fa
:02000004008179
:102cd000646163746573743a2055524546434f4ea0
:102ce00020646964206e6f742074616b6520746861
:102cf0006520444143322073656c656374696f6e6f
:102d0000000000005b646163746573745d2044417e
:102d1000433220726f7574656420746f2074686527
:102d200020696e7465726e616c2055524546206c48
:102d3000696e652c20494e53454c00005b6461630d
:102d4000746573745d2020206d65617375726564b0
:102d5000206f6e207468697320636f72652773201b
:102d6000414e372c2041444320636f7265006461fb
:102d700063746573743a20636f756c64206e6f744e
:102d80002073656c656374207468652055524546f0
:082d900020696e7075740000eb
:020000040000fa
:02000004008179
:102d98005b726567735d206164630d0a0000000063
:102da800636f726500000000414478434f4e000095
:102db8004144785354415400414478434830434f88
:102dc8004e310000414478434830434e540041445a
:102dd8007843483052455300414478434830444191
:102de80054410000636830206972710063616c208f
:102df8006269747320284143414c454e7c43414ce1
:102e08005245517c43414c52415445290000000031
:102e18004945437820287468697320636f72652771
:102e28007320776f726429004946537820287468a4
:102e3800697320636f7265277320776f7264290046
:102e480043483020495251206d61736b20696e20d0
:042e58006974000099
:020000040000fa
:02000004008179
:102e5c00636c6b203c3130302e2e313030303e20c4
:102e6c00202841444320636c6f636b20646976694e
:102e7c00646520726174696f2078203130303a209b
:102e8c00313030203d20333230204d487a203d20e7
:102e9c003430204d5350532c20353030203d2036cb
:102eac0034204d487a203d2038204d5350532c204f
:102ebc0031303030203d203332204d487a203d20b7
:102ecc0034204d5350532c2074686520736c6f77ed
:102edc006573742074686520414443206d617920ca
:102eec0072756e2900000000726174696f20617345
:102efc006b656420666f7200726174696f20726515
:082f0c006164206261636b0047
:020000040000fa
:02000004008179
:102f14005b746573745d206461633a20504153535c
:102f24000d0a00005b746573745d206461633a206c
:102f34004641494c0d0a00005b746573745d20645e
:102f440061633a2074686520444143322074726995
:102f5400616e676c65207468726f756768204144a0
:102f6400432c20444d4120616e64207468652070b8
:102f7400696e672d706f6e67206275666665720d87
:102f84000a005b746573745d202020434c4b4745f5
:102f94004e3720646964206e6f7420636f6d652002
:102fa4007570202d2044414332206973206f66667a
:102fb4000d0a5b746573745d206461633a20464155
:082fc400494c0d0a0000000059
:020000040000fa
:02000004008179
:102fcc005b7661725d202020616463204d4f444527
:102fdc00000000005b7661725d202020616463203c
:102fec0054524731535243005b7661725d2020206e
:102ffc006164632054524732535243005b766172d2
:10300c005d202020616463204143434e554d0000f8
:10301c005b7661725d2020206164632052505443c2
:10302c004e5400005b7661725d2020206164632049
:10303c00636c6f636b20487a000000005b766172f2
:10304c005d202020636c6b67656e3620726174693d
:10305c006f207831303000005b7661725d2020206b
:10306c007472696767657220706572696f64206e2f
:04307c0073000000dd
:020000040000fa
:02000004008179
:103080000d0a40424547494e20636861696e2074cd
:10309000657374202d205343435031202d3e204131
:1030a000444320636f72652035202d3e20444d41fe
:1030b00030202d3e2070696e672d706f6e67202d59
:1030c0003e204350552c2044414332206f6e205205
:1030d00041380d0a00000000206e6f74653d636c7e
:1030e0006f636b5f747265655f6f725f636f72654c
:1030f0005f73657475705f6661696c656400206eee
:103100006f74653d53325f747269676765725f649f
:103110006f65735f6e6f745f72656163685f74681b
:10312000655f4144430040454e440d0a00000000e5
:020000040000fa
:02000004008179
:103130005b726567735d20636f756e746572730d86
:103140000a00626c6f636b735f646f6e6500646d21
:10315000615f6f76657272756e006c6174655f7326
:10316000657276696365000070726f635f6d697385
:1031700073656400646d615f616464725f6572723f
:1031800000000000646d615f6275735f65727200bc
:1031900073656c66746573745f6d65616e006275ee
:1031a000660068616c665f6c656e00006275665fe4
:1031b000656e642028696e20757365290000000023
:1031c0006775617264300000677561726431000078
:0831d00067756172643135007e
:020000040000fa
:02000004008179
:1031d800736e61703a2073746f70706564206279e1
:1031e80020746865206f76657272756e20627261f0
:1031f8006b65202d20746869732072617465206680
:103208006c6f6f6473207468652043505500736e4b
:1032180061703a206e6f20646174610073616d7033
:103228006c65730077696e646f77206e73006b73db
:103238007073206d65617375726564006b7370736c
:10324800206e6f6d696e616c000000006f766572ac
:1032580072756e20647572696e6720746865206285
:103268007572737400000000696e70757400616493
:083278006320636f7265000022
:020000040000fa
:02000004008179
:1032800073616d706c6573207065722068616c6627
:10329000000000006d6178696d756d0062756620d3
:1032a0005b73616d706c6573207065722068616c12
:1032b000662031362e2e313032342c206576656e04
:1032c0005d20202873746f702066697273743b20d0
:1032d000746865206e6578742073746172742075eb
:1032e00073657320746865206e65772073697a65ed
:1032f00029006275663a2073746f702074686520c7
:1033000073747265616d2066697273742c20616ece
:1033100064206769766520616e206576656e206e33
:08332000756d6265720000008a
:020000040000fa
:02000004008179
:1033280073656c66746573745f6d65616e00736553
:103338006c66746573743a206f6b202833363438a2
:103348002e2e34303332290073656c6674657374bd
:103358003a206e6f2064617461202d206973207497
:1033680068652073747265616d2072756e6e696e22
:10337800673f000073656c66746573743a206d6509
:10338800616e206f75747369646520333634382e26
:103398002e343033320073656c66746573743a206a
:1033a800444d41206368616e6e656c206469736189
:1033b800626c656420286164647265737320666159
:0833c800756c743f2900000040
:020000040000fa
:02000004008179
:1033d0005b73656c66746573745d206e6f20444d1d
:1033e0004120626c6f636b732061727269766564f1
:1033f0000d0a00005b73656c66746573745d206d07
:1034000065616e206f757473696465203336343876
:103410002e2e3430333200005b73656c6674657336
:10342000745d20444d41206368616e6e656c20645c
:10343000697361626c65640d0a005b73656c667428
:103440006573745d206d65616e206f6e20696e74aa
:1034500065726e616c2031352f3136205644442020
:1034600028657870656374207e3338343029000015
:020000040000fa
:02000004008179
:1034700011ce01983f04e0f80e0000c52e0100a611
:103480000900008811ce019451ce019485ce01af80
:1034900001ce0198110000ca0d0450ca01ce019c52
:1034a0001dce01c30172000051ce019001720000d7
:1034b000f81f0000c2fdffd451ce019201d012804e
:1034c0003501008002a9f6d451ce019008658f1d08
:1034d00001720000f81f8103013900002a0100a6d3
:1034e00089e221880900308801c2eb80b500108094
:1034f0000010019782aef6d4121028f542aef6d431
:0c3500008f1d017201030000aaffffae46
:020000040000fa
:02000004008179
:10350c0072617465203c343030302e2e34303030c3
:10351c0030206b7370733e20202874686520636cb8
:10352c006f736573742074686520504c4c20636114
:10353c006e206d616b653b2027726174652038309d
:10354c003030272067697665732065786163746c09
:10355c0079203830303029006b7370732061736bb5
:10356c00656420666f7200006b73707320736574f2
:10357c0000000000706c6c3120666264697600009b
:10358c00706c6c3120706f73746469763100706c80
:0c359c006c3120706f737464697632002b
:020000040000fa
:02000004008179
:1035a8005b726567735d20636c6f636b0d0a000067
:1035b8004f53434354524c00504c4c31434f4e00f0
:1035c800504c4c3144495600504c4c32434f4e00fd
:1035d800504c4c3244495600434c4b31434f4e00fb
:1035e800434c4b3144495600434c4b36434f4e00f5
:1035f800434c4b3644495600434c4b37434f4e00df
:10360800434c4b374449560056434f3144495600c2
:10361800434c4b3133434f4e00000000434c4b3179
:10362800334449560000000049454330000000007b
:08363800494653300000000078
:020000040000fa
:02000004008179
:103640005b626f6f745d2052434f4e005b626f6f21
:10365000745d2072657365742063617573653a00eb
:103660002000206e6f6e6520666c61676765642060
:103670002d20612072657365742074686174205216
:10368000434f4e20646f6573206e6f7420726563c4
:103690006f72642c20652e672e2061207472617019
:1036a000207468617420636f756c64206e6f742081
:1036b00062652068616e646c65642c206f722061a5
:1036c00020646562756767657220726573746172e4
:0836d00074000d0a0000000067
:020000040000fa
:02000004008179
:1036d8005b726567735d20756172740d0a004945f8
:1036e800433300004946533300000000495043313a
:1036f80032005532434f4e00553253544154000066
:103708005532425247005250434f4e0052504f528a
:103718006e202854582070696e277320776f726462
:1037280029005250494e526e20285532525852277d
:103738007320776f726429005452495378202854b3
:10374800582070696e277320706f72742900545264
:10375800495378202852582070696e277320706f5b
:04376800727429004e
:020000040000fa
:02000004008179
:10376c000d0a5b434c4b465d20636c6f636b2066ac
:10377c0061696c3a20746865204653434d20737719
:10378c0069746368656420746865204350552074bf
:10379c006f20746865206261636b757020465243bc
:1037ac000d0a00005b434c4b465d204f5343435482
:1037bc00524c00005b434c4b465d20504c4c32430a
:1037cc004f4e00005b434c4b465d20434c4b31430a
:1037dc004f4e00005b434c4b465d20726561636845
:1037ec00656420626f6f74207374616765000000fc
:020000040000fa
:02000004008179
:1037fc005b726567735d206461630d0a00000000f5
:10380c004441434354524c31000000004441433185
:10381c00434f4e00444143314441540044414331f1
:10382c00534c50434f4e000044414331534c504491
:10383c004154000044414332434f4e004441433213
:10384c004441540044414332534c50434f4e0000ca
:10385c0044414332534c5044415400005552454668
:10386c00434f4e0044414320636c6f636b20487a96
:10387c00202872656164206261636b29000000007e
:020000040000fa
:02000004008179
:10388c005b737461745d20626c6f636b733d0000dd
:10389c00206f76657272756e3d0020616464725f94
:1038ac006572723d00000000206275735f65727274
:1038bc003d00206c6173743d0000000020696e7047
:1038cc0075743d0020636c6b3d002072756e3d007d
:1038dc00207077723d002068616c663d000000002e
:1038ec0020636f72653d000020616469663d0000d5
:1038fc002072783d000000002063723d0000000043
:08390c00206c663d0000000084
:020000040000fa
:02000004008179
:103914005b636c6b5d20434c4b31434f4e206174b1
:1039240020656e74727900005b636c6b5d20737943
:103934007374656d20636c6f636b206f6e20612000
:10394400504c4c2c207061726b696e67206f6e2036
:103954004652430d0a005b636c6b5d20504c4c3146
:10396400206c6f636b65642c20333230204d487ab1
:103974000d0a00005b636c6b5d20504c4c32206c74
:103984006f636b65642c20323030204d487a0d0a09
:04399400000000002f
:020000040000fa
:02000004008179
:10399800707000006d696e006d61780074700000d1
:1039a800757000004c75705f783130300000000091
:1039b800646e00004c646e5f7831303000000000a7
:1039c8006465765f7831303000000000736c697090
:1039d8005f7831303000736c69705f6b00000000f5
:1039e800736c69705f6e0000737465705f78313056
:1039f800000000007a65726f0000000064626c00cd
:0c3a0800206f766572666c6f773d3100b0
:020000040000fa
:02000004008179
:103a14005b746573745d2073776565703a207468b0
:103a240065206c61646465722066726f6d207468d1
:103a34006520736c6f77657374207261746520758b
:103a4400700d0a005b746573745d2073776565702f
:103a54003a20646f6e65202d20726561642074685d
:103a640065207461626c652c2074686572652069d8
:103a740073206e6f2073696e676c6520766572645f
:083a84006963740d0a000000e3
:020000040000fa
:02000004008179
:103a8c005b726567735d20646d610d0a0000000058
:103a9c00444d41434f4e0000444d414c4f570000a4
:103aac00444d414849474800444d4130434800008b
:103abc00444d413053454c00444d413053544154d6
:103acc0000000000444d413053524300444d4130fe
:103adc0044535400444d4130434e54004945433205
:103aec0000000000494653320000000049504339a1
:043afc0000000000c6
:020000040000fa
:02000004008179
:103b0000023900002a0200a6120041e58740008c1d
:103b10002a0100ae00600370210010b88a0000aed8
:103b2000003800006affffa8006000004affffaef7
:103b3000210020b8aa0000ae00a014ff400081a41c
:103b40000170000089001088aafeffae017200001b
:103b500099002088b3150586f1e30f8f02fdffd48d
:103b6000c7a60084013c00001fc010f801720000cd
:103b7000d12200c0112300c001720000d12200c276
:103b8000112300c001720000d12200c0112300c027
:103b900001720000d92200d91a0010e9d122009840
:103ba000ee0300ed080001ebd122009c0172000041
:103bb0006114049c0e0000c54e0000a6d12200c076
:103bc000017200001e0000c52a0000a6017200005c
:103bd000d12200c2aaffffae611404980172000056
:020000040000fa
:02000004008179
:103be00047524142206e3d002066726f6d3d0000dd
:103bf000206b7370733d0000206f763d0000000065
:103c0000206c6174653d0000206d69737365643dcf
:103c1000000000002068616c7665733d00000000c4
:103c200020786665723d000020736c703d00206452
:103c30006163687a3d000d0a435243200000000092
:0c3c400043524320303030300d0a0000a9
:020000040000fa
:02000004008179
:103c4c00696e7075743a20414433414e35203d20e5
:103c5c006d696b726f42555320412070696e204123
:103c6c004e20285241302900636f6e736f6c653a99
:103c7c00205541525432206f6e20746865204d439c
:103c8c00503232323141205553422d55415254203d
:103c9c006368616e6e656c20285248312f52443136
:043cac0029000000eb
:020000040000fa
:02000004008179
:103cb000626c6b205b6e20312e2e323034385d20ea
:103cc0002d207468652073616d706c6520626c6f67
:103cd000636b2061732062696e6172792c20776951
:103ce00074682061204352430000000042494e2086
:103cf0006e3d00002070313d000000002070323d1c
:103d0000000000002073616d633d000020696e3d7e
:043d100000000000af
:020000040000fa
:02000004008179
:103d14005b636170747572655d20434c4b47454e1f
:103d24003620646964206e6f7420636f6d65206251
:103d340061636b2028434c4b524459290d0a0000ff
:103d44005b636170747572655d2041444320636fe9
:103d5400726520646964206e6f7420636f6d6520e2
:103d64006261636b20284144524459290d0a0000c2
:020000040000fa
:02000004008179
:103d74005b6164635d20636f726520726561647961
:103d84002c20496e746567726174696f6e206d6f63
:103d940064652c20434e5420323034382c20626128
:103da400636b2d746f2d6261636b0d0a000000005c
:103db4005b6164635d2070696e73656c0000000074
:0c3dc4005b6164635d2073616d6300004f
:020000040000fa
:02000004008179
:103dd000726300007866657200000000697372000b
:103de00068616c6600000000646f6e650000000092
:103df0006f76657272756e00616464725f6572726f
:103e00000000000067756172645f6f6b0000000066
:103e1000206275666665725f76735f737465707035
:0c3e200065645f636f6465730000000060
:020000040000fa
:02000004008179
:103e2c00636c6b366469765f78313030000000006b
:103e3c00636c6b67656e365f687a000020636c6b31
:103e4c0067656e365f6f666600000000636d5f68c5
:103e5c007a0070726f62655f7263000073616d70df
:103e6c006c65735f7772697474656e0062756666f3
:083e7c0065725f707000000028
:020000040000fa
:02000004008179
:103e84002062656e63683d70726f636573735f6f04
:103e94006e655f68616c665f646d615f69646c65c3
:103ea400000000007469636b73006370755f63796d
:103eb400636c65735f7831305f7065725f73616dd9
:103ec400706c6500206e6f74653d6661696c656435
:043ed4005f53340004
:020000040000fa
:02000004008179
:103ed8005b67756172645d20776f726420626568e4
:103ee800696e642074686520627566666572206311
:103ef80068616e6765642c20696e646578005b672d
:103f0800756172645d2076616c7565005b677561cb
:103f180072645d20657870656374656400000000f4
:020000040000fa
:02000004008179
:103f2800756e6b6e6f776e20636f646500000000be
:103f38005b4641494c5d20636f6465005b464149bf
:103f48004c5d20005b4641494c5d204c4544302087
:103f5800626c696e6b732074686520636f6465209a
:103f680066726f6d206e6f77206f6e0d0a0000000d
:020000040000fa
:02000004008179
:103f780073616d63203c302e2e33313e2020287330
:103f8800616d706c652074696d652028322a534113
:103f98004d432b302e3529205441443b207468650d
:103fa80020726174652069732073657420627920ba
:103fb80027706572696f6427290073616d6300005b
:020000040000fa
:02000004008179
:103fc800206e6f74653d6461635f726566757365c5
:103fd8006400206e6f74653d6e6f5f77696e646f05
:103fe8007700736c706461740000000066726f6d16
:103ff800000000006d6f64656c5f78313030000040
:0c400800726174696f5f783130303000f5
:020000040000fa
:02000004008179
:104014002061667465725f73746f705f31306d73a5
:104024000000000073756d5f6265666f7265000065
:1040340073756d5f6166746572006b7370735f6135
:10404400000000006b7370735f6200004c615f7866
:0c405400313030004c625f7831303000b9
:020000040000fa
:02000004008179
:1040600064756d70205b636f756e7420312e2e3217
:104070003034385d205b6f666673657420302e2e99
:10408000323034375d2020287468652077686f6c83
:1040900065206275666665723b2075736520736e78
:0c40a000617020666972737429000000d2
:020000040000fa
:02000004008179
:1040ac0064616374657374205b68616c7665735dc1
:1040bc002020286361707475726520616e64206abb
:1040cc0075646765207468652044414332207472be
:1040dc0069616e676c652c2064656661756c742013
:0c40ec0036342068616c76657329000092
:020000040000fa
:02000004008179
:1040f80063686f73656e5f6b7370730020776879a0
:104108003d686967686573745f70617373696e672a
:104118005f53345f53355f533600206e6f74653dcf
:104128006e6f5f726174655f7061737365645f73ee
:084138006f5f66617200000078
:020000040000fa
:02000004008179
:10414000636f7265203c312e2e353e205b70696ea8
:1041500073656c5d202028737769746368207468c8
:10416000652041444320636f72653b203520332036
:104170003d204441433227732070696e20524138fc
:084180002900636f7265000065
:020000040000fa
:02000004008179
:10418800207372633d646174612069727173656c38
:104198003d310000207372633d726573206972714e
:1041a80073656c3d30006272616b6500627573798e
:1041b8005f6e7300706572696f645f6e73000000f4
:020000040000fa
:02000004008179
:1041c800696e707574203c302e2e31353e202028c3
:1041d80050494e53454c206f662074686520414411
:1041e8004320636f72652c2036203d20696e74650c
:1041f800726e616c2031352f3136205644442900c7
:020000040000fa
:02000004008179
:10420800b80d0000d80d0000f80d0000180e0000d1
:10421800380e0000580e0000780e0000980e0000be
:10422800b80e0000d80e0000f80e0000180f0000ad
:0c423800380f0000580f0000780f000045
:020000040000fa
:02000004008179
:104244005b636c6b6f66665d202020414443206392
:104254006f7265207265706f727465642072656137
:1042640064792077697468207468652067656e6571
:0c4274007261746f72206f6666000000bb
:020000040000fa
:02000004008179
:10428000206d6f64653d74696d657200206d6f64ab
:10429000653d6f6300000000736363705f687a00c0
:1042a000696e5f737065635f6d617800636374311d
:0c42b0000000000063637031000000009b
:020000040000fa
:02000004008179
:1042bc006f6e00006c65643a206f6e006c65643a3a
:1042cc00206f6666000000006175746f00000000ce
:1042dc006c65643a206175746f006c6564206f6e58
:0c42ec007c6f66667c6175746f000000da
:020000040000fa
:02000004008179
:1042f800206261636b5f746f5f6261636b00706cf7
:104308006c00627572737473000000007365745feb
:104318006b737073000000006b7370735f6d656181
:0843280073757265640000006a
:020000040000fa
:02000004008179
:104330007377656570205b68616c76657320706566
:104340007220706f696e742031302e2e3130303013
:1043500030302c2064656661756c742032303030ea
:044360005d000000fc
:020000040000fa
:02000004008179
:104364005241310052413800481d0000501d0000e8
:10437400541d0000581d0000644381005c1d0000b2
:10438400641d0000681d00006c1d0000684381006e
:020000040000fa
:02000004008179
:104394005b726567735d206370750d0a0000000031
:1043a400494e54434f4e3100504354524150000043
:0c43b4006661696c5f636f646500000067
:020000040000fa
:02000004008179
:1043c00068656c700000000068656c70202d2073bb
:1043d000686f7720746869732068656c70000000ee
:0c43e000c043810028b78000c843810062
:020000040000fa
:02000004008179
:1043ec000d0a5b626f6f745d20756172742075705d
:1043fc00206f6e204652432c203131353230302024
:08440c00384e310d0a000000da
:020000040000fa
:02000004008179
:104414005b68616c665d206e3d00206d696e3d00d9
:10442400206d61783d00206d65616e3d00000000e7
:084434002070703d0000000043
:020000040000fa
:02000004008179
:10443c0020636d3d00000000687a000065787065af
:10444c0063740000206e6f74653d6e6f5f636f75f3
:04445c006e7400007a
:020000040000fa
:02000004008179
:1044600061736b65645f6b73707300007065726974
:104470006f645f7469636b73000000007365636f42
:044480006e647300f3
:020000040000fa
:02000004008179
:104484007772697474656e5f686f6c6573007772b8
:10449400697474656e5f6265796f6e640000000014
:020000040000fa
:02000004008179
:1044a400417661696c61626c6520636f6d6d616eec
:1044b40064733a0d0a002020000000000d0a000079
:020000040000fa
:02000004008179
:1044c400070707060606070506050704050506048b
:0c44d400050406030503060205020501ad
:020000040000fa
:02000004008179
:1044e00068616c66000000006d696e006d617800a7
:0c44f0006d65616e00000000707000003f
:020000040000fa
:02000004008179
:1044fc00206461633d706c6c325f76636f646976c7
:04450c0000000000ab
:020000040000fa
:02000004008179
:104510004006a0002800140010000a000800060051
:04452000050004008e
:020000040000fa
:02000004008179
:10452400636f756e7465727320636c656172656424
:044534000000000083
:020000040000fa
:02000004008179
:10453800756e6b6e6f776e20636f6d6d616e643a2a
:04454800200000004f
:020000040000fa
:02000004008179
:10454c004044554d502053006e000d0a00000000f1
:020000040000fa
:02000004008179
:10455c00616c6c0066726f6d0000000072756e000d
:020000040000fa
:02000004008179
:0c456c0031323334353637383900000066
:020000040000fa
:02000004008179
:0c457800726573657474696e6700000062
:020000040000fa
:02000004008179
:08458400405300002e0000006e
:020000040000fa
:02000004008179
:08458c0072756e6e696e670026
:020000040000fa
:02000004008179
:0845940075736167653a2000b0
:020000040000fa
:02000004008179
:08459c00150006003e2000009e
:020000040000fa
:02000004008179
:0445a4003f000000d4
:020000040000fa
:02000004008179
:0445a80020003d00b2
:020000040000fa
:02000004008179
:0445ac000d0a0000f4
:020000040000fa
:02000004008179
:0445b0003a200000ad
:020000040000fa
:02000004008179
:0445b40008200800d3
:020000040000fa
:02000004008179
:0445b80008000000f7
:020000040000fa
:02000004008179
:0445bc0020000000db
:00000001FF
