:020000040000fa
:0200000400807a
:04000000b4058000c3
:020000040000fa
:0200000400807a
:1005b40081b707800500f08001ff13800500e0800b
:1005c4000100008085000080007600004e0000a637
:1005d400010000808500008021e801c225e801c2f5
:1005e40000010001910800940100008005000080d2
:1005f40000290000260000aac10800c225e801c0a5
:1006040021e801c05900009700010000f2cf2f90ab
:10061400021d00d4003800006e0000a641eb1080db
:10062400850000804a0000ae0100008005000080c3
:10063400003900004a0000a601001088820200d49c
:10064400420200d40100008005000080003900004f
:100654002a0000a6020000dee22600d40100008089
:1006640005000080003900008a0000a60100008017
:10067400050010809577009451770094e21202df10
:10068400422700d402720000030000fa0172000045
:10069400900300008a0200aea16100000060b983eb
:1006a4000060c9833e00c0c54e0000a60e000ad6f5
:1006b400aa0100ae0e00c0c58e0000a61b76000085
:1006c40002000bd80d0ca088ea0000ae1e00c0c5c5
:1006d4000a0000a61b76000002000bd8086ca98350
:1006e40039740000c60399ed0260a9e54efdffa62a
:1006f40001720000810000bf02262226f01ff11fb4
:10070400f21ff31ff41ff51ff61ff71ff81f002633
:10071400102620263026402650266026702600000b
:10072400150900c0a2740ad480030000e3420582c4
:10073400c2710ad41510039007000088f3430582a0
:1007440082710ad455190390070000883344058246
:1007540002710ad49511039007000088734405823e
:1007640082700ad40300008818030000b344058291
:1007740002700ad4a9000088c2710ad4810000bfa3
:1007840002262226f01ff11ff21ff31ff41ff51f8c
:10079400f61ff71f00261026202630264026502656
:1007a40060267026e50a00c001000088091504a926
:1007b4004a0000a651da0090f2ff00c8620902d490
:1007c400702e602e502e402e302e202e102e002ef5
:1007d4007f1d6f1d5f1d4f1d3f1d2f1d1f1d0f1df5
:1007e400222e022e810000bd00720000810000bf95
:1007f40002262226f01ff11ff21ff31ff41ff51f1c
:10080400f61ff71f002610262026302640265026e5
:1008140060267026950900c19131029042cf04d41c
:10082400702e602e502e402e302e202e102e002e94
:100834007f1d6f1d5f1d4f1d3f1d2f1d1f1d0f1d94
:10084400222e022e810000bd007200006d0900c03e
:10085400450f04d500720000610900c1050f04d5dd
:1008640000720000810000bf02262226f01ff11f43
:10087400f21ff31ff41ff51ff61ff71ff81ff91fd0
:10088400fa1f0026102620263026402650266026f1
:100894007026000041080092f21f80c9851404d517
:1008a40051140496d11404901114049482ca04d4eb
:1008b4001d0700c1225c0ad408030000620c07d49f
:1008c4009010000091110494e28903d4d1cccc801f
:1008d400c56016800010019748003aa280029ae190
:1008e400a9000088a01500004a0000ae0a03000019
:1008f400820500d499008088025a0ad409030000b2
:10090400020500d4025a0ad409030000a20400d448
:1009140021ff8fb8aafeffae810000bf0226222667
:10092400f01ff11ff21ff31ff41ff51ff61ff71f2f
:10093400f81f002610262026302640265026602642
:1009440070260000c90900c1617401981f0010f8e5
:100954000e0000c5ee0000a61b5d00a0d17401903e
:10096400222702d4002008ff1f0010f80e0000c543
:100974004affffa6702e602e502e402e302e202ec1
:10098400102e002e8f1d7f1d6f1d5f1d4f1d3f1ddf
:100994002f1d1f1d0f1d222e022e0000810000bde1
:1009a40000720000307600003a0000a8020000d86f
:1009b40000010172020000ccf81ff91ffa1ffb1f8f
:1009c400fc1ffd1fd40300000100a088061044f59d
:1009d4000920c088ba2c00004801f8a309009088b7
:1009e400b86a0000000184e1400195e34800f6a3e1
:1009f400121066f5686b796b000080e1400091e3aa
:100a0400080319030a380000c60200a8800142e165
:100a1400c00153e3243d353f060200aeab020a3861
:100a24006a0000a81900008809001088086b196b77
:100a340001fdcfb80a380000260000a842615363c4
:100a44000d3900002e0000a604031503df1dcf1d81
:100a5400bf1daf1d9f1d8f1d017200001200abe072
:100a6400dafdffae800142e5c00153e7623d733f0a
:100a740007000098260000aa03000098c002a6e41c
:100a8400dafcffae190040886af9ffae090040881d
:100a94002af9ffaef81f0039013b0000c60100a887
:100aa400007b0000020011ef190080880239033b2b
:100ab400660000a8227b0000020033ef0900808852
:100ac40002feffd4083900004a0000a6007b0000a3
:100ad400020011ef8f1d0172090080880239033b67
:100ae400e6feffa8227b0000020033ef1900808895
:100af4006afeffaef81f0239033b0000460000a85f
:100b0400227b0000020033ef090080880039013b9a
:100b1400660000a8007b0000020011ef1900808825
:100b240042fbffd4083900004a0000a6007b000005
:100b3400020011ef8f1d0172f81ffa1ffc1f000045
:100b4400010000800500a0802a200a39aa0000a61e
:100b540001000080050080800060c8830e000cd670
:100b6400a1ffafb8cf1daf1d8f1d0172f81ffa1f73
:100b7400fc1f0000010000800500a0802a200a3923
:100b84000affffa601000080050080804afeffae38
:100b94003e720000f1ff0f86010600004800f2a338
:100ba400f1410000f1c4ea80a5020280103d00007a
:100bb400060200ae81211780b5e2018016000a8684
:100bc400103d0000860500ae0100008005c10180d3
:100bd400103d0000c60b00ae0100008205e3038255
:100be400f1ff1f8482000080d1ff0f8682500280b3
:100bf4002a0200aec3ed0180290230880004038379
:100c04000100008085e30380103d0000660100ae12
:100c140071211780b5020280103d0000220100ae50
:100c2400023900002e0100a60100008205e30382c0
:100c3400f1ff1f8486000284f1ff1f86f1ff0f84f9
:100c440003720172023900004afbffa646010086c6
:100c5400f1ff2f840a200084e1ff0f86411bff80ef
:100c6400c5020280103d000042faffae6601048610
:100c7400f1ff2f862afeffae2159518085e30180c2
:100c8400103d0000e20500aeb1a38a82b5e3018203
:100c9400f1ff3f8486010084880020a493ed01883d
:100ca4000261000000201084021000805200048eb3
:100cb400200600040a00008e0120178235e32182f9
:100cc40006200484f1ff3f8486210480e1e8fb824e
:100cd400b5a131820630068406310880f1ff4f86c3
:100ce400f1ff4f84064202845121558235c30582a7
:100cf40086000084f1a8aa8225e241820240008095
:100d040006100084f1ff1f848600008086000284a0
:100d140026000886060200808a00008406300080cf
:100d24000220008002500a80f1ff5f860039000033
:100d34004af8ffa602500086220100d4f1ff0f8674
:100d4400caf7ffae100002fb026500001afbffaefb
:100d5400f1ff2f8409000088660106860afcffaeb5
:100d64001e720000f60700c52e0200a801000082d2
:100d740005e3138206100084f60310e5f60710c598
:100d8400ce0000a80610008410030000e20f10c576
:100d9400f9230088f60710c5038011f7f60311e163
:100da4007125f10911040000061000840372017218
:100db400e607f0e1a60100a8010000828560108228
:100dc40006100084660210e1e607f1e166feffa862
:100dd4000610008410030000c20c10c129c00f8f3c
:100de400103d000003a011f78afdffae10030000c0
:100df4004afdffae0900508812740000210020b89b
:100e0400020000cd48e1308215740000120041e573
:100e140048e14482080034bd0affffa6037f447ff3
:100e2400046501720900308812740000210020b8a2
:100e340001720000c8fc0183137400006affffae56
:100e4400013d0000fa0000a6800031e1033d0000ee
:100e5400620000aa800040e1413d0000560000ae5f
:100e640002feffd41003010301723003400050f16d
:100e7400320055e9013d0000c20300aa0539000013
:100e84008e0100a6120042e1320053e90539000048
:100e9400ee0100a6880024a214740000210240b8c8
:100ea400880024a2c9e35f8f54152561242434618a
:100eb400146100000900408812740000210020b869
:100ec4000afdffae08fd3183147400006affffae13
:100ed400210040b86afcffae086c31831276000032
:100ee4002afdffae400161e1403d368345740000b8
:100ef4004afdffae053900008e0100a634034065ab
:100f040014740000320053e905390000ae0100a654
:100f140042030000880023a213740000c10130b80a
:100f2400880023a2c9e34f8f34152361800030e188
:100f340012611274210020b84af9ffae089031837f
:100f44008affffae12760000210040b8aaf8ffae77
:100f540088f031836afdffae44760000000161e150
:100f6400003d0683aafdffae1076117608a020820c
:100f740008a03182080023bd4e0000a60e0020c543
:100f84004effffa6227f037f800000e50172000070
:100f940010030000320021e902390000ee0100a62e
:100fa4004103000000603483f1efef80f5e2278015
:100fb40023613379236900000108088085003480a7
:100fc400236902396a0100a6120021e1082001b94f
:100fd400aa0000a6120300006affffae120021e17e
:100fe400082001b93e0000a6400000e5017212038a
:100ff4000afdffae140300002afdffaece73f81ff6
:10100400f91ffa1f80039103a2030000090000885e
:101014002008080938080000f9e33f8f130900008d
:10102400061022f5c6030fe5b409c509a23300d49e
:10103400b40dc50d190020881a030000c6030fe57e
:10104400420300d409390000aa0000a6720d000072
:1010540006003fe5802023e1330c2365800498e1fa
:10106400af1d9f1d8f1d037201720000f9e34f8fa6
:10107400f9e35f8f2afcffae09004088010000807d
:1010840005005480aafbffaef9e34f8f0900508896
:101094004afbffae0100008005004480090050882f
:1010a400cafaffae8afeffae0afeffaec203ffe13c
:1010b400f81ff91ffa1ffb1ffc1ffd1ffe1f8003f3
:1010c400e1039203d503c403460210c5460000aef3
:1010d400113900008e0000a6c3ed0180690110885b
:1010e400000401834a0900aef30008fd330118fd32
:1010f400013d0000220400aac20318e1120410e119
:10110400002000ff060200c5eafeffa6920010e5db
:101114004139000082feffaeb60200c58a0000a677
:1011240009002088f2080000d60200c56e0100a65e
:10113400d902a0880a3d00001fc010f8007bf00807
:10114400f30008fd330138fd033d0000c20100aa8d
:10115400c20318e1120410e1002000ff330118fd5e
:101164000e3900006a0100a60601e0c52e0800a69b
:10117400060300c52a0100a6ca0700ae0803000042
:10118400422b00d4eafbffae08030000e22a00d49d
:101194004afeffae060300c5ae0600a6f30008fd36
:1011a400013d0000320400aac20318e1120410e158
:1011b400002000ff10035142860710c5ce0400a68c
:1011c400f30008fd330168fd063d0000420300aa58
:1011d400c20318e1120410e1002000ff4be901846e
:1011e40048e010820901e088fe0010c5821200aeba
:1011f400330178fd07390000ca2400a6f30018fd66
:10120400c20308e109390000ca0100a6220401e56d
:101214000610aaf50a031b03ef1ddf1dcf1dbf1d1a
:10122400af1d9f1d8f1d0000c203ffe5017208035f
:10123400c22500d4eafbffae08030000622500d4f7
:10124400cafcffae120401e5061022f508030000f3
:10125400822200d4cafdffae0e390000ea0e00a6b9
:10126400ae390000ce0e00a60900a088ca0200ae66
:10127400a900e0884be9018808e022822e3d0000a5
:10128400e6feffaa013900004a0000a6c20308e1f5
:10129400122400e5061022f508030000222000d4e1
:1012a400aaf1ffaea9001088a115a0610203aae566
:1012b400f30008fd023d0000220a00aac20318e15f
:1012c400120410e1002000ff330128fd020310e5a1
:1012d40091390000860000ae8199998095c11080f3
:1012e400a13d0000e2fdffae1210aaf5020310e5d5
:1012f400330198fd91390000860500ae91999980db
:1013040095c124809199998095c13080a23db33fc5
:10131400660100aea9002088c0024295801222977f
:1013240034610000121041f511790109f9e31f8fae
:101334001109060d170d263d373f0000620600ae69
:101344004be9018408e0018291030e3de20200aa08
:10135400f30008fd330178fd073d0000c21700aa21
:10136400c20318e1120410e1002000ff08e0098222
:101374000e3d0000c6feffaac3ed018029021088bd
:10138400000401831900008809001088000320e983
:10139400400331e9ac03bd0309000088f10c0239b4
:1013a400033b0000430010f7f1080000330128fd5f
:1013b400023900004a0000a6c20308e1122400e535
:1013c400ac3dbd3fc61500aa1900608809007088ad
:1013d400000306e9400317e90039013b2e1400a677
:1013e400f70c0739ee1300a6c3ed0180290210881b
:1013f400000401831200ace50200bde7aaf0ffaed1
:1014040008030000221700d4eaf5ffae8000a4e12f
:10141400c000b5e3f30008fd093d0000820000aa06
:10142400c20318e1120410e1002000ffeaf5ffae48
:1014340008030000a21500d48af5ffae8900e088f5
:101444001200aee5ae6900004be901a40a390000c0
:101454008e0f00a6790110881e1500005f0471f834
:1014640023e9018812610000002041fd08e019828f
:10147400330138fde13d0000820000aef1ffff8042
:10148400f5232080a23d0000c20300ae1210aaf58d
:10149400f9e32f8ff9e33f8f840046ab070137e26e
:1014a400020214e4220000ae840116ab08e01982a3
:1014b400330158fd217fe23d22f4ffae6a3d7b3fbc
:1014c400e6f3ffaac40243ad0b01a2e2020204e464
:1014d400220000aec40003ad017f0000121000f52d
:1014e4000000a2eb4000b3ebf30008fd053d000053
:1014f400220200aac20318e1120410e1002000ff36
:101504004afdffae84024aada16b0000f30008fd62
:10151400033d0000820000aac20318e1120410e196
:10152400002000ff2afaffae08034409e20d00d4ac
:10153400440d0000aaf9ffae08034409260937093f
:10154400420d00d4370d260d440d0000eafaffae1b
:10155400ae15a161f30008fd033d0000c20600aa18
:10156400c20318e1120410e1002000ff08e0198210
:10157400330138fde13d0000820000ae611cc780ec
:1015840015232080a23d000022feffae1210aaf512
:101594004be9018448e04082330118fd247fe23d99
:1015a400e2ecffae12102ef5020913090b3900000c
:1015b4004a0100a680122e9780136b97760987093b
:1015c400c80006a209007088720d830d62617363fe
:1015d400d608e708073900002eebffa6170d000018
:1015e400c0015a95030d0000c0022395526100000a
:1015f400c0102a973561447f121044f56479b60807
:10160400f9e37f8fc708b60cc70c263d373f0000af
:1016140066e9ffae8000a4e1c000b5e3f30008fd75
:10162400013d0000220100aac20318e1120410e1e6
:10163400002000ffcafaffae08030000620500d4d0
:101644004af9ffae0900a0880af9ffae08030000ba
:10165400c20400d4caf9ffae08030000620400d437
:101664004ae8ffaeac3dbd3fa20000aec3ed018031
:101674002902108800040183ac03bd03aadcffae79
:10168400f10c013966dcffa8aa7b00000200bbef65
:101694000adcffae0610aaf509390000aedbffa68e
:1016a4002addffae470102fd570103fdf30060fd93
:1016b400230010fd400046e50801f5a1670104fd83
:1016c400770105fd030110fd0239033baa0000a6c2
:1016d400400046e50801f5a1423d533f2e0000a815
:1016e400800016e1370101fd01720000f81ff91fa7
:1016f400fa1ffb1f80030000f30000fd820018e1c5
:10170400002021e502030000630128fd730138fd78
:101714000800f6a10000a2e18001b3e3430108fd43
:10172400530118fd0039013b1a0200a60a3d1b3f74
:10173400d20100a8230018fdf30028fd400002e5b3
:101744000800f3a1a061b36367018afd77018bfdf3
:10175400370182fdf9e30f8ff9e31f8f470180fd05
:10176400570181fdbf1daf1d9f1d8f1d0172080311
:10177400a20300d400390000cafdffa812002ae128
:1017840002003be3430148fd530158fd030198fd6a
:10179400f30018fd0439053b0a0100a6400261e587
:1017a4008801f7a10001a2e54001b3e76a3d7b3f50
:1017b4004e0000a842650000000191e1370189fd57
:1017c400230048fd000151e54801f6a12561366377
:1017d400670182fd770183fd413d000026fcffaadd
:1017e400ffff10fdeafbffae1e72f81f800300002e
:1017f400e20100d4003900006a0000a6f9e30f8f6b
:101804008f1d037201720000130138fd1900208836
:1018140082001fe5080300000e0003d61039000003
:10182400cefeffa68bff1ffc017f00008afeffaee9
:10183400f81f80038b0420fc1a0012e4480012eb0a
:101844008f0401fd530010fd630020fd123d0000d4
:10185400620000aeb30030fd061012f50e0003d690
:1018640009000088a70080fd670080fd570080fd07
:10187400130008fd220010e9013900008a0000a6c7
:1018840040420000170080fdf9e30f8f8f1d0172a5
:10189400820028e1330018fd402012e1070181fd98
:1018a400f70081fd3f0030f8007b0000eafeffae48
:1018b4004a0000ae01720000020000cda2ffffd476
:1018c40009001088d3ed01800020008342ffffd47b
:1018d40009001088d3ed018000200083c2feffd4ec
:1018e40009001088d3ed0180002000834afeffae7a
:020000040000fa
:0200000400807a
:10000400680880006808800068088000680880002c
:10001400680880006808800068088000680880001c
:10002400680880006808800068088000680880000c
:1000340068088000680880006808800068088000fc
:1000440068088000f806800068088000680880005e
:1000540068088000680880006808800068088000dc
:1000640068088000680880006808800068088000cc
:1000740068088000680880006808800068088000bc
:1000840068088000680880006808800068088000ac
:10009400680880006808800068088000680880009c
:1000a400680880006808800068088000680880008c
:1000b400680880006808800068088000680880007c
:1000c400680880006808800068088000680880006c
:1000d400680880006808800068088000680880005c
:1000e4006808800068088000680880005008800064
:1000f4005c08800068088000680880006808800048
:10010400680880006808800068088000680880002b
:10011400680880006808800068088000680880001b
:10012400680880006808800068088000680880000b
:1001340068088000680880006808800068088000fb
:1001440068088000680880006808800068088000eb
:1001540068088000f0078000680880006808800054
:1001640068088000680880006808800068088000cb
:1001740068088000680880006808800068088000bb
:1001840068088000680880006808800068088000ab
:10019400680880006808800068088000680880009b
:1001a400680880006808800068088000680880008b
:1001b40068088000680880001c09800068088000c6
:1001c400680880006808800068088000680880006b
:1001d400680880006808800068088000680880005b
:1001e400680880006808800068088000680880004b
:1001f400680880006808800068088000680880003b
:10020400680880006808800068088000680880002a
:10021400680880006808800068088000680880001a
:10022400680880006808800068088000680880000a
:1002340068088000680880006808800068088000fa
:1002440068088000680880006808800068088000ea
:1002540068088000680880006808800068088000da
:1002640068088000680880006808800068088000ca
:1002740068088000680880006808800068088000ba
:1002840068088000680880006808800068088000aa
:10029400680880006808800068088000680880009a
:1002a400680880006808800068088000680880008a
:1002b400680880006808800068088000680880007a
:1002c400680880006808800068088000680880006a
:1002d400680880006808800068088000680880005a
:1002e400680880006808800068088000680880004a
:1002f400680880006808800068088000680880003a
:100304006808800068088000680880006808800029
:100314006808800068088000680880006808800019
:100324006808800068088000680880006808800009
:1003340068088000680880006808800068088000f9
:1003440068088000680880006808800068088000e9
:1003540068088000680880006808800068088000d9
:1003640068088000680880006808800068088000c9
:1003740068088000680880006808800068088000b9
:1003840068088000680880006808800068088000a9
:100394006808800068088000680880006808800099
:1003a4006808800068088000680880006808800089
:1003b4006808800068088000680880006808800079
:1003c4006808800068088000680880006808800069
:1003d4006808800068088000680880006808800059
:1003e4006808800080078000680880006808800032
:1003f4006808800068088000680880006808800039
:100404006808800068088000680880006808800028
:100414006808800068088000680880006808800018
:100424006808800068088000680880006808800008
:1004340068088000680880006808800068088000f8
:1004440068088000680880006808800068088000e8
:1004540068088000680880006808800068088000d8
:1004640068088000680880006808800068088000c8
:1004740068088000680880006808800068088000b8
:1004840068088000680880006808800068088000a8
:100494006808800068088000680880006808800098
:1004a4006808800068088000680880006808800088
:1004b4006808800068088000680880006808800078
:1004c4006808800068088000680880006808800068
:1004d4006808800068088000680880006808800058
:1004e4006808800068088000680880006808800048
:1004f4006808800068088000680880006808800038
:100504006808800068088000680880006808800027
:100514006808800068088000680880006808800017
:100524006808800068088000680880006808800007
:1005340068088000680880006808800068088000f7
:1005440068088000680880006808800068088000e7
:1005540068088000680880006808800068088000d7
:1005640068088000680880006808800068088000c7
:1005740068088000680880006808800068088000b7
:1005840068088000680880006808800068088000a7
:100594006808800068088000680880006808800097
:1005a4006808800068088000680880006808800087
:020000040000fa
:02000004007f7b
:0440c000ffffffff00
:020000040000fa
:02000004007f7b
:0448c000fffffffff8
:020000040000fa
:02000004007f7b
:0440b000ffffffff10
:020000040000fa
:02000004007f7b
:0448b000ffffffff08
:020000040000fa
:02000004007f7b
:0440a000ffffffff20
:020000040000fa
:02000004007f7b
:0448a000ffffffff18
:020000040000fa
:02000004007f7b
:04409000ffffffff30
:020000040000fa
:02000004007f7b
:04489000ffffffff28
:020000040000fa
:02000004007f7b
:04408000ffffffff40
:020000040000fa
:02000004007f7b
:04488000ffffffff38
:020000040000fa
:02000004007f7b
:04407800ffffffff48
:020000040000fa
:02000004007f7b
:04487800ffffffff40
:020000040000fa
:02000004007f7b
:04407400ffffffff4c
:020000040000fa
:02000004007f7b
:04487400ffffffff44
:020000040000fa
:02000004007f7b
:04407000ffffffff50
:020000040000fa
:02000004007f7b
:04487000ffffffff48
:020000040000fa
:02000004007f7b
:04406800ffffffff58
:020000040000fa
:02000004007f7b
:04486800ffffffff50
:020000040000fa
:02000004007f7b
:04406400ffffffff5c
:020000040000fa
:02000004007f7b
:04486400ffffffff54
:020000040000fa
:02000004007f7b
:04406000ffffffff60
:020000040000fa
:02000004007f7b
:04486000ffffffff58
:020000040000fa
:02000004007f7b
:04405800ffffffff68
:020000040000fa
:02000004007f7b
:04485800ffffffff60
:020000040000fa
:02000004007f7b
:04405400ffffffff6c
:020000040000fa
:02000004007f7b
:04485400ffffffff64
:020000040000fa
:02000004007f7b
:04405000ffffffff70
:020000040000fa
:02000004007f7b
:04485000ffffffff68
:020000040000fa
:02000004007f7b
:04404800ffffffff78
:020000040000fa
:02000004007f7b
:04484800ffffffff70
:020000040000fa
:02000004007f7b
:04404400ffffffff7c
:020000040000fa
:02000004007f7b
:04484400ffffffff74
:020000040000fa
:02000004007f7b
:04404000ffffffff80
:020000040000fa
:02000004007f7b
:04484000ffffffff78
:020000040000fa
:02000004007f7b
:04403800ffffffff88
:020000040000fa
:02000004007f7b
:04483800ffffffff80
:020000040000fa
:02000004007f7b
:04403400ffffffff8c
:020000040000fa
:02000004007f7b
:04483400ffffffff84
:020000040000fa
:02000004007f7b
:04403000ffffffff90
:020000040000fa
:02000004007f7b
:04483000ffffffff88
:020000040000fa
:02000004007f7b
:04402800ffffffff98
:020000040000fa
:02000004007f7b
:04482800ffffffff90
:020000040000fa
:02000004007f7b
:04402400ffffffff9c
:020000040000fa
:02000004007f7b
:04482400ffffffff94
:020000040000fa
:02000004007f7b
:04402000ffffffffa0
:020000040000fa
:02000004007f7b
:04482000ffffffff98
:020000040000fa
:02000004007f7b
:04401800ffffffffa8
:020000040000fa
:02000004007f7b
:04481800ffffffffa0
:020000040000fa
:02000004007f7b
:04401400ffffffffac
:020000040000fa
:02000004007f7b
:04481400ffffffffa4
:020000040000fa
:02000004007f7b
:04401000ffffffffb0
:020000040000fa
:02000004007f7b
:04481000ffffffffa8
:020000040000fa
:02000004007f7b
:04400800ffffffffb8
:020000040000fa
:02000004007f7b
:04480800ffffffffb0
:020000040000fa
:02000004007f7b
:04400400ffffffffbc
:020000040000fa
:02000004007f7b
:04480400ffffffffb4
:020000040000fa
:02000004007f7b
:04400000ffffffffc0
:020000040000fa
:02000004007f7b
:04480000ffffffffb8
:020000040000fa
:02000004007f7b
:04303000ff7fffff20
:020000040000fa
:02000004007f7b
:04383000ff7fffff18
:020000040000fa
:02000004007f7b
:04302000ffffffffb0
:020000040000fa
:02000004007f7b
:04382000ffffffffa8
:020000040000fa
:02000004007f7b
:04301000df7fffff60
:020000040000fa
:02000004007f7b
:04381000df7fffff58
:020000040000fa
:02000004007f7b
:04300000ffffffffd0
:020000040000fa
:02000004007f7b
:04380000ffffffffc8
:020000040000fa
:0200000400807a
:1018f400082020820e0020c56a0200a6950b0491e0
:10190400f60e50c5060200ae43d8019045610000b2
:10191400000015e5020f10c130031574400100e505
:1019240013650000c00050e1080c428308a0238224
:101934000e0020c56a0000a641ff1fb8950b049550
:1019440001720000950b0495017200003e72f81fad
:10195400f91f000052013fe542012fe5200092fbf0
:10196400d1cccc80c5608680a90070882a0000aee6
:1019740014030000c00069e140104897480134a2f4
:1019840000012795400022e50a1732e19139000051
:10199400e6feffae06390000ea0000a642014fe56c
:1019a400800124e1120030e5800014e508943283bc
:1019b400c1ff1fb8066100000d0400889f1d8f1d24
:1019c400037201723e72f81f8003000002010fe5ea
:1019d400c2fbffd4c37e0582a2f8ffd40803000033
:1019e40062f8ffd4cb7e058222f8ffd402010fe512
:1019f400e2f7ffd48f1d0372017200004e72f81fcc
:101a0400800301398a0100a842010fe5e2f9ffd4fd
:101a1400c37e0582c2f6ffd40803000082f6ffd419
:101a2400cb7e058242f6ffd442010fe502f6ffd4d5
:101a34008f1d037201720000b7000080cffef0fd1d
:101a4400117b000032010fe502f8ffd40afeffae5d
:101a54003e72f81f80030000c30000800ffff0fdfa
:101a6400e30100801ffff0fde2004fe5c90130886b
:101a740083d8049689002088440030abf20000e942
:101a840008ec45834376000061ff2fb80300008013
:101a9400affff0fdc37e0582a2f2ffd4080300006d
:101aa40062f2ffd4cb7e058222f2ffd402010fe55d
:101ab400e2f1ffd48f1d037201720000121021f5b0
:101ac400220433040e20028e8600008466010286fe
:101ad4000a10008ae20000b80100008205e31182c6
:101ae400021000805200048e2106000062f8ffd428
:101af400017200000100008205e3118206100080db
:101b04005200048e210600000affffae3e72f81f49
:101b140080030000850b04a7f37d058282eeffd4c9
:101b2400550c049002010fe502f1ffd402010fe508
:101b3400e2edffd4037e0582a2edffd4180300007a
:101b440002010fe522f0ffd402010fe502edffd4fc
:101b54008f1d03720172000001c2eb80b50020806a
:101b640040102297d512049000100197a278ffd458
:101b74000172000001105e80f521108000100197b1
:101b8400d1120491c923208800112297120042e542
:101b9400020053e731032003046115632277ffd465
:101ba40020740172023d133f220100ae000042e5a1
:101bb400400053e704031503f9e32f8f090030882d
:101bc400423d533f220000ae0203130301720000a2
:101bd400800040e5c00051e7cafeffae596112889b
:101be40001150000080092a2d1962480952011804e
:101bf400801021970900178813150165021000c091
:101c040001720000007e00040a00008e411204bf2d
:101c1400102e000006100084c10b04bf102e00001b
:101c2400021000800100008205e31182021000808e
:101c34005200048e20060172061000c5660000ae34
:101c4400003900004e0000a60172000009800088df
:101c5400090010880900308843d00194000021e570
:101c64001900408800390000030122f7400041e1d7
:101c740000e14582440234611174000061ff2fb811
:101c8400080012a2326123039f720000070020eab9
:101c940002030172f81f8003230010fd73490582bb
:101ca40002e9ffd40020188383490582a2e8ffd407
:101cb400130018fd9349058242e8ffd4330018fd50
:101cc400a3490582e2e7ffd4430018fdb349058226
:101cd40082e7ffd44922108861000884c349058241
:101ce400c2eeffd4530018fdf3490582a2e6ffd4e7
:101cf4004922108871000884034a0582e2edffd46a
:101d04004922108881000884334a058262edffd499
:101d140049221088c1000884634a0582e2ecffd49a
:101d2400d30018fd8b4a0582c2e4ffd4e30018fdfa
:101d3400b34a058262e4ffd4a900108891000884a4
:101d4400d34a0582a2ebffd4cb0308fc0e0000c5e6
:101d54008e0000a6db0308fc0e0000c50e0100a6e1
:101d64008f1d0172a30018fd034b0582a2e2ffd46c
:101d7400b30018fd234b058242e2ffd4aafeffae56
:101d8400334b058242dbffd4aafeffae510c049410
:101d940001001080a5201680000021ebd9130494c3
:101da40001720000f81f0000290c04981d0c04980f
:101db400010c04999900008843dc019c6bdc0198b8
:101dc400bbdc0194a90010882a0100ae0e0020c5d6
:101dd400ee0200a60e0030c5ae0200a60e0040c5fd
:101de4006e0200a610760000210010b80a0200aeb0
:101df4000e0020c56a0000a608e085820e0080c59a
:101e04000affffa60e0030c56a0000a608e086821d
:101e14000e0080c56afeffa60e0040c56afdffa63f
:101e240008e087820e0080c5cafdffa6eafcffae6b
:101e34008f1d0172f81f8003080021a493d9048226
:101e44000161000000202083082012820e0010c5ca
:101e54006a0100a6e302018c43d80180002003e15b
:101e640043d8018c100033fb000043e1080c0183cc
:101e740008a012820e0010c56effffa6910b0495f8
:101e8400950b049043d8018037000088481c0283d6
:101e9400220021e1990b0494106100002b00008cb6
:101ea4001f0013fd03000084881c0183a27401d465
:101eb400510c049090390000a60000ae20248061eb
:101ec40088610000e3dc018080610000122488e066
:101ed4008f1d01724a0d00d4f81ff91ffa1ffb1f52
:101ee400fc1ffd1fa003b1039203000009008088ba
:101ef400910b0496b37c0582a2cfffd4550c0490b9
:101f0400896000880e61000002d2ffd489600088d5
:101f14000e610000c2ceffd4037e058282ceffd4c0
:101f24001a030000896000880e610000e2d0ffd42b
:101f3400896000880e610000a2cdffd4190300005f
:101f4400d37c0582e2d3ffd4db7c058202cdffd4af
:101f540043d80180950b0490481c0883226f01d458
:101f6400983d00004a0700a609003088dbd704a288
:101f7400390000880000aee50940d088ea0100aecf
:101f8400390020882a0000ae3900208837000080fc
:101f9400881ce0832e6100002b0000801f0020fdc0
:101fa400030000802f0020fd0e030000a26c01d46a
:101fb400bd613c039c3d0000a20400ae030100800f
:101fc4000804e083130100801f00e0fd830000800b
:101fd4002f00e0fd0600c3e1c33d000002fdffae9b
:101fe400933d000002fdffae32000ee15b030000f2
:101ff40009204088120063e1190010886c3d00003c
:1020040043c044f70020158221030000f2ff20c9d9
:10201400880086a288e508838f0472f888e0288205
:102024001f0002fd00002ae1f20011e948e01882d5
:102034002f0001fd13740000210040b86afaffaebe
:1020440025743074933d0000cefdffa6eaf9ffae7f
:10205400df1dcf1dbf1daf1d9f1d8f1d037201729c
:10206400026701d401720000f81ff91ffa1ffb1f59
:10207400b003a10302039303e20b03d480030b0315
:1020840042d4ffd49376058222c3ffd40a0300000e
:10209400e2c2ffd418030000b376058222c9ffd43c
:1020a40019030000c3760582c2c8ffd408390000b2
:1020b400ea0100a6893d0000420200ae89650000e5
:1020c400f151b880e581028040120097480060a277
:1020d400083d000007000080260000aa03000080dd
:1020e40082eaffd4bf1daf1d9f1d8f1d017200002a
:1020f400e3760582c2bfffd439000088a2e9ffd489
:102104000affffae400288e5aafdffaef81ff91fe3
:1021140009000088a2e3ffd41900008862cfffd42d
:10212400a3b5048242beffd43900008822e8ffd45c
:10213400226609d4800300002900008862ceffd4ff
:10214400180300009bb60482c2c3ffd4012d318062
:1021540015001080c376058242c3ffd4d1dace8045
:10216400e5e3078080610000a9630088803d0000ea
:1021740007000080260000ae03000080a2e5ffd423
:102184003900008822ccffd4550a0490e3b60482b7
:1021940082c1ffd4150a049803b7048222c1ffd474
:1021a400050a049833b70482c2c0ffd4221f03d4a3
:1021b4001003000053b7048242c0ffd4c2f902d412
:1021c4001003000073b70482c2bfffd402fc02d420
:1021d4001003000093b7048242bfffd41519039083
:1021e400b3b7048242c3ffd4d5170390d3b7048294
:1021f400e2c2ffd49514039003b8048282c2ffd4d0
:10220400f10904981a0000f042e1ffd401002d8086
:1022140015833080b900208823b8048649000088db
:1022240022f2ffd401407880d5a33080c9002088f1
:1022340053b804865900008862f1ffd401002d8050
:10224400158330805900208883b80486690000888b
:10225400a2f0ffd401407880d5a3308069002088a3
:10226400b3b8048679000088e2efffd40150d68029
:10227400c5e13080e9002088e3b80486890000883d
:1022840022efffd4e24205d480030000624305d468
:10229400900300009900008882c3ffd4c22105d4b2
:1022a400107f000013b90482c2b8ffd4624f05d472
:1022b400107f000033b9048242b8ffd4824f05d4a2
:1022c400107f000053b90482c2b7ffd4424605d43c
:1022d400107f000073b9048242b7ffd4624605d46c
:1022e400107f000093b90482c2b6ffd41803000023
:1022f400b3b90482c2baffd419030000c3b904827b
:1023040002b6ffd4896b0000190000880839000068
:102314004a0500a6e2d8ffd4096403cc0d0a08cd0f
:10232400892000cc4d0a08cda9000088e2beffd464
:102334001803000003ba048242b4ffd41903000056
:102344002bba0482e2b3ffd41900008808390000d4
:102354002a0000a609030044c2d6ffd4b9000088ad
:1023640042bdffd4651100984f0461f853ba04824a
:1023740082b2ffd435120098720011e973ba048254
:1023840002b2ffd4951000984f0461f893ba048206
:1023940082b1ffd4851600984f0461f8b3ba048261
:1023a40002b1ffd4dbba048222aaffd43900008828
:1023b40002d4ffd49f1d8f1d01720000c21805d4e2
:1023c40017000084080001bd22c000f11f0010f8ae
:1023d4000afaffae4f75f81ff91ffa1ffb1ffc1f07
:1023e400fd1ffe1f1900008802cdffd4420304d450
:1023f400290030880900208819001088f9e30f8f1c
:10240400624007d4e24707d4b0030000024f09d466
:10241400a0030000012d318015000080425703d431
:10242400024707d490030000224e09d48003000021
:10243400424607d49b65000000022ae5121022f5eb
:1024440001c2eb80b500008040120097a231ffd496
:10245400b103a003900300000180968085410080b1
:10246400a03d0000820400ae0180698075a28780cf
:102474008a6100001900008882b4ffd41a030000a6
:1024840003700582e2a9ffd4018096808541108003
:10249400c376058262a9ffd40120bc80e543108085
:1024a40023700582e2a8ffd40150c3800500008098
:1024b400803d000007000080260000ae030000807d
:1024c40082cbffd40124f48005000080903d0000fd
:1024d400a20000ae01a0868015000080803d0000af
:1024e400220000aed91204960900d0882010ed0312
:1024f400d0030000ea0000ae018096808541808010
:102504008a6500006afbffae5d0d3d741e748d3953
:10251400aa0900a653d804aacd0300000900008824
:10252400e03d000022c000f11f0010f860095d09c1
:102534004a0400ae0c03000082aeffd4810d710981
:10254400a36f0582429dffd41b030000b37605826e
:1025540082a3ffd4810d00005370058222a3ffd40f
:102564001d03000073700582c2a2ffd4180300008b
:10257400c376058262a2ffd4f9e30f8f09001088a5
:10258400000220e9400231e9740d0000121004f544
:1025940082b0ffd429001088013d000007000080ac
:1025a400260000ae0300008042c4ffd41c74000067
:1025b40083d804820a3d00006afaffa60060ba8349
:1025c400b3040180002080839f72000007008bea1f
:1025d40007000080a23907d429003088620d00006a
:1025e4001900108808030000223107d4024009d4de
:1025f40090030000012d318015000080424803d46f
:10260400c23707d4423f09d4000099e5550f04901e
:1026140081090000150f049303000080623707d47a
:102624001803090382a9ffd4910380030e39000023
:102634000af8ffa60c03000082a6ffd47d0900005f
:10264400d36f0582eaf7ffaeef1ddf1dcf1dbf1d5f
:10265400af1d9f1d8f1d4f7701720000f81ff91fda
:10266400fa1f80039103000062ef03d4450b04a713
:102674000700008408000182822605d429003088de
:10268400090020881900108808030000022c07d4d0
:102694000012099701c2eb80b500208040003295fa
:1026a4000010029713610000b3040188123022f570
:1026b400821effd442420fc1000080e1823909d456
:1026c400a0030000410b94ab620000aa023909d4b4
:1026d4000a65083d66ffffaa023107d49901008804
:1026e400224103d40300008408000182e22205d4bd
:1026f400510b0490af1d9f1d8f1d0172de72f81fd8
:10270400f91ffa1ffb1ffc1ffd1f80269026a02621
:10271400b02600002900008882b3ffd4d1120490af
:102724005022000051acc580754210800010019702
:10273400480079a219000088829effd453f60482cf
:10274400628dffd4be03ce0a1900a08866011086ec
:10275400028012860280148602801686030700b067
:10276400aa1f00ae1a00cce91a0000d1007f0000b5
:1027740002b6ffd41874c20e1276c20a2e0000a646
:102784002a1500ae420018e1b10a3839ca1700a66a
:10279400080220a423d8048a026100000020d08308
:1027a400b30401800020a0839f7200000700adeafb
:1027b40022e503d409001088550b04940700008017
:1027c400422a07d40300008407000080e21b05d4da
:1027d4002900308809002088190010880a030000a5
:1027e400622107d4012d318015000080c23803d442
:1027f400422807d499010088623803d4590f0492ff
:102804005d0b04920300008408000182e21905d4e0
:1028140003000080a22707d4b00e00006297ffd403
:10282400a36f05824286ffd41d030000b3760582a0
:10283400828cffd41a030000b3f80482228cffd4e4
:102844001b030000e3f80482c28bffd40900008854
:10285400a03d00000a0100a612102bf512100af583
:10286400029affd419001088013d0000070000807f
:10287400220000ae030000801a0000e9383900008d
:10288400ca0c00a60e00c0c5caf6ffa60800c08286
:102894008af6ffae1974c20e293d00008a0200a612
:1028a4002100b0b84a0200ae400209e143d00188d9
:1028b40000e08282090300000299ffd4229affd427
:1028c400887e0000000200e500740000160000a6e7
:1028d400007ba03d8322a0f7b10e103da2fdffaa0c
:1028e4000c3900004302ddf71c7400002afdffae22
:1028f40089000088a290ffd413f90482827fffd458
:10290400016a188005001080b3760582a285ffd481
:10291400c10e000043f904824285ffd41c03000069
:1029240063f90482e284ffd41a03000073f9048279
:102934008284ffd4b10e000053f704822284ffd4b2
:102944000c390000ee0100a619000088c10e000039
:10295400f60f10c5820000ae09000088c03d0000db
:1029640022c000f11f0010f842a6ffd4b02ea02e02
:10297400902e802edf1dcf1dbf1daf1d9f1d8f1def
:10298400037201721d03000093f90482a281ffd433
:1029940040030de143d0018400e0018210020000f5
:1029a400bbf90482e280ffd40d0300006291ffd4de
:1029b4008292ffd410030000cbf904822280ffd45a
:1029c4002afcffae89000088028affd413f904822e
:1029d400e278ffd4016a188005001080b37605827e
:1029e400027fffd40900108843f90482a27effd439
:1029f4000900108863f90482427effd4090010881c
:102a040073f90482e27dffd41512049053f7048213
:102a1400827dffd4190000886afaffae1a0000d143
:102a2400007f000062a0ffd4310c049f09000088dd
:102a3400428dffd482d504d429620288422603d46d
:102a440007000080e109049c098010880903000044
:102a540042e0ffd4c00a0000ed0904a700390000d9
:102a64000afbffa615120490b10a00000900908821
:102a7400f1ff0f800500d0800900a0880900c088fc
:102a84000980b0880af1ffaed1120490917571806b
:102a9400b5812680001002974800daa2c2cd03d483
:102aa40009000088510b049407000080e21207d447
:102ab4000300008407000080820405d429003088c4
:102ac40019002088190010880a030000020a07d49c
:102ad400012d318015000080622103d4e21007d457
:102ae40099010088022103d4190f04925d0b04920a
:102af4000300008408000182820205d403000080e0
:102b0400421007d4790000880280ffd40981d38958
:102b1400d36f05826ae8ffaecb7e0582826effd456
:102b240002020ee1426effd4887e08040a00008e81
:102b34008205168012100df5200431040e20028e39
:102b44000215148006000484822412800610008476
:102b5400020410801a74000080028c9403fdff8329
:102b64008060080202cc04d429620288c21c03d407
:102b7400090210880903000002d7ffd4c285ffd4dc
:102b8400d003c10e101fc10a1003000002020ee19f
:102b9400c26dffd41a390000eafbffa6c3f6048213
:102ba400626affd402020ee1226affd4887e08041e
:102bb4000a00008e8205168012100df520043104df
:102bc4000e20028e021514800600048482241280d2
:102bd40006100084020410807a390000a2fbffaec4
:102be40001000082050102828604128486b50084f5
:102bf40086041280660100868a04008ae20100b01d
:102c040001000082050102820604008486a5108466
:102c1400068000800a90008400260000411204bd52
:102c240006b00084060500800100008205e2a1824e
:102c340006a0008400260000c10b04bd030400b4f8
:102c44000900a0888900c08800608b830d02000001
:102c5400827dffd4000200e500740000160000a687
:102c6400007ba03d8322a0f7021cd0c0c1fecfb8d8
:102c7400390080888a150000820288e111120496c6
:102c8400411204bf802e000089e211880280008670
:102c9400cbf604822271ffd4a9001088c10b04bfb3
:102ca400002e000003f704828270ffd41a03000090
:102cb40033f704826268ffd41803000053f70482d8
:102cc4000268ffd4d1cccc8245e30182190000888c
:102cd4000a04008a020100ba07000080a1999982bf
:102ce40095e301820a04008a220000b803000080f0
:102cf4001a0000d1007f0000c289ffd403200080a5
:102d040022bf04d429620288e20f03d40902108886
:102d14000903000022caffd4e278ffd4a003000014
:102d2400a2b903d47f0000840f000080e2c103d461
:102d3400090210880903000002c9ffd4c277ffd436
:102d440080030000030000840f000080e2c003d46d
:102d540029000088a26dffd40900148863f7048257
:102d64000263ffd41a03000083f70482a262ffd433
:102d7400180300009bf704824262ffd439000088e4
:102d84008285ffd40300008002bf04d403000084c2
:102d94001f000080a2be03d40308008042ba04d4fa
:102da40029620288020b03d4090210880903000077
:102db40042c5ffd40274ffd4a0030000033800808e
:102dc40022b904d429620288e20903d409021088d2
:102dd4000903000022c4ffd4e272ffd48003000080
:102de400030000840f00008002bc03d482be04d41c
:102df40039000088a268ffd4c3f704828257ffd445
:102e04001a030000f3f70482c25dffd41803000024
:102e140023f80482625dffd403080080226fffd48c
:102e24001003000053f80482c25cffd4033800800e
:102e3400826effd41003000083f80482225cffd466
:102e440039000088627fffd403200080c2b404d418
:102e540009008088070000b049000088c00a00000b
:102e64000ac9ffaef81ff91ffa1ffb1fa0030000d9
:102e74000800b18292030000029b03d48003000087
:102e840008003b8239002088090010880a030000ea
:102e940062d203d4080020820e0000c57e0000a682
:102ea40008000282bf1daf1d9f1d8f1d0172886126
:102eb40000120a970146c3803502208040003295f3
:102ec4000010029713610000b3040188123022f548
:102ed40082ddfed481841e800500108001610061c2
:102ee40002d503d4a003000062d903d403000088f0
:102ef4000a3900004efdffa63900408800124497ad
:102f0400061022f5403d513f420000aa000024e58e
:102f1400400035e7121008f50004f2e54004f3e739
:102f240083c028f700049283060088e5823d0000f0
:102f340007000088260000ae030000880afbffaeed
:102f44008f75f81ff91ffa1ffb1ffc1ffd1ffe1fc3
:102f540039000088a271ffd4d112049050220000dd
:102f640051acc5807542108000100197480078a2ca
:102f7400429303d4d003006160095009090000881a
:102f8400c262ffd402ab04d429620288c2fb02d419
:102f9400450b04a707000080e109049c030000849a
:102fa40042dd04d40300008c390020880900108815
:102fb4000803000042c903d46900108871090000a5
:102fc4000e0000c56e0800a662d203d491038003ec
:102fd400030000840800018282db04d4ed0904a705
:102fe400190000882259ffd4016a18800500108056
:102ff400b3760582624effd4710d0000335a058208
:10300400024effd418030000435a0582a24dffd498
:10301400550b0490e3f80482424dffd46900a08864
:10302400ad151a03c3760582c24cffd495040490ef
:10303400635a0582624cffd455040490735a058286
:10304400024cffd415040490935a0582a24bffd47a
:10305400d5060490b35a0582424bffd495060490da
:10306400d35a0582e24affd4c28b03d40800b0824b
:10307400107f0000035b0582424affd409000088e8
:10308400710d103d6e0000a612102af5283d393f3f
:10309400aa0200a600790000120000e9a26cffd485
:1030a400e2d403d44009500d003900002a0a00a6d6
:1030b4002d2400001512049081094b0d09009088fd
:1030c400f1ff0f800500e0800900c0880000a9e539
:1030d4000a0300ae015a62802500008022c503d491
:1030e400700900000af7ffae550b0490a13d0000e3
:1030f4000efdffa65504049031390000aefcffa676
:1031040015040490313900004efcffa69504049088
:1031140061390000eefbffa6c10604abaefbffa6bf
:103124000b7f00006afbffae19742b742100a0b85a
:10313400ca0100ae00208b8240020de1e254ffd4ac
:103144000256ffd4887e806508740000160000a62d
:10315400887b800d083d000062feffaa0c39000048
:103164004302eef71c740000eafdffae290000885c
:10317400c24cffd4335b0582a23bffd4610d000037
:10318400d37c0582e241ffd41c03000063f904826e
:103194008241ffd40c3900001e0100a6700d0039d5
:1031a4000a0400a6190000884264ffd4ef1ddf1d45
:1031b400cf1dbf1daf1d9f1d8f1d8f7701721e0375
:1031c40093f90482e23fffd4710d0139aefeffa6ec
:1031d40009000088c03d000022c000f11f0010f863
:1031e4008262ffd4620d410d290000882267ffd45a
:1031f400cafdffae290000888248ffd4335b0582f4
:103204006237ffd409001088d37c0582a23dffd425
:103214000900108863f90482423dffd46c0d00005c
:10322400cafbffae09000088c03d000022c000f1c7
:103234001f0010f8e25fffd48afbffaef81ff91fee
:10324400fa1ffb1fc2c703d4a0030000061089f5b0
:10325400f901b088227c03d41024093d820000ae19
:103264008b15000000600a82806119742affffae8a
:103274000803bf1daf1d9f1d8f1d01723e72f81ff5
:10328400f91ffa1ffb1ffc1ffd1f0000e3dc01a058
:103294000900a08823d704b243d801aca9009088c0
:1032a4006a0000ae1a748874210090b80a0500ae52
:1032b400130008fc002008ea230018fc016a00003f
:1032c400330018fc016a0038cafeffa60900d08842
:1032d400950b049723c20482a230ffd41a030e0371
:1032e4004233ffd40e0300002230ffd4c37e058294
:1032f400e22fffd4880220a40c6100000020008388
:10330400622fffd40020188243c20482a235ffd466
:10331400130018fc63c204824235ffd4230018fc56
:1033240083c20482e234ffd4330018fca3c20482b3
:103334008234ffd4db7c0582a22dffd4910b049050
:10334400081cbd830b030000c2cf00d4aafaffae51
:10335400850b04a7c3c20482a22cffd47b7b05aadd
:10336400090080883bc104aebbdc01b033c104b6a4
:10337400a9009088aa0300ae0b030000822bffd49f
:10338400190c04a92a0100a66bdc018008e2208242
:1033940053c104825bc104860e0020c5430000f7bc
:1033a4006a0000ae43c104828afeffae0b03000034
:1033b400e229ffd4090c04a9ea0000a643dc018039
:1033c40008e2208263c104826bc104860e0020c51a
:1033d400430000f72a0000ae0b0300008228ffd44c
:1033e40018740000210090b8aa0200ae00a00a825e
:1033f40042d702d410030e03822affd4c37e05826f
:103404006227ffd40e0300002227ffd4f3c20482f4
:10341400e226ffd4290c04a9eafaffa608e20c82ea
:103424000e0000c5eafbffa693dc018008e21082cf
:103434004bc104820e0010c503000df7eaf9ffae7c
:10344400db7c05824225ffd443d80180950b049090
:1034540003000088481c028342c700d4fbc20482d4
:10346400e25fffd4d1110492083900004a0000a899
:10347400090b04a9ce0000a6f3c40482025fffd4a2
:10348400df1dcf1dbf1daf1d9f1d8f1d0372017258
:10349400850b04a783c40482a222ffd488610000a0
:1034a400837b058200e280820802000062d102d49c
:1034b40010030000d3c404824228ffd493dc0184a7
:1034c400d111049008e0218273c10482cbc1048627
:1034d4000e0020c5430000f7a220ffd4db7c058248
:1034e4006220ffd443d80180950b04900300008828
:1034f400481c028362c200d42afcffae4f75f81f39
:10350400f91ffa1ffb1ffc1ffd1ffe1fc003000055
:103514000800d1827209000008000182e2ab04d4e1
:1035240008003d82061012f50c030000829d03d4ae
:103534000ffef0fd819698800500008042ce02d4f3
:10354400a2a603d4b103a0030300008062aa04d49a
:10355400a2a803d41c030000e22fffd4910380032c
:103564000c0300006230ffd4e0030000b3040180c8
:10357400123020f501a0ac8095c3018000130097a0
:1035840002a8fed450096109700d0000e22bffd49b
:103594000c03000022ca02d410030000d3c4048226
:1035a4000221ffd4c36b0586136c05820e00d0c5bf
:1035b400030001f7c219ffd41a030000435a05821d
:1035c4000220ffd418030000c3760582a21fffd493
:1035d4001e03000053f70482421fffd4d506049053
:1035e400b35a0582e21effd4827b03d4107f00000d
:1035f4005b6c0582621effd4f9011088736c05822e
:10360400021effd4510d0000936c0582a21dffd44d
:10361400090010880bfe0ffc0e0000c50a0100a66d
:10362400280339030a031b03c22bffd409001088a3
:103634000e3d0000460000aec10614ab2a0100a6f0
:103644001a0081e901030044423fffd408000882c4
:10365400ef1ddf1dcf1dbf1daf1d9f1d8f1d4f779c
:1036640001720000a27703d4090010880e0000c57f
:103674006efeffa69506049009000088103d000028
:103684005fc010f8cafdffaef81ff91ffa1ffb1f39
:10369400fc1ffd1ffe1f0000490000886237ffd495
:1036a40007000080210c049c03200080c27104d414
:1036b4007b7b05bab7dc01ac8fdc01a819008088dc
:1036c400030000b4a90090882a0100ae120028e18a
:1036d400070000840c03000002f1ffd40804a08357
:1036e4000804b08328740000210090b84a0100ae99
:1036f40000a0ce822803000008001d820c030000f5
:10370400c2efffd40814b0830814ad830e0000c5c3
:103714008efeffa6aafdffaeef1ddf1dcf1dbf1d50
:10372400af1d9f1d8f1d01722e73f81ff91ffa1f05
:10373400fb1ffc1f80269026c00300000800918216
:10374400a203000001001088e7fcf1fcc2bb02d414
:10375400800300000e0090c5ce0400a646021fe5bb
:1037640008030000e2c702d40800b0824961088956
:10377400a2bc02d409000088800800000e00b0c575
:10378400ee0300a603000080829804d4625203d49e
:103794000a030000a21bffd40c030000e2b902d408
:1037a40010030000d3c40482c210ffd4e3fc1ffc46
:1037b4001b6405826210ffd4a24c02d410030000e3
:1037c40093b70482e20fffd4936305820209ffd406
:1037d40019000088e232ffd4030000a00800088228
:1037e400902e802ecf1dbf1daf1d9f1d8f1d0372f8
:1037f4000172000007000080029504d4eafaffaecb
:1038040006022fe5080019820c030000a2b2ffd4bf
:103814000800b08203000080029404d4e24d03d473
:10382400080019a40a0300000217ffd40c030000c7
:1038340042b502d410030000d3c40482220cffd486
:10384400e3fc1ffc1b640582c20bffd4024802d4b4
:103854001003000093b70482420bffd40e00b0c5de
:10386400ca0400a6c29603d4820c0000400212e5ea
:10387400800032e1c6012fe50361000082e802d432
:10388400810c000043640582c209ffd4c6010fe520
:103894000220ffd408030000026604d48003000061
:1038a400f1fe8f8401ff9f8450740000d1cccc8042
:1038b400c560168000100197312200006364058200
:1038c4000208ffd408390000ce0100a6c6010fe5a6
:1038d400823803d4080080821a0000f0a22affd4a0
:1038e4000e0080c5aef7ffa6a29203d429031003ed
:1038f4000a030000e22effd40af7ffaedb63058261
:103904004af6ffae029410800100008205e30182b2
:10391400060410840100a08275200282060410842b
:10392400121008f5200431040e20008e89e211885b
:103934000a04008493640582020cffd46afcffae7f
:10394400f81ff91ffa1ffb1ffc1f00005900008815
:10395400c221ffd407000080110c049c8fdc01a459
:103964007b7b05ae67dc01a893dc01b02000ccfbb7
:10397400a900808840022ce108a0198200a00b82d3
:1039840022edffd40814a08341ff8fb8890000887a
:10399400022f02d449010088820bffd4337b0582b5
:1039a40062fafed4390000884224ffd493dc0180fb
:1039b4003b0010fc590120884901008842ebffd4e8
:1039c40079000088622d02d403200080c25804d4f8
:1039d400cf1dbf1daf1d9f1d8f1d01720601ffe18d
:1039e400f81ff91ffa1ffb1ffc1ffd1ffe1f7009a4
:1039f400cffcf1fd9203a303140900008ffcf5fd35
:103a040008000182a28404d4cbfc3ffc061012f50a
:103a1400700d0000427603d44ffdf0fd829e08d461
:103a2400b00300004961088980021095810990154e
:103a34004bfd2ffc0e0020c50a0500a6d103000093
:103a44000900e0886a0300aec901c088ce150000f1
:103a540003b6018cc3610000080220a291588b8038
:103a6400f5a040800010049781220c03011f000080
:103a7400c301019400240583d10604902700c0fdee
:103a8400150604903700c1fdd90504904700c2fd16
:103a9400627a03d45700c0fd6700c1fd1e74830d14
:103aa400d361983d822000ae027603d40e0000c597
:103ab4002a2000a6e26803d4a29908d400008be56a
:103ac4000a390000dafeffa68d3d000096feffaa2b
:103ad400b603e0c556feffae6afbffaed506049002
:103ae4000109000015060490f1080000d5050490b2
:103af400e108000099040490b20800005d040490f9
:103b0400a308000011040491940800009500049196
:103b1400650800001100049040090039ce0000a699
:103b2400c25103d40ffaf0fdc23503d44ffbf0fdac
:103b34004e0d0000aa0100ae0900e08813000188c0
:103b440000200283430d9f72070003ea400900002e
:103b5400425003d40ffaf0fd423403d44ffbf0fd7e
:103b64004bfd4ffc0e0040c50e1d00a60300008c4b
:103b74008ffcf3fd027503d4d103c003030000805e
:103b8400c27804d4027703d47008710d42fefed4c7
:103b940050096109700d0000c2fefed4c0080e3940
:103ba4006a0500a603b601a04b0c05ae630c05aa7a
:103bb400c90100880e15c0772022000071dbb68091
:103bc400d5a2918009150000f1ffff80f5e39180f3
:103bd40009690000120090e11e0d0e0362f9fed483
:103be400002018830b030000c2eefed4130018fd5e
:103bf4000a03000062eefed4230018fdb35a0582c6
:103c040002eefed4330018fd830c0582a2edfed42f
:103c1400430018fda30c058242edfed40124f48078
:103c24000500208009003088530008fd630018fd5a
:103c34008272fed410030000c30c058222ecfed471
:103c440039000088620fffd4c875000051fc9fb88a
:103c5400422c03d48003740d0011009701c2eb8041
:103c6400b5003080400023950010039712610000d6
:103c7400b3040188123022f54270fed49003003957
:103c84009a0000a689e22188650c25159f72000020
:103c9400070020ea9203420d026540249f7200004f
:103ca400030008ea8003100d02f3fed4700d000037
:103cb400429102d410030000d3c4048222e8fed44b
:103cc400730c0000c80020a291588b80f5a01080ce
:103cd4000010019781220000e30c058222e7fed444
:103ce400630a05868b0a0582cbfc4ffc0e0040c597
:103cf400030001f7c2dffed40c031d03f9e32f8f89
:103d040009003088c23dd33f220000ae02031303f2
:103d140010030000435a058242e5fed4500d610da4
:103d2400f9e32f8f09003088023d133f220000aed3
:103d34000203130310030000c376058222e4fed4b9
:103d4400c10c000053f70482c2e3fed4010d00004d
:103d5400b35a058262e3fed4f10c0000830c0582a1
:103d640002e3fed4e10c0000a30c0582a2e2fed41f
:103d7400b10c0000635a058242e2fed4a10c00009b
:103d8400735a0582e2e1fed4910c0000935a058235
:103d940082e1fed40bfa5ffc157f00005b6c0582a8
:103da40002e1fed44bfb0ffc107f0000035b058295
:103db40082e0fed419030000f30c058222e0fed455
:103dc40018030000330d058282e1fed40900108837
:103dd4008bfc2ffc0e0020c5aa0100a64bfb3ffc68
:103de4000e0030c54a0100a6520d630d0c031d03dd
:103df40082edfed409001088c40c043d860000ae98
:103e0400a50c900c000015e1b20c123d5fc010f837
:103e14001a0081e901030044c200ffd408000882ab
:103e2400ef1ddf1dcf1dbf1daf1d9f1d8f1d00008a
:103e34000601ffe5017200008bfc3ffc0e0030c55b
:103e4400ea0200a6b30a0582a210ffd4639f03828c
:103e5400224602d4639f0382c27a06d4639f0382fc
:103e6400c27304d4639f038242ee06d4639f038229
:103e7400223b04d4551100906b0b0582828100d43f
:103e840015120090bb0b0582228100d4130c05820d
:103e9400620effd4e808f80808090000aae6ffae9d
:103ea4000ffaf3fde808f80808090000070000907d
:103eb4008ffcf4fdeae5ffaed5060490010900008d
:103ec40015060490f1080000d5050490e1080000ef
:103ed40099040490b20800005d040490a308000053
:103ee40011040491940800009500049165080000f1
:103ef40011000490400900390ee2ffa6e23203d417
:103f04000ffaf0fde21603d44ffbf0fd010df20ca5
:103f1400400082ebe10c816b083900006ee2ffa6e1
:103f24000bfa2ffc0e0020c56af8ffa6e808f80873
:103f340008090000aae1ffae1e72f81ff91ffa1f5c
:103f4400fb1ffc1ffd1f000069000088e2f1fed486
:103f540007000080010c049c03200080422c04d440
:103f6400a22703d4a21303d490030000828e06d4a4
:103f7400800300000900008882dcfed4c35f058250
:103f840062cbfed41903000043f90482a2d1fed40b
:103f9400180300005360058242d1fed40942008810
:103fa40008159f72070009ea100300006b60058280
:103fb40082d0fed439000088c2f3fed43fdc01a4d1
:103fc400837b05ae190080888fdc01b4a900a0882a
:103fd4006a0100ae03000094480300000900308821
:103fe40089e2218848e3188200200b8262cfffd443
:103ff4000804c08318742b742100a0b88a0200ae90
:104004001974c9030d049088290c04a92afeffa67b
:10401400b7dc018008e4e88308200eb9aefdffa6f2
:104024000803000022d7fed400200b82627502d45c
:1040340010030000d3c4048242ccfed4d3600582b2
:1040440062c5fed42900008842effed42afdffaeeb
:10405400df1dcf1dbf1daf1d9f1d8f1d037201727c
:10406400f81ff91f9900008802e9fed4032000809c
:10407400a22304d462e9fed480030000d111049485
:104084000d0b04a700390000ea0300a819000088fa
:10409400c2d3fed4837b05a68861000000e2898236
:1040a40008020000a27102d4100300008369058293
:1040b40082c8fed4b3690582a2c1fed43900008847
:1040c40082ebfed4d111049093dc018408e01182c8
:1040d40000610000070000942900408889e23188cb
:1040e40089412d8900e009820002000062c7ffd4e3
:1040f400010b049cd5110491353900002e0100a652
:104104009f1d8f1d0172000019000088e2cffed4ac
:104114002b6a0582c2befed439000088a2e8fed410
:104124008afeffaef523000093dc01803b0010fc07
:104134003900408889e2318889412d894901008804
:10414400c2c4ffd4cafdffae8f74f81ff91ffa1f53
:10415400fb1ffc1ffd1ffe1fe0030000e20303d44e
:10416400080019a4d9030000621703d4f1e30f8fe8
:10417400224d03d40300008c061012f50942008876
:10418400e23a03d40ffef0fd29620288c26b02d426
:10419400224403d4b103a003224d03d4121029f501
:1041a4008004fae5c004fbe783c289f709390000fb
:1041b400aa0000a6090020880900c0880900908888
:1041c400400312e52a0500aec9030e03e2c9fed47a
:1041d40009420088226802d410030000d3c4048278
:1041e40002bffed41a030000435a0582a2befed4c5
:1041f40019030000b378058242befed41c030000fc
:10420400eb780582e2bdfed4090000880bfe1ffc9a
:104214000e0010c5aa0000a6320388e5460980c531
:10422400460000ae9c6b903d1fc010f81a0080e958
:1042340000440000e2dffed408000882ef1ddf1d09
:10424400cf1dbf1daf1d9f1d8f1d8f7601720000f6
:10425400f1e33f8fc024f0ec1a0000a61c74127422
:1042640020740000210010b8fafaffae823d00006d
:10427400e2feffaef1e33f8fc024f0ecfefeffa6aa
:1042840019740000bafeffae8a0800d4f81ff91fa3
:10429400802690267900008882d7fed403200080ef
:1042a400221204d419000088e2f4ffd4627cffd403
:1042b4009003000081841e8005000080426202d4c5
:1042c400c27bffd48003000029000088e2c1fed431
:1042d400c3640582c2b0fed41903000013650582cd
:1042e40062bbfed4180300004365058202bbfed402
:1042f400983d000022c000f11f0010f8a2d9fed49e
:104304003900008802f2ffd40100008847fbf0fc6a
:1043140042f602d48003000009000088b0090000be
:1043240009420088025d02d489a21f8f1f61000028
:10433400826902d40800908249610889425e02d4ed
:104344000e0090c58e0200a649000088e2bdfed48e
:1043540009420088225c02d4100300006b650582c8
:1043640002b3fed409210088825b02d4100300004a
:104374009365058262b2fed443fb1ffc1b64058275
:1043840002b2fed4db63058222abfed4190000889e
:1043940002d5fed46a0a00ae42012fe50300008470
:1043a40009420088e255ffd40e0000c5cafcffa6ee
:1043b4008861b00d000290e5223c03d4b10d0000e9
:1043c400400031e1c9a22f8f2f611903036100005e
:1043d400e28d02d442012fe5030000840921008804
:1043e4000254ffd40e0000c5eafaffa6b00d8065a2
:1043f400623a03d4b10d0000400031e146012fe5db
:1044040018030361428c02d449000088e2b7fed449
:1044140009420088225602d4100300006b6505820d
:1044240002adfed409210088825502d41003000095
:104434009365058262acfed443fb1ffc1b640582ba
:1044440002acfed411fe8f8421fe9f84029410805e
:104454000100008205e301820604128411ff8f84a7
:1044640021ff1f840214108006041084492210883e
:1044740002900086b365058202b2fed449221088f8
:1044840002800086d365058282b1fed4660100866f
:104494008a04008a020300ba0a94108489e211880b
:1044a400028000869364058282b0fed4410ad782da
:1044b400f5e30182190000880a04008a020100baa7
:1044c40007000080e17a1482050002820a04008a4f
:1044d400220000b8030000801a0000d1007f000011
:1044e40082cafed403200080e2ff03d4902e802ee3
:1044f4009f1d8f1d0372017289e211886601008677
:1045040093640582a2adfed4190000888afeffae32
:104514000601ffe1f81ff91ffa1ffb1ffc1ffd1f17
:10452400fe1f8003c1039203e303000062e502d48b
:1045340008001da400020c950120bc80e543a08066
:104544009f7200000700a0eaba030000010000887f
:10455400c7fcf0fc1c030803622102d486021fe599
:104564000a030000e25702d40ffef0fd49610889f6
:10457400a24c02d409030000226b06d4a00300005d
:10458400a22d03d47009000062f602d40e030000c9
:10459400c2abfed483710582a29afed4a90010880e
:1045a40018151c61bb710582c2a0fed4190300005a
:1045b400cb71058262a0fed431dd24806580008049
:1045c400c012009761220000f3710582a29ffed4fd
:1045d4001a030000335a0582429ffed4710d000075
:1045e40040030995a24108d41003000023720582f8
:1045f400829efed4c3fc1ffc1b640582229efed453
:104604000bfe0ffc0e0000c54a0000a60a3900008c
:104614000a0100a619000088c2c0fed4ef1ddf1de8
:10462400cf1dbf1daf1d9f1d8f1d00000601ffe59f
:1046340001720000422803d446022fe51d03000046
:10464400627a02d446020fe542b2fed40b030000a4
:1046540042f803d450740000d1cccc80c5601680dd
:10466400001001973122000063640582a29afed4ef
:1046740046020fe562cb02d4390020881900108865
:104684000e0000c5430002f742bdfed46afcffae33
:10469400c600ffe1f81ff91ffa1ffb1ffc1ffd1fd7
:1046a400fe1f00008900008802b7fed4c3d704baf5
:1046b4000900b088aa0000ae8a6500004a0400ae72
:1046c40082bbfed43b390000ca0500a600608e827e
:1046d400d87e0d03021202d4c003000059000088e2
:1046e400a2d801d4a003287e121022f501009480e0
:1046f4005583038079001088421cfed49103800303
:1047040080091b740b03000002a0fed41d030000eb
:10471400035d05826295fed41c030000335a0582b2
:104724000295fed41a030000435d0582a294fed4d0
:1047340018030000c37605824294fed4800da03d88
:10474400a2fbffae800288e5190000880c39000046
:104754006efbffa60a3900002afbffa6820d0000ab
:10476400f151b880e581328080100397480050a24f
:10477400083d000007000080260000aa0300008016
:10478400eaf9ffae49220088620c02d401000088d5
:10479400e7fcf0fc46021fe50120a18075000080c3
:1047a400024602d482e502d4822304d4e2bb01d4bb
:1047b4005900008802d201d4d0030000a2bb01d466
:1047c400222404d4e20c04d401000088421a03d445
:1047d40049000088425506d4c0030000021b03d4dc
:1047e400b0039003090080880900a0882a0000ae65
:1047f4001874297422cf02d41024083d820000ae1c
:10480400002009b84affffa61a7400000affffae91
:1048140042ce02d4080011a406022fe50b030000c7
:10482400626b02d4490000880297fed4735d05824e
:10483400e285fed41d030000b35d0582228cfed404
:104844001c030000cb5d0582c28bfed41a0300005a
:10485400f35d0582628bfed4a10c0000335e0582f9
:10486400028bfed43900008842aefed45900308851
:104874001900208813030303a2e4ffd469003088dd
:1048840049222088590010885900008802e4ffd486
:104894007900308819002088190010885900008890
:1048a40062e3ffd4890030884922208819001088e7
:1048b40059000088c2e2ffd419001088590000880a
:1048c400220602d483000080e20704d4032000807f
:1048d400a2e003d4ef1ddf1dcf1dbf1daf1d9f1d23
:1048e4008f1d0000c600ffe501720000550b049007
:1048f400120021e1590b0494f60f10c5660000aeb6
:104904001161000043d0018c401c3082e90904a9e4
:104914001e0000a6017202030296fed4c2de03d476
:104924008affffae1e72f81ff91ffa1ffb1ffc1f40
:1049340080039103423f02d4e3dc0180010010882c
:10494400a900208800040182170001fc270001fc53
:10495400370001fc8074000041ff2fb80300008081
:10496400010c049c110c049c210c049c3fdc01945c
:1049740067dc0190b7dc018c8fdc0188a90010880a
:1049840008145083081440830814308308142083c7
:1049940061ff1fb8c51104af0d0b04a7010000800f
:1049a40085e301805112049409000088d10b04941a
:1049b4006109008005000080111204940180968032
:1049c40085410080d112049407000080310c049cbe
:1049d400231f058242b4fed409000088629dfed4e0
:1049e400422a02d40800a082990000889939000064
:1049f40003c099f7893d0000c60800ae1b2105b22b
:104a0400832005ae2a0100ae510c049609000088eb
:104a1400c287fed40b030000a276fed429000088ce
:104a240082a0fed41874893d460700ae0e00a0c5ce
:104a34008e0000a6083900006efeffa662b6fed402
:104a44000affffae390c04a9ce0100a628390000e4
:104a5400820100ae883900004e0000a682e1ffd436
:104a64000afeffae510c049609000088e284fed4cd
:104a74000c030000c273fed429000088a29dfed45a
:104a84000afdffae483900008a0300a64839000039
:104a9400460100ae183900008a0200a60839000059
:104aa400cafcffa6283900004a0200a638390000d3
:104ab4008e0100a64224ffd44afbffae68390000f1
:104ac4004a0200a668390000c60100aa783900002d
:104ad4004e0000a682bdffd44afaffae883900001a
:104ae400cafbffa6c2abffd4caf9ffae22c7fed4ed
:104af4008af9ffae22e0fed44af9ffae425cffd44d
:104b04000af9ffaec271ffd4caf8ffae42a1ffd4c6
:104b14008af8ffaea0100000510c0494e23affd4ce
:104b2400422702d4c51304a7bb21058282a9fed45f
:104b3400cf1dbf1daf1d9f1d8f1d0372017200008d
:104b4400f81ff91ffa1ffb1fa0039103822e02d442
:104b5400e3dc018001001088470201fc570201fcdc
:104b6400670201fc770201fc99000088e290fed400
:104b7400c21d02d40e0000c54a0700a6d11204903b
:104b840031dd24806580108000100197480060a208
:104b9400880211a201619f7207000aea4900808815
:104ba40040390000032088f7093900000a0700a6ed
:104bb40006e190c5860600aec60390c5e20600aec7
:104bc40089e2018809150000918888808540148055
:104bd4000010019748005ba2190000886279fed496
:104be4001a03000023770582c26efed41803000066
:104bf40053770582626efed408030000e21602d4e5
:104c040010030000d3c40482c26dfed41903000053
:104c140093770582626dfed439000088a290fed499
:104c24000320008002c603d489e2218829150000ec
:104c340007000094290040883b030000030000841f
:104c440008030000a26cffd4021e02d4c51304a7fb
:104c5400bb21058242a0fed4bf1daf1d9f1d8f1d29
:104c640001720000090000880275fed483200582c9
:104c7400e263fed419000088c28dfed4621c02d403
:104c8400c51304a78afeffae090197888af9ffae0f
:104c9400a900908889e2b188eaf9ffae89e2b18877
:104ca400aaf9ffaee25506d40e0000c5ae0000a678
:104cb400e25506d43e0000c54effffa6823003d461
:104cc4000affffae01720000f81f8103e20703d45c
:104cd400137e0582a20703d408030000620703d4ed
:104ce400237e0582220703d48f1d0172f81ff91f4a
:104cf400fa1ffb1f9003a103b2030000e2a602d433
:104d040080030000a2c702d44b033a03290318030b
:104d140062f007d4bf1daf1d9f1d8f1d01720000df
:104d2400c33f0382022e03d4933e0382c22d03d4d5
:104d340001720000e2e504d401720000a24a06d424
:104d440001720000f81ff91f90030000082000b949
:104d5400ce0000a69f1d8f1d01720000086009820d
:104d6400a24f06d4082009b94affffa601d4308017
:104d740005008080a24e06d40e0000c5eafeffa600
:104d840081ff8fb8aafeffae1e72000039020088b0
:104d9400f009000042000fe5224706d4537505824e
:104da40002fdffd403720172024a06d401720000ac
:104db400e26101d449a22188390210880e0000c59d
:104dc400430002f7224a06d401720000026101d4b2
:104dd40049a22188390210880e0000c5430002f759
:104de400024a06d401720000f81ff91ffa1ffb1fc4
:104df400b0039103013900002a0200a6090080884b
:104e0400aa0000ae1200a8e108e20b82424a06d4ce
:104e14008a03893de20000aa824906d40e0000c537
:104e24000affffa6e2f3ffd4822503d40e0000c5d7
:104e3400fafeffa60803bf1daf1d9f1d8f1d017243
:104e4400810300006affffaec51004d50110049c65
:104e5400de0000c58a0000a6ae0000c58a0000a6d8
:104e6400e22703d401720000851004d58affffae47
:104e7400451004d54affffae4e72f81f80030000b0
:104e840042010fe5627f07d4237e0586028507d49d
:104e94000803000062f5ffd4137e058222f5ffd4d7
:104ea40042010fe5e2f4ffd48f1d0372017200008a
:104eb4004e72f81f8003000042010fe5a28107d45f
:104ec400237e0586428307d408030000a2f3ffd49f
:104ed400137e058262f3ffd442010fe522f3ffd46f
:104ee4008f1d037201720000639f0382a24506d4e2
:104ef40001720000017200000172000001720000e2
:104f04004e72f81f8003000042010fe5227b07d494
:104f1400237e0586c28007d40803000062f502d40c
:104f2400137e058222f502d442010fe5e2f402d495
:104f34008f1d0372017200003e72000042002fe5d3
:104f440082001fe5c2000fe502edffd45505049071
:104f5400237a058242fdffd4d10d0000437a0582f5
:104f6400e2fcffd4e10d0000537a058282fcffd4f9
:104f7400f10d0000637a058222fcffd4e10dd00d0f
:104f840010650000837a0582a2fbffd403720172cc
:104f9400e2a502d409001088337e058202fbffd407
:104fa4000172000002a102d419001088337e058228
:104fb40062faffd401720000c2ac02d4107f000078
:104fc400337e0582c2f9ffd4e2a302d4107f00002d
:104fd40033a2048242f9ffd41507049053a2048239
:104fe400e2f8ffd4d506049073a2048282f8ffd4b9
:104ff4001506049093a2048222f8ffd4d5050490e8
:10500400b3a20482c2f7ffd4d5030490d3a20482ce
:1050140062f7ffd415070490f3a2048202f7ffd4c9
:105024009504049063a30482a2f6ffd4550404906b
:1050340093a3048242f6ffd415040490c3a304820c
:10504400e2f5ffd495060490f3a3048282f5ffd41d
:105054005506049023a4048222f5ffd4a2aa02d404
:10506400107f000043a40482a2f4ffd462aa02d4f5
:10507400107f00005ba4048222f4ffd422aa02d48d
:105084001003000073a40482a2f3ffd4e2a902d4a3
:1050940010030000e3a4048222f3ffd422a902d463
:1050a40082a902d41003000033a5048282f2ffd443
:1050b40002a701d41003000073a5048202f2ffd4f6
:1050c4008105049010020000b3a5048282f1ffd48c
:1050d40015050490d3a5048222f1ffd49511049000
:1050e4000ba60482c2f0ffd4d510049033a6048228
:1050f40062f0ffd40510049863a6048202f0ffd482
:105104009510049083a60482a2efffd45510049056
:105114009ba6048242efffd4e2c004d41003000033
:10512400b3a60482c2eeffd442c304d41003000029
:10513400e3a6048242eeffd4c2c004d410030000ec
:1051440013a70482c2edffd442c304d410030000a9
:1051540053a7048242edffd422cf02d410030000ef
:1051640093a70482c2ecffd4a2ce02d4320010e989
:10517400c3a7048242ecffd4028302d4080021a412
:1051840003a80482c2ebffd4c28202d4107f0000c1
:1051940023a8048242ebffd4d514049063a80482ac
:1051a400e2eaffd49514049093a8048282eaffd41f
:1051b40055140490bba8048222eaffd4d5130490aa
:1051c400e3a80482c2e9ffd401720000e2df02d442
:1051d400237e0582a2df02d401720000c37d058212
:1051e40042ffffd402deffd4030000fa0172000084
:1051f400e2a002d4d37b058282feffd401720000b8
:105204001e72f81f09000088e009000082000fe503
:10521400c2fa05d48003e10dd3a5048202e7ffd4ca
:10522400083900000a0100a6683900004a0100a6f6
:10523400783900006a0100a60b3b058262fcffd4aa
:1052440002ff02d44a0000ae63390582e2fbffd4b8
:105254008f1d037201720000cb39058262fbffd4fb
:10526400eafeffae833a058202fbffd48afeffae5c
:1052740013390000da0000a6033900006a0000a612
:1052840023390000aa0000a60172000082e3ffd4c3
:105294000172120382d1ffd40172000062f9ffd4bb
:1052a40001720000e2aa04d433540582e2f8ffd468
:1052b400d3540582a2f8ffd4017200000a1000d46e
:1052c400f81f000043270586c9630f8f0f61000094
:1052d400e26207d415070490c25c07d483270586cd
:1052e400626207d4d5060490425c07d4ab270586d6
:1052f400e26107d415060490c25b07d4d327058660
:10530400626107d4d5050490425b07d4032805865f
:10531400e26007d495060490c25a07d43328058660
:10532400626007d455060490425a07d45b28058668
:10533400e25f07d48905049012020000a25907d441
:1053440083280586425f07d480030000229302d499
:10535400107f0803e25807d4a3280586825e07d489
:1053640080030000a29202d4107f0803225807d4bd
:10537400c3280586c25d07d480030000229202d4ac
:1053840010030803625707d4db280586025d07d49f
:1053940080030000629102d4c29102d41003080376
:1053a400825607d403290586225c07d480030000b3
:1053b400028d02d4107f0803c25507d41b29058629
:1053c400625b07d480030000e28302d4107f0803e9
:1053d400025507d433290586a25a07d48003000056
:1053e400c26f02d410030803425407d4532905861c
:1053f400e25907d480030000e29603d4107f080327
:10540400825307d473290586225907d480030000e8
:10541400a29703d4107f0803c25207d493290586a8
:10542400625807d4d5100490425207d45b280586ed
:10543400e25707d405100498c25507d4b32905864a
:10544400625707d495100490425107d4d329058696
:10545400e25607d455100490c25007d4237e058623
:10546400625607d4c9630f8f0f610000a2c6ffd430
:105474008f1d0372017200001e72f81ff91ffa1fbc
:1054840081039203a3030000030000844824f0ed89
:105494008e0000a608000182af1d9f1d8f1d0372a0
:1054a400017200000900208802011fe5c2defdd45c
:1054b400c20d0000030000844824f2edaefeffa6f6
:1054c400083d000066feffaa093d000026feffae6f
:1054d4000004a08307000084cafdffaef81f800308
:1054e400537e058222c702d408030000e2e6ffd4fb
:1054f40082e902d48f1d01724e72f81ff91f8003d6
:105504009103000009800088b00900000980078821
:10551400c009000089000088d0092839ce0100a8fc
:1055240082013fe52900208819001088130009fd35
:1055340022faffd40e0000c5ea0000a6230009fdec
:10554400bf0100844824f0edea0000a663cd048284
:1055540042fcffd44a0000aee3cb0482e2fbffd45a
:105564009f1d8f1d037201721b0000fc6e0600c597
:10557400ea0400a6ee0600c58efeffa66839000008
:1055840042feffa838390000220500a8483900006f
:10559400e20500a868390000aa0600a6c20db10df4
:1055a400213d000022fdffaea3ff3ffc8bfe0ffc5c
:1055b400024f03d40e0000c5aa0600a6a10d0000e8
:1055c40043cd0482c2c9ffd48bfe0ffc826b03d48b
:1055d400c2dfffd4b10d000043d0048202c9ffd45e
:1055e400c10d000053d00482a2c8ffd4d10d000025
:1055f40073d0048242c8ffd48bfe0ffca26c03d488
:105604001003000093d00482a2c7ffd48afaffae2d
:105614008bfe0ffcc25b03d4a10d000043cd0482ba
:10562400e2c6ffd453cd048202ddffd48af9ffae73
:1056340042013fe5f9e3278809001088330009fd9a
:10564400a2f1ffd40e0000c50efaffa6eaf7ffaee2
:1056540002013fe5f9e3278809001088430009fdaa
:10566400a2f0ffd40e0000c54ef9ffa6eaf6ffae85
:10567400c2003fe5f963208819001088530009fd32
:10568400a2efffd40e0000c58ef8ffa6eaf5ffae28
:10569400a3ce0482a2d9ffd442dc02d40af6ffae20
:1056a4001e724103103900008a0100a6203900004f
:1056b400ee0000a642003fe5090022880901108897
:1056c400130004fd82edffd40e0000c56e0100a698
:1056d4004332058222f0ffd403720172e25702d4ee
:1056e40010030000d3310582a2c0ffd40900128840
:1056f4002332058242c0ffd4eafeffaef00d000063
:10570400426f02d40e0000c5aa0000a6625602d45d
:1057140010030000d331058222bfffd4cafdffaebf
:105724009b33058222d5ffd4c2d702d44afdffaef3
:105734002e72f81ff91f800391030000590000889e
:10574400d0090000220008e510390000c60300aead
:1057540002013fe55900208819001088130009fd53
:10576400a2e8ffd40e0000c5ea0200a63839000002
:10577400ca0100a6227202d4080020824bff1ffc3b
:105784000bff0ffcc27602d40e0000c54a0200a62d
:10579400c10d0000ab6b058222bbffd4d10d00000c
:1057a40043a40482c2baffd42a0100aec2003fe57a
:1057b400f900208809001088230009fdc2e5ffd400
:1057c4000e0000c56efdffa6a36a058262e8ffd441
:1057d4009f1d8f1d0372017242d202d48affffae55
:1057e4002e72f81f81033039ee0000a6c2003fe597
:1057f4007900208819001088130008fdc2e3ffd443
:105804000e0000c58e0000a69316058262e6ffd442
:105814008f1d03720172000082003fe57900208829
:1058240019001088230008fd62e2ffd40e0000c5b1
:10583400aafeffa6e10dd00d628a01d48003000008
:10584400c26901d4100300001319058282b5ffd484
:10585400a26901d4100300004319058202b5ffd4e4
:10586400826901d41003000073a5048282b4ffd4ba
:1058740009000088e26a02d41003000033a5048200
:10588400e2b3ffd408030000623001d4e2c9ffd4bc
:1058940008390000cafbffa642cc02d48afbffae43
:1058a4001e72f81f41032039ee0000a682003fe576
:1058b40089e2218849221088130004fdc2ddffd447
:1058c4000e0000c57e0000a67319058262e0ffd4b5
:1058d4008f1d03720172e00de28101d48003e10d9a
:1058e400d31b0582c2b0ffd4c26602d410030000e9
:1058f400131c058242b0ffd4c26401d4100300001b
:1059040073a50482c2afffd4e00d0000226602d466
:105914001003000033a5048222afffd40803000063
:10592400a22b01d422c5ffd4083900000afdffa62a
:1059340082c702d4cafcffaef81f20390e0200a6ab
:10594400130081fd9370058608030000c2b0fdd4e6
:1059540000390000aa0100a653cd04860803000004
:1059640022b0fdd400390000aa0100a6f370058618
:105974000803000082affdd4003900008a0100a6ac
:105984003b710582a2daffd48f1d017207000080eb
:10599400e2d607d4a370058282c1ffd44affffaeca
:1059a40062d607d4c370058202c1ffd4cafeffae1b
:1059b4000b000080c2d507d41371058262c0ffd4e6
:1059c4002afeffaec601ffe1f81ff91ffa1ffb1ff5
:1059d400fc1ffd1ffe1f8003b1030000e23f02d441
:1059e400080019a4a9030000092000883008000059
:1059f4000900008840083839420300a8183900001b
:105a0400220200a838390000ca0300a6410c320c57
:105a1400800001e10a3d0000220000ae91653908d2
:105a2400e28802d4b003300c00390000ea0100a679
:105a340009009088d1cccc80c560d680f151b88063
:105a4400e581e2804a0400ae46033fe529030000f5
:105a54001900108813000bfde2d0ffd40e0000c51e
:105a64000efdffa6f365058282d3ffd4ef1ddf1d73
:105a7400cf1dbf1daf1d9f1d8f1d0000c601ffe57b
:105a840001720000120029e506033fe509001088b1
:105a940023000bfd02cfffd40e0000c56efbffa652
:105aa4000afeffae76020fe5237e0586022407d4a4
:105ab400c6020fe5a29802d402c102d40e0000c5aa
:105ac4004efdffa68974300c093d0000e2fcffaed8
:105ad400410c0000400009e100102d97c80031a2dc
:105ae400a900308840002395000022e50a0322e043
:105af4007ff9f2fd40104d97480132a2231512653b
:105b04000a0311e06ff9f1fd00104e97480152a20b
:105b140080104d97480131a2131521650a0322e034
:105b24005ff9f2fd31dd24806580408000104497e8
:105b3400480161a240104d97480132a23215136505
:105b44000a0311e04ff9f1fdeb0000848ff9f1fd38
:105b5400320c293d62faffae830000849ff9f1fd07
:105b64000061000000e00b821002000066020fe5f5
:105b7400021807d419008088830000b07900a08837
:105b8400000219e1320c213de2f8ffae080c0c834f
:105b9400420c0000800019e11861116140e01b8291
:105ba40011020000621607d41874000081feafb819
:105bb400aaf7ffae1e72410320390000ee0000a6d2
:105bc40042003fe5f900208809001088130004fd15
:105bd40022c5ffd40e0000c56e0000a6c36c05826a
:105be400c2c7ffd403720172824e02d4080010822d
:105bf400cbff0ffca24b02d4f10d000043a404829e
:105c0400e297ffd4eafeffae1e72f81f410320396b
:105c1400ee0000a682003fe5f90120880900108803
:105c2400130004fd82c2ffd40e0000c57e0000a64e
:105c34002367058222c5ffd48f1d03720172e80d0c
:105c4400824b02d408001882024902d4e10d0000fc
:105c54005ba404824295ffd4eafeffae21032039ff
:105c6400ae0000a6737e0586130002fdc297fdd424
:105c7400003900006a0000a6f33a0382e2c2ffd4ae
:105c840001720000d349018202ec03d401720000c6
:105c94000203ffe1f81ff91ffa1ffb1ffc1ffd1f82
:105ca400fe1f80039103000009000088e008f0084b
:105cb40000091009320008e530390000e60000aea2
:105cc400483900002a1500a693700586130009fdc3
:105cd400a294fdd4003900000a0d00a62839000062
:105ce400ea1200a6183900000e1400a60900008864
:105cf40020093009061000f540095109c2ad01d44c
:105d04000e0000c54a1400a642032fe502031fe556
:105d140082030fe582b601d40800e08211070493e0
:105d2400dd06049219060492d505049391000492a9
:105d3400424102d408009082090000886009700979
:105d44008009000002022fe542021fe582020fe5ee
:105d5400c27cffd4538d0486938e04820e00e0c56a
:105d6400030001f722a3ffd4210d0000c391048294
:105d7400628cffd4024b03d4107f0000ab6b05820e
:105d8400e28bffd4a27803d4107f0000e391048255
:105d9400628bffd4210d0139aa0000a689e2218873
:105da40040102297400d510dc266fdd4100300002f
:105db40003920482428affd40124f48005002080e7
:105dc40009003088400d510dc265fdd41003000058
:105dd400239204824289ffd41c030000839204822c
:105de400e288ffd41b03000073a204828288ffd4dc
:105df4001a03000093a204822288ffd41d0300002a
:105e0400b3a20482c287ffd4197f0000a392048244
:105e14006287ffd438240000220388e1f151b8805e
:105e2400e58102800012009751220000bb92048297
:105e34006286ffd4310d00002b9304820286ffd4c6
:105e4400610d0000b3930482a285ffd4710d00009c
:105e5400eb9304824285ffd4810d000023940482d5
:105e6400e284ffd4ef1ddf1dcf1dbf1daf1d9f1d9d
:105e74008f1d00000203ffe50172000086003fe56c
:105e840001c409800500208019001088230009fd41
:105e940022afffd40e0000c50af2ffa63839000075
:105ea4006e0000a6e00c0000229d01d4ca0200aee0
:105eb40046003fe55900208819001088330009fd89
:105ec400a2adffd40e0000c58af0ffa606003fe590
:105ed400f900208809001088430009fdc2acffd4f2
:105ee4000e0000c5aaefffa6583900008e0100a6d7
:105ef400030000904bfc3ffc0bfc2ffccbfb1ffc76
:105f0400e00c0000a29a01d40e0000c5eeeeffa63c
:105f1400c38f0482a295ffd4429802d42afaffae1a
:105f2400c2033fe5f901208809001088530009fde8
:105f340022aaffd40e0000c5aefdffa6eaecffae18
:105f4400130089fd53cd048608030000c280fdd4ec
:105f5400003900000a0100a67391048608030000ba
:105f64002280fdd400390000ea0000a64b390382e8
:105f740042abffd46af7ffae228d01d4c3900482f2
:105f84004292ffd4eaf6ffae228404d4aaf6ffae0e
:105f940093910482a291ffd44af6ffae2e72f81fa9
:105fa400f91f80039103000009000088c009d0098b
:105fb40028390000ca0000a638390000ea0200a609
:105fc400320008e510390000c60300ae0a0300ae33
:105fd400130081fdf37c058608030000427cfdd498
:105fe400003900004a0100a602013fe5990020881b
:105ff4000900108808030000e2a3ffd40e0000c5c6
:106004000a0200a6c10d0103c248ffd4ea0100ae92
:10601400990010886248ffd48a0100ae037d05868a
:10602400130009fd027afdd4003900002a0100a6fc
:10603400237d0586130009fd6279fdd40039000033
:10604400ea0100a62338038282a4ffd49f1d8f1d7a
:106054000372017202013fe599002088090010884b
:10606400230009fd82a0ffd40e0000c50afeffa68e
:1060740099001088c00d00004245ffd46afeffaeaf
:1060840002013fe501c40980050020801900108841
:10609400230009fd029fffd40e0000c52afdffa6c0
:1060a400a9001088383900006e0000a6c00d000059
:1060b4006254ffd4aafcffaec2003fe50901278861
:1060c40019001088330009fd629dffd40e0000c53d
:1060d4008afbffa6d10d00008afeffaef81ff91f50
:1060e400fa1f9003622602d40800a082622602d41a
:1060f4000800808203000080822303d40e0000c5c0
:10610400ea0200a6222603d410030000530e0582df
:10611400226bffd4022e03d4107f0000330f0582bc
:10612400a26affd4080018821f000080e22102d472
:106134000e0000c5ca0100a609030000e2d303d47f
:10614400900300000800188208000a82e22002d4aa
:10615400622303d40903af1d9f1d8f1d017200002c
:10616400830d05822283ffd4190090882affffae95
:10617400fb0f0582a282ffd4222203d41900908847
:106184008afeffae1e72410309201088f1092039ee
:10619400c20100a820390000aa0000a6f00d0000ea
:1061a400c2f9ffd4003900006e0100a60372017227
:1061b40042003fe50981238919001088130004fd7a
:1061c400a295ffd40e0000c58efeffa6536805827b
:1061d4004298ffd4aafeffae428202d46afeffae0a
:1061e400be73000042002fe582001fe5c2000fe5e8
:1061f400c257ffd4f3750586c6020fe582e906d4bb
:106204005505049062e306d41b76058602e906d49c
:10621400d10d0000e2e206d43376058682e806d486
:10622400e10d000062e206d44b76058602e806d44e
:10623400f10d0000e2e106d47376058682e706d408
:10624400e10dd20d1265000042e106d4237e0586dd
:10625400e2e606d4c6020fe54257ffd40372017288
:1062640049a20188e2a505d403350182628502d4de
:10627400a3320182c27c02d493530382428302d4a8
:1062840063520382028302d493510382c28202d4f2
:1062940093500382828202d4634f0382428202d4e7
:1062a400934e0382028202d4a34d0382c28102d49c
:1062b400b34c0382828102d403470382428102d415
:1062c400f3450382028102d4f3440382c28002d4e0
:1062d400b3430382828002d4e3420382428002d425
:1062e40062ae00d443420382e27f02d4e3400382dd
:1062f400a27f02d422ae00d4d34b0382427f02d4c5
:10630400d34a0382027f02d4c3490382c27e02d4e9
:1063140073480382827e02d4c26604d40250ffd43e
:10632400533c0382027e02d4b3ee0482a250ffd413
:106334000700008042a205d4e27602d40172000074
:10634400f81ff91ffa1ffb1ffc1ffd1f8003a10389
:10635400c2030000020802d4a21502d41d0704924d
:10636400b8610000425407d4d0030000c20202d432
:1063740001407880d5a38080ea0000aea22202d436
:10638400c20e02d4080090820e0000c54e0100a681
:10639400210080b86a0100ae0107b4ab620100aa13
:1063a4001a390000aafeffa62a3900008efeffa6b5
:1063b400229e05d44afeffaee20402d4030000a4e8
:1063c400ca0000ae820402d48a0000ae025107d48f
:1063d4000004cde5020402d4070000a408000982e9
:1063e400df1dcf1dbf1daf1d9f1d8f1d017200003e
:1063f4004222f0c1f81ff91ffa1ffb1ffc1ffd1feb
:10640400fe1f000087fef0fca10300001bfdbffc83
:106414000bfd0ffcc07f1b030c030000422b01d4b7
:1064240090030039ee0200a682ed01d4800300003f
:10643400a9000088427505d400390000ea0400a6ca
:1064440059090000820002d4627705d400390000a3
:106454002a0500a689090000e2ff01d4090000888a
:1064640047f7f0fd57f7f0fd67f7f0fd49e0ee8fd1
:10647400ef61890379096909df0300004222d0c56d
:10648400ea0400ae93f20486f9830f8f0f610000d3
:10649400e2d406d41c030000c2ce06d4fd0e00884c
:1064a4001b03000062ce06d4c3f2048602d406d4d1
:1064b4008003090302cf00d41003080382d306d457
:1064c40033f3048642d306d4f9830f8f0f6100009f
:1064d4008243ffd4030000800a1300aec23202d408
:1064e400100300004901008808150000624907d420
:1064f400500900006afaffaee23102d41003000032
:10650400000208e1a24807d4800900004afaffae5d
:106514001106049060090000d505049071091874ef
:10652400080222a409e11e8f1f61216118030a03d6
:1065340062f0ffd4081ed083b3010188002ce283eb
:10654400183900004afeffa6120008e120390000b5
:106554005efeffa8cbdd2ffc0e0020c52e0500a695
:1065640093f204860f030000122200c502ce06d463
:106574001c030000e2c706d4fd0e00881b030000c4
:1065840082c706d443f3048622cd06d480030000d8
:10659400020001d410030803c2c606d483f30486a0
:1065a40062cc06d48003000009000088220102d4d2
:1065b40010030803e2c506d4b3f3048682cb06d4e1
:1065c400810d000062c506d4e3f3048602cb06d431
:1065d400510d0000e2c406d40bf4048682ca06d42a
:1065e4001903000062c406d433f4048602ca06d434
:1065f400090080889f030000422290c5bf0000a8c4
:10660400aa0100ae43f78ffd82de01d418030a15f8
:10661400424007d4900300002afaffaea3f4048694
:1066240062c806d4187438398a0100a608390000f3
:106634002a0000a6080c0a8348e218820e0010c53e
:10664400cafeffa6080221a449e02e8f2f61126121
:1066540000201183e2c006d44afeffaec3f40486d0
:1066640062c606d4610d000042c006d4e3f4048679
:10667400e2c506d4710d0000c2bf06d433f304860c
:1066840062c506d40f030000122200c5a235ffd450
:106694000bf50486f9420f8f0f61000082c406d403
:1066a4009504049062be06d453f5048602c406d44d
:1066b40055040490e2bd06d473f5048682c306d45f
:1066c4001504049062bd06d493f5048602c306d46f
:1066d400d5030490e2bc06d4bbf5048682c206d47a
:1066e40055040490190404901261000022bc06d4dd
:1066f400f3f50486c2c106d433f3048682c106d4fa
:10670400f9420f8f0f610000c231ffd409000088e5
:10671400dbdd1ffc0e0010c5ea0000a6620d710d42
:10672400800001eb23f72ffd000012eb0900008825
:10673400103d00001fc010f81a0000e9ef1ddf1d16
:10674400cf1dbf1daf1d9f1d8f1d00004222f0c530
:10675400017200004f75f81ff91ffa1ffb1ffc1f81
:10676400fd1ffe1fa0030000cffdf1fd090090886e
:1067740059090000c2020fe582f301d4800300002e
:1067840082ee01d40ffef0fd1a03000013db038236
:106794002237ffd422d201d41003000083db03820a
:1067a400a236ffd4a2d101d400001a95f3db0382f0
:1067b4002236ffd45bdc0382422cffd4c23107d4df
:1067c4001003000023e803826235ffd48ffdf9fd36
:1067d400030000809ffdf0fd0610ddf5f1ff0f8042
:1067e4000500c0801a0000ae2874500d093d000059
:1067f400a20200ae03e90382422affd419741803eb
:10680400006021ff002001ff8024026b1a030c6941
:10681400e2deffd40e0000c56afeffa61d74000070
:106824000900008862ed01d4e03d0000c2fdffaa2a
:10683400082018828ffdf1fd1b00b8fc9ffdfbfdb5
:10684400e00300000afdffae1903000033e90382f0
:106854002231ffd41d03000073e90382c230ffd448
:106864000e390000ea0200a61e03000043ea038278
:106874002230ffd48bfd8ffc18030000d3ea03827f
:10688400a22fffd49bfd9ffc190300002beb038276
:10689400222fffd4cbfd1ffc0e0010c5ce0000a696
:1068a400077f0582002010ff037f0582002000ff80
:1068b400a20601d40a0100ae19030803420601d45a
:1068c400aa0000ae83eb0382c223ffd4cbfd1ffcde
:1068d4000e0010c54afeffa6a2e901d40bfe0ffc70
:1068e4000e0000c5ee0000a673ec0382a222ffd4c2
:1068f400ef1ddf1dcf1dbf1daf1d9f1d8f1d4f77ca
:106904000172000002d601d4eafeffae1e724103fa
:1069140009e11388f1092039c20100a820390000d7
:106924008a0000a603000084f00d000022f1ffd4c9
:106934000372017242003fe5016a1880050020805d
:10694400a9001088130004fd6259ffd40e0000c58d
:106954008efeffa663720582025cffd48afeffae40
:10696400f81f8003634b0582c21effd4030000841a
:1069740008030000e2eeffd4334c0582221effd44c
:10698400070000808f1d0172420af0c1f81ff91f31
:10699400fa1ffb1ffc1ffd1ffe1f00008362048201
:1069a400021dffd4a3ec04a20900c088f36504ba55
:1069b400d90090886a0100aec366048682ab06d40f
:1069c4002a0500ae33f3048622ab06d449a00f8f08
:1069d4000f610000621bffd41c740000210090b8fa
:1069e4004a0500aed80300000060088342f900d4d1
:1069f400b003000062de01d4a0031e0349a00f8f80
:106a04000f61000042a906d400201d8322a306d4ee
:106a140033660486c2a806d41a030000a2a206d4d0
:106a24007366048642a806d4d003000022db00d497
:106a340010030d03e2a106d4b366048682a706d42c
:106a4400d0030b0382a200d410030d0302a706d4c3
:106a54000b3900006efbffa6b8030000f3ff18fd1e
:106a64001a3d00008efaffa633f3048602a606d46c
:106a740049a00f8f0f6100004216ffd4f3ff0bfdf6
:106a84000a3d00008efaffa68afaffae492200886a
:106a940022f400d41c03000033670482c21effd416
:106aa400c3670482e214ffd4c361048623620482b0
:106ab4000c390000430000f74214ffd40900008899
:106ac400c03d00001fc010f8ef1ddf1dcf1dbf1d0e
:106ad400af1d9f1d8f1d0000420af0c5017200000a
:106ae4001e72f81ff91ffa1f9003000009000088a6
:106af400c009000062d601d4a0030000a2d601d4cc
:106b04008003000033db0482c211ffd41a030000a7
:106b140003dc0482021bffd41803000043dc04825c
:106b2400a21affd402011fe509030000a24005d404
:106b3400003900006e0300a6c10d000033dd04829d
:106b4400a219ffd4d506049093dd04824219ffd420
:106b5400c00d083de20200ae08650839ea0200a64d
:106b6400d1cccc80c560268000122297c80032a206
:106b7400030000a007000084203d00004b2088f69d
:106b8400d3d90486e3da048e203d0000c32001f744
:106b9400820dffd408000882af1d9f1d8f1d037254
:106ba400017200009bdc0482c20cffd4030000a02d
:106bb4000affffae000200e5fafcffae030000a0ee
:106bc400d3d904824afeffae1e72f81f0900008862
:106bd400e009000033de0482420bffd482000fe59b
:106be400422c05d48003e10d53df04824214ffd408
:106bf400083900002a0200a6dbdf0482220affd43f
:106c040068390000aa0000a678390000ce0000a66a
:106c1400d3e004826209ffd44a0100ae2be004826f
:106c24000209ffd4ea0000ae88390000ae0000a6d5
:106c340063e104826208ffd44a0000ae23e20482c6
:106c44000208ffd409000088803d00001fc010f82e
:106c54008f1d037201720000f81f0000034f0482ad
:106c64000207ffd489000088a23005d48003000005
:106c74001507049043530482e20fffd4083900003f
:106c84008a0000a643570482c205ffd4070000808f
:106c94008f1d0172235404824205ffd40300008037
:106ca4006affffae020cf0c1f81ff91ffa1ffb1fa9
:106cb400fc1ffd1ffe1fb103c20393030339000031
:106cc4002a0000a6090430881b030000a2f000d4a7
:106cd4000800a0820e0000c5ee0000a608000a828b
:106ce400ef1ddf1dcf1dbf1daf1d9f1d8f1d00009c
:106cf400020cf0c501720000e2ba01d482c801d4ca
:106d0400110704928c610000220707d4d00300000d
:106d1400a2b501d401407880d5a3e080010784abfb
:106d2400a20000aa62d501d482c101d40e0000c51c
:106d34002e0000a621ffefb8a20507d40000dde570
:106d4400d90604931106049080090000d10504902b
:106d5400700900001107049060090000c2b701d453
:106d6400c2a301d41d030c15820507d4c00309393d
:106d74002a0000a600049083dbe5048689820f8f35
:106d84000f610000428d06d41b030000228706d445
:106d940033e60486c28c06d41c030000a28606d403
:106da40083e60486428c06d41e030000228606d4a1
:106db400c3f40486c28b06d4810d0000a28506d4d8
:106dc400e3f40486428b06d4710d0000228506d4b8
:106dd40033f30486c28a06d489820f8f0f610000c0
:106de40002fbfed4600d803d660100ae800de06bb9
:106df400700de06b030000800e3900008b02a0f6da
:106e040033e4048613e504820e390000430000f7de
:106e140082f9fed42af6ffae02ba01d473e2048ae0
:106e240053e304860e0000c5430002f7a2f8fed423
:106e3400030000a82af5ffaec209f0c1f81ff91f2c
:106e4400fa1ffb1ffc1ffd1ffe1f0000437404827a
:106e540082f7fed4f3ea04a623eb04b2937904bace
:106e640033f304b64a0500aec3790486028606d419
:106e7400b003710d40000895810d0061e2fc06d459
:106e840010030b03627f06d483e60486028506d4ce
:106e9400d5060490e27e06d41d030000828406d445
:106ea400c9a00f8f0f610000c2f4fed4f3ea04827c
:106eb400a03d00008a0200a600608a830803000047
:106ec400e22005d4b003000062e301d4800900008d
:106ed40022ac01d43b790486c9a00f8f0f61000056
:106ee400628206d418030000427c06d41e0300000c
:106ef400e28106d40b3900006afbffa6a37904865d
:106f0400628106d48afcffae9c3d0000aa0100a663
:106f1400006019830900008842de00d40e0000c519
:106f24002affffa662dd00d480030000629501d42d
:106f340070091803e3780482e2f9fed4c3ea04aad0
:106f4400aafbffaedb790482c2effed4ef1ddf1d86
:106f5400cf1dbf1daf1d9f1d8f1d0000c209f0c5b1
:106f6400017200000a0a00d4f81ff91ffa1ffb1f60
:106f7400fc1ffd1fd10300000800928222db00d415
:106f8400080080820e0000c56a0900a60e0090c5a4
:106f9400ae0900a6e2d900d490030000e29101d426
:106fa400b0030000821c05d4a003000042dc01d41d
:106fb400c003000002a501d40a3900008e0800a60f
:106fc4001c030000c0020be182f206d4a003903d32
:106fd400c20800aa000029e5093900000a0100a638
:106fe400a900008809150000f151b880e5811280dc
:106ff40000100197480050a2023d0000420900aa77
:107004009bd4048689a00f8f0f610000027906d4f7
:107014001d030000e27206d4e3d40486827806d409
:1070240019030000627206d413d50486027806d4cc
:107034001a030000e27106d443d50486827706d48d
:10704400030000a0c3d00486227706d433f3048659
:10705400e27606d489a00f8f0f61000022e7fed4e8
:10706400c2d300d4900300396a0100a60c39000091
:107074002a0100a601c2eb80b500208009003088f7
:1070840001a0ac8095c3018000130097a2cffcd46b
:10709400903d0000e20200aed506049003d40482c1
:1070a400a2eefed408000882df1dcf1dbf1daf1d58
:1070b4009f1d8f1d037201721d03000023d10482e2
:1070c400a2edfed4eafeffae42eb00d42af6ffaef8
:1070d4001d030000c3d10482e2ecfed41bd204825f
:1070e40002e3fed4030000a0cafdffae400220e587
:1070f4002af7ffae9f720000070009ea900310030d
:10710400d3d2048282ebfed489600088b0150b03cd
:107114009f720000070009ea1003000063d3048291
:10712400a2eafed48afbffae9bd4048689a00f8f0b
:107134000f610000c26f06d41d030000a26906d4cb
:10714400e3d40486426f06d419030000226906d4ee
:1071540013d50486c26e06d41a030000a26806d4ae
:1071640043d50486426e06d403d10486caf6ffae24
:10717400c210f0c1f81ff91ffa1ffb1ffc1ffd1fef
:10718400fe1f0000c3c90382c2ddfed4c961ef8fb4
:10719400ef619e030900a0880900d088a900008837
:1071a40080090000ea0300ae18743839ea0100a629
:1071b4008d3d00009fc010f8080220a473ec0486e3
:1071c40001610000002010830a030000a2ecffd438
:1071d4000e0000c52a0000a61b740000010704a9c4
:1071e4002afeffa61d04c088eafdffae3900008810
:1071f400b03d00001fc010f81f00c0fdc3c7038ac4
:107204009bc803863b390000830001f7a2d9fed452
:107214001a748974820d1276820900002e0000a669
:107224000a0200aec903000003000084080491832d
:107234001f0091fd2f0091fd3f0091fdf3cc0382cf
:1072440002d8fed40a030000a2bf00d4a2d7fed401
:1072540033f3048262d7fed4090080880900b08821
:107264006afaffae23cd0382c2d6fed40900808819
:10727400f3cc03b60900c088a90090888a0000ae48
:107284002f00bafd18748e74210090b88a0300aee2
:10729400be03000008200eb94affffa60d0300003c
:1072a40002d5fed408030000a2bc00d4a2d4fed4ac
:1072b40033f3048262d4fed47c09000042023fe529
:1072c40009e1238809c2178808030000a2ceffd46d
:1072d4000800a082b7fcfcfdc9823f8f3f6100001b
:1072e40009e1238809a01f8808030000a2cdffd468
:1072f4000e00a0c54efcffa60800a0820afcffae4b
:10730400c3d00382e2d1fed48f030000221280c5d1
:1073140009009088bbd103b60900e088a900a088c1
:107324006a0000ae197488742100a0b86a0300ae24
:10733400082008b96affffa60d03000022d0fed47e
:1073440009030000c2b700d4c2cffed433f30482d1
:1073540082cffed409a01f880903000022bc00d4f8
:107364000e0000c5eafdffa6e3d10382a2cefed43f
:1073740019000088226bffd4c003000063d203828b
:1073840002cefed449220088826affd40c6b0e3de3
:107394001fc010f81f0080fd4afcffae0bd3038210
:1073a40002cdfed48f030000321280c50900a088ec
:1073b40073c903b69bc903b2a900b0880a0800ae1a
:1073c400a93900002a0300a663d40382a2cbfed409
:1073d4000903000042b300d442cbfed4c3d40382d9
:1073e40002cbfed409000088428f01d410030000b0
:1073f4000900008862b700d4077f0582002010ffcf
:10740400037f0582002000ffe2ab00d413da03827d
:1074140082c9fed4ef1ddf1dcf1dbf1daf1d9f1df3
:107424008f1d0000c210f0c501720000b3d60382a4
:1074340082c8fed46afdffaec3da0386825706d43f
:10744400e0030a03c2af00d410030e03025706d4ac
:1074540033f30486c25606d4c9820f8f0f6100002d
:1074640002c7fed4a93900004e0200a69a03000008
:107474000a0200aeebda0386a25506d41b0028fcf0
:107484000e0020c58efdffa61c030000025506d485
:10749400e0030a0342ad00d410030e03825406d461
:1074a40033f30486425406d4c9820f8f0f6100005f
:1074b40082c4fed41a7488742100b0b80af8ffaeee
:1074c40033d40386c9820f8f0f610000025306d4a0
:1074d400082018820e0010c503031df7825206d43b
:1074e4002b0018fc0e0010c54efcffa61c03000068
:1074f400e25106d41b0018fc0e0010c54afcffa67e
:10750400c3da0386425106d4e0030a0382a900d4f5
:1075140010030e03c25006d433f30486825006d4fb
:10752400c9820f8f0f610000c2c0fed42afcffaed7
:10753400f81ff91f900300005314058222c0fed4e3
:107544000b000080426702d40e0000c50e0100a6a5
:107554000301008c033c0088030400840b000080ba
:10756400825102d4080080820e0000c5ca0100a620
:1075740009030000225bffd480030000b3130586d7
:107584000314058208390000430000f7a2bdfed4ad
:1075940009000088803d00001fc210f8080008821e
:1075a4009f1d8f1d017200007b150582a2bcfed4b5
:1075b4004affffae531a048282e0fed4531b0482b6
:1075c40042e0fed4631c048202e0fed4731d0482f4
:1075d400c2dffed4931e048282dffed4b31f048272
:1075e40042dffed4c320048202dffed4b32104822e
:1075f400c2defed4e322048282defed4132404829b
:1076040042defed43325048202defed40172000081
:107614001e72f81ff91f80039103000009000088ff
:10762400d00918398a0500a6a2d700d43839000039
:10763400820500a838390000aa0500a6130089fdb8
:107644005bb0048608030000e2c8fcd400390000e3
:107654004a0600a673b004860803000042c8fcd49e
:10766400003900004a0600a68bb004860803000017
:10767400a2c7fcd4003900004a0600a6b3b00486b1
:107684000803000002c7fcd4003900004a0600a623
:10769400d3b004860803000062c6fcd4003900009d
:1076a400ea0500a6f3b0048608030000c2c5fcd4b2
:1076b400003900008e0500a6d00d00392e0000a66a
:1076c40089600088c2a0ffd40e0000c56e0000a629
:1076d40082da01d42a0000aec2f6ffd49f1d8f1daa
:1076e4000372017263af048282effed46affffaebd
:1076f400c2003fe5016a1880050020801900108847
:10770400230009fd82ebfed40e0000c56ef9ffa62e
:1077140063af048222eefed40afeffae42a5ffd47c
:107724000e0000c5aefdffa6c2d701d46afdffaeb0
:10773400a292ffd40e0000c50efdffa622d701d4ed
:10774400cafcffae82a8ffd40e0000c56efcffa6e3
:1077540082d601d42afcffaea2d0ffd4eafbffae4e
:10776400a2b6ffd4aafbffae13b10486080300003f
:10777400a2bffcd400390000ae0000a6d00d003931
:107784002e0000a609e10388a28effd46afaffae98
:107794002bb104860803000062befcd4003900004b
:1077a4000e0100a6d00d00392e0000a60920008885
:1077b400e2ebffd40e0000c50ef9ffa622d301d4dc
:1077c400caf8ffae3bb1048608030000c2bcfcd477
:1077d40000390000ee0400a64bb1048222abfed4b3
:1077e40049220088828900d4e29effd40e0000c59d
:1077f4008a0300a6828cffd408008082c2a2ffd430
:10780400a2b1ffd4d00d00392e0000a609e10388ef
:10781400628affd4c2caffd41900008882e8ffd468
:1078240008009082d3b20482c2a8fed423b3048297
:1078340082a8fed40e0080c58e0200a643b4048242
:1078440002a8fed4a3b40482c2a7fed40e0090c53d
:107854006e0100a683b3048242a7fed422ce01d4d3
:10786400caf3ffaef3b10482c2a6fed4a2cd01d402
:107874004af3ffaee2e9ffd442cd01d4eaf2ffae0f
:10788400e3b30482e2a5fed48afeffae3bb50482d4
:1078940082a5fed4a3b4048242a5fed40e0090c5f2
:1078a4008afdffa6e3b30482c2a4fed46af1ffae4c
:1078b40083ee048282d101d40172000043ec04827d
:1078c40022d101d401720000f81ff91fc91803cc9a
:1078d4000d181bcd190020880e0000c54a0000a613
:1078e400c91803cc8d181bcdc91803cc4d0810cd75
:1078f40019000088013800004a0000a6c91803cc0a
:107904000d0810cdc91803cc7d0005cd1900808861
:107914000e0010c54a0000a6c91803cc3d0205cdcf
:10792400c91803cc4d0002cd19009088013900001c
:107934004a0000a6d5180392720099e9121022f5a4
:107944000120a1807500108000100197a289fcd449
:10795400001229976289fcd49f1d8f1d01720000bb
:10796400003900002e0000a619000088121020f52e
:107974000120a18075000080401000972288fcd46b
:1079840001720000013900006a0000a6400021e1f4
:107994009f720000070002ea017200000124f480d3
:1079a4000500008020030000452903981a0011e90e
:1079b4000e0010c54e0000a61076000041ff2fb83f
:1079c40009001088013d000022c000f11f0010f8da
:1079d4000172000020030103013900007a0000a6af
:1079e40089e2118821159f72070020ea02030172bf
:1079f400811103980f0030f81b000084080001bdba
:107a04001fc010f80172000022ffffd40120bc80c7
:107a1400e54320800120a180750010800e0000c580
:107a2400430002f7017200009511039007000088db
:107a340063470582e2da06d4811103980f0030f817
:107a44004e0000c5820000ae811103980f0030f88b
:107a54008e0000c5220200ae0110088005000080df
:107a64009118039491820c8005010080d11803942d
:107a7400b91803c32fc600880148e8801500108098
:107a8400002002ff2f0460f80e0000c58a0200a641
:107a940061ff1fb819000088c2d806d4c347058205
:107aa40042d706d491110398110000ca0d0030cac0
:107ab4009111039cad1103c36bc400880148e88095
:107ac40015001080002002ff3f04e0f80e0000c5fe
:107ad4002afcffa661ff1fb839000088a2d606d48d
:107ae400b11803c32fc600880148e8801500108030
:107af400002002ff0f0440f80e0000c56a0000a633
:107b040061ff1fb81900008842d506d4ad1803c31d
:107b14002bc600880148e88015001080002002ff71
:107b24003f04e0f80e0000c56a0000a661ff1fb81c
:107b340019000088e2d306d407c400880148e8800d
:107b440015001080002002ff2f0460f80e0000c50d
:107b54006e0000a661ff1fb819000088a2d206d4e7
:107b6400010020800500008011190394a91803c3a3
:107b74002bc600880148e88015001080002002ff11
:107b84002f0460f80e0000c56a0000a661ff1fb84c
:107b940019000088e2d006d47b48058262cf06d45f
:107ba40001100880050000805119039491d20780c8
:107bb4000501008091190394791903c35fc60088f5
:107bc4000148e88015001080002002ff2f0460f8af
:107bd4000e0000c56a0000a661ff1fb829000088d6
:107be40082ce06d4711903c35fc600880148e880b9
:107bf40015001080002002ff0f0440f80e0000c59d
:107c04006a0000a661ff1fb82900008822cd06d4af
:107c14006d1903c35bc600880148e8801500108015
:107c2400002002ff3f04e0f80e0000c56a0000a631
:107c340061ff1fb829000088c2cb06d407c400889e
:107c44000148e88015001080002002ff3f04e0f89e
:107c54000e0000c56e0000a661ff1fb82900008851
:107c640082ca06d40100108005000080d119039453
:107c7400691903c35bc600880148e88015001080b9
:107c8400002002ff2f0460f80e0000c56a0000a661
:107c940061ff1fb829000088c2c806d4f3480582d2
:107ca40042c706d422c806d401602980150000808a
:107cb40091110394c51103a7ad1103c36bc40088cc
:107cc4000148e88015001080002002ff3f04e0f81e
:107cd4000e0000c56a0000a661ff1fb839000088c5
:107ce40082c606d401502980050000801114039433
:107cf400451403a72d1403c30bc500880148e8806d
:107d040015001080002002ff3f04e0f80e0000c5bb
:107d14006a0000a661ff1fb849000088a2c406d407
:107d2400150900c0150c00c201720000090000888a
:107d34000172000010030000460220e519000088cb
:107d4400463820c5660a00ae560221e5790000884f
:107d5400260620c5e20900ae460610c58a0500a61f
:107d6400f151b880e581228040104297480163a216
:107d74008960008803150000400000e5902400009d
:107d8400460200e100100297480065a213020000b9
:107d9400f2ff17c80300fe83611403e8016a0000c0
:107da40061140394400171a441140390f60300e8a4
:107db400016a00004114039465140390f2ff17c98b
:107dc40029000088133d00004e0600a645140390c8
:107dd4007f04f1f8153d0000ce0500a6291403c365
:107de400016a1880050020800bc500901203000072
:107df400002004ff2f0460f80e0000c5ea0000a66e
:107e04001276000041ff1fb839000088017200009b
:107e140009003088090050888afbffae023900004f
:107e24002a0300a6016a1880050020800fc500906f
:107e340012030000002004ff3f04e0f80e0000c518
:107e44007e0000a61276000041ff1fb8490000889a
:107e540001720239ca0100a665140390f2ff17c922
:107e640059000088133d00004e0100a645140390fc
:107e74007f04f1f80900008859002088153d0000ae
:107e8400030002f70172000039000088017200004b
:107e9400490000880172000090390000e60300ae3a
:107ea400002d000000000000020000d6aa0300ae6e
:107eb4000a0100ae2a0100ae4a0100ae6a0100ae1a
:107ec4008a0100aeaa0100aeca0100aeea0100ae0a
:107ed4000a0200ae03af0482017200009ba904826f
:107ee4000172000023aa048201720000cbaa04825a
:107ef4000172000073ab04820172000013ac0482af
:107f040001720000d3ac048201720000bbad048294
:107f140001720000a3ae04820172000013a904825e
:107f24000172000033a90482017200001d1403c110
:107f3400017200001d1403c3016a1880050000804b
:107f44000fc5008c20030000002013ff7f04e1f81c
:107f54000e0010c54e0000a61076000041ff2fb899
:107f640009001088013d000022c000f11f0010f834
:107f740001720000111304940172000011130490a3
:107f8400802400000100298005001080000021ebfe
:107f940099140394c51403a7ad1403c3016a18808c
:107fa400050020802bc5008c12030000002003ff75
:107fb4003f04e0f80e0000c58a0000a61276000017
:107fc40041ff1fb80300008001720000030000801d
:107fd40002390000ca0100a6016a18800500208049
:107fe4002fc5008c12030000002003ff3f04e0f8bb
:107ff4000e0000c54e0000a61276000041ff1fb817
:1080040009000088203d000022c000f11f0010f884
:10801400017200009d1403c1017200000150298007
:108024000500008091170394010010800500008072
:10803400d1170394ad1703c3016a1880050020808b
:10804400ebc5008c12030000002003ff3f04e0f89e
:108054000e0000c58a0000a61276000041ff1fb87a
:108064000300008001720000030000800239000058
:10807400ca0300a6a91703c3016a1880050020805b
:10808400ebc5008c12030000002003ff2f0460f8ee
:108094000e0000c58a0000a61276000041ff1fb83a
:1080a4000300008001720000030000800239000018
:1080b400ca0100a6016a188005002080efc5008c63
:1080c40012030000002003ff3f04e0f80e0000c587
:1080d4004e0000a61276000041ff1fb80900008878
:1080e400203d000022c000f11f0010f801720000c2
:1080f4009d1703c101720000f81f0000e9170390e7
:10810400c5170390f2ff27c93f04f1f8880091a432
:108114000161000049228088003900008a0000a61d
:108124008960208802150000021000c1080098a28e
:10813400a2bcffd4121028f5492210880010019720
:10814400024afcd48f1d0172e2c5ffd410220172d1
:10815400f81f0000851403984f0031f85e0010c525
:108164006a0400a65e0010c5020200ae7e0010c5bf
:108174008a0200a6090000888e0010c50e0200a61f
:10818400e11903920702e8f8891903cc4d0810cdd0
:10819400117e0000891903cc0d181bcd02beffd43b
:1081a400187e0000e2beffd4aa0000ae0120a18028
:1081b40075000080090020881e0010c5030002f726
:1081c4008f1d0172211903920702e8f8c91803cc24
:1081d4004d0810cd117e0000c91803cc0d181bcd1d
:1081e400e2bbffd4187e0000c2bcffd48afeffaeff
:1081f400a2b6ffd44afeffaef81f00001d2903c13a
:10820400090010881529039480240000d1290394bf
:10821400f1d330800500008091290394f9e30f8f96
:10822400512a0394912a0394d52a0394112b03947d
:10823400552b039401290398210000ca0d0450ca48
:108244000129039c1d2903c382baffd40e0000c573
:108254006e0000a61d2903c1090000888f1d01724c
:10826400625c06d480030000225c06d4086500002a
:1082740016a107c582ffffae112a03901d2903c171
:1082840009c21788011500008afeffae6914039025
:1082940041140390f2ff27c97f04f0f8880090a4ea
:1082a4001061000049220088013900008a0000a6fc
:1082b4008960008810150000021010c1480090a2c7
:1082c40001720000c91803cc0d0810cd0172000022
:1082d4004202ffe1f81ff91ffa1ffb1ffc1ffd1fdd
:1082e400fe1f80091109100302fa10c51900008845
:1082f40006ca18c5a61200ae8d0d00001900b0887c
:10830400f9e30f8f7009000001c409800500108093
:10831400210900008960208852093b09590000881e
:108324004009000031dd24806580e080ba0300ae9e
:10833400820d0000800010e5720d123d620000aa5b
:10834400710920095a093809600d400918749d61a2
:10835400cb618b3de60100ae40120e9748006aa245
:10836400f2030ae5960800c506ffffae1c030a03e4
:1083740002b3ffd40922288f800010e106ca18c571
:1083840046feffae810d103d22fdffaa000011e55f
:108394002afdffae12000be170390000260100ae89
:1083a4001b74810dd1610b39aaffffa649e3108824
:1083b40040009de1cb030000190080886b09000098
:1083c400aafcffae110d01394a0000a6220d0000df
:1083d40000041283500d0000f21f00c98024000025
:1083e400f10fe080f5e31780c11813e9400020eb9a
:1083f400d918039402031fe57a2001e9000031a48f
:10840400c11803987e0000ed080001ebc118039c1d
:1084140042032fe57a2012e9c11803988e0300ed78
:10842400080001ebc118039cc91803cc4d0810cdfa
:1084340029000088520d123d8e0800a6c91803cced
:108444007d0005cd420d123d0e0800a6d5180390ff
:10845400720011e9320d123d8e0700a6b91803c34c
:10846400016a1880050020802fc6008c12030000ca
:10847400002003ff2f0460f80e0000c58a0000a648
:108484001276000041ff1fb889000088ea0500ae9b
:10849400023900006a0600a6b11803c3016a1880f5
:1084a400050020802fc6008c12030000002003ff6b
:1084b4000f0440f80e0000c58a0000a612760000e2
:1084c40041ff1fb8890000880a0400ae0239000089
:1084d400ca0400a6016a18800500208007c4008c25
:1084e40012030000002003ff2f0460f80e0000c5f3
:1084f4008e0000a61276000041ff1fb89900008884
:108504004a0200ae023900004a0300a6016a18803c
:10851400050020800fc5008c12030000002003ff1b
:108524003f04e0f80e0000c58e0000a6127600009d
:1085340041ff1fb8490000888a0000ae0900008886
:108544004900108802390000430000f7ef1ddf1dc9
:10855400cf1dbf1daf1d9f1d8f1d00004202ffe5f3
:1085640001720000890000880affffae89000088bc
:10857400cafeffae990000888afeffaec91803cc7c
:108584003d0005cd01720000d1180390720000e98e
:1085940001720000f81f00006299ffd480030000fc
:1085a40042e7ffd4121020f54922008800120097f8
:1085b4008226fcd48f1d017240030000120020e5c6
:1085c4001900008862390000460a00ae120021e555
:1085d40062390000e60900ae413d0000a60900aa88
:1085e4007a0004e9000032a4c11803987e0000ed6b
:1085f400080002ebc118039c7a0021e9c118039812
:108604008e0300ed080002ebc118039cc91803cccb
:10861400bd0005cd29000088243d0000ae0700a65a
:10862400d9180390720022e9213d00002e0700a60c
:10863400b11803c3016a1880050000802fc6009496
:1086440030030000002025ff8f0442f80e0020c5ef
:108654007a0000a61076000041ff3fb88900008828
:1086640001720039ca0400a6016a1880050000805e
:1086740007c4009430030000002025ffaf0462f813
:108684000e0020c57e0000a61076000041ff3fb812
:1086940099000088017200396a0300a6016a1880f3
:1086a400050030800fc5009403030000002025ff5f
:1086b400bf04e2f80e0020c57e0000a61376000079
:1086c40041ff0fb849000088017203390a0200a66d
:1086d400c91803ccbd0005cd59000088243d000015
:1086e4008e0100a6d1180390720020e909000088c9
:1086f40059003088213d0000030003f70172000097
:10870400890000880172000099000088017200004d
:108714004900008801720000f81f800329002088a6
:1087240009001088d33b05820e0008d6151003906b
:1087340009002088133c05820e0008d69518039082
:1087440009002088333c05820e0008d6d518039012
:1087540009002088533c05820e0008d65519039061
:1087640009002088733c05820e0008d695190390f1
:1087740009002088933c05820e0008d695110390c9
:1087840009002088b33c05820e0008d6d511039059
:1087940009002088d33c05820e0008d615140390e6
:1087a40009002088f33c05820e0008d65514039076
:1087b40009002088133d05820e0008d69514039005
:1087c40009002088333d05820e0008d6d514039095
:1087d40009002088533d05820e0008d61519039020
:1087e40009002088733d05820e0008d69517039072
:1087f40009002088933d05820e0008d6d517039002
:1088040009002088c33d05820e0008d6150c00908f
:1088140009002088f33d05820e0008d61509009052
:1088240009002088133e05820e0008d68f1d0172b0
:10883400d912049031dd2480658010808010219746
:10884400c80062a2080011a221619f72070020eaf9
:108854004900008842390000832000f701720000bb
:108864001e72f81ff91ffa1ffb1f90038103a20356
:1088740009000088b009000042010fe562eb00d452
:10888400082490831b0010fc1f0091fdb70d0739cd
:108894004a0300a61003776107610000090070888d
:1088a400f9e36f8f01d430800500b0808a0000aef8
:1088b400000222e55a0100ae2174103dea0100a62f
:1088c40051032103006042ff002022ff42152b03c5
:1088d4009f720000070024ea4203283d82feffae97
:1088e4002865263d82feffaa082495831b0055fcbb
:1088f4001f0095fd74036203eafdffae0a39000010
:108904002a0000a60004a7830903bf1daf1d9f1df5
:108914008f1d037201720000f81ff91ffa1ffb1f5d
:108924009003000082d900d40800a082621702d408
:1089340009030000e29fffd480030000421802d420
:108944000800b082083900002e0100a6150e049616
:108954000e00a0c54e0100a6690000880e00b0c537
:10896400030088f70803bf1daf1d9f1d8f1d0172f3
:108974000e00a0c56affffa662d200d42affffae94
:1089840022d200d48afeffaef81ff91ffa1f80031b
:10899400a103000002d600d408009082e21302d49e
:1089a4001a03080382e0ffd480030000c21402d437
:1089b4000800a0820e0090c50e0100a60839000030
:1089c4006e0000a6690000880e00a0c5030088f7a9
:1089d4000803af1d9f1d8f1d0172000042cf00d4fc
:1089e400cafeffaef81ff91ffa1f8003a10300009f
:1089f40022d300d408009082021102d41a0308037f
:108a040062c6ffd480030000e21102d40800a082f1
:108a14000e0090c50e0100a6083900006e0000a6e5
:108a2400690000880e00a0c5030088f70803af1d85
:108a34009f1d8f1d0172000062cc00d4cafeffaee0
:108a440090390000e60300ae002d00000000000095
:108a5400020000d6aa0300ae0a0100ae2a0100ae4d
:108a64004a0100ae6a0100ae8a0100aeaa0100ae5e
:108a7400ca0100aeea0100ae0a0200ae7bc0048265
:108a84000172000003bc0482017200009bbc0482da
:108a94000172000043bd048201720000c3bd048260
:108aa4000172000073be04820172000023bf0482bd
:108ab400017200008bbf0482017200003bc004827b
:108ac4000172000083bb0482017200008bbb04822c
:108ad40001720000d10a049001720000910a04900e
:108ae400017200000f75f81ff91ffa1ffb1ffc1f0e
:108af400fd1ffe1f8003a103030000a490390000a2
:108b0400460000ae01390000ce0000a6080009822c
:108b1400ef1ddf1dcf1dbf1daf1d9f1d8f1d0f77c7
:108b24000172000082c900d4820e04d409000088b6
:108b3400d10a0494910a0494803d0000ae0200a678
:108b4400090000886009000082022fe51a03000072
:108b540042020fe542e8ffd4020602d4dbfd1ffc0b
:108b6400cbfd2ffc027f000062d2ffd4003900004d
:108b7400ce0d00a6820602d4080090820e0000c525
:108b84006a0d00a6e2ee01d4600d0000d10a04943f
:108b9400cafbffae220402d449220088a28cffd46f
:108ba400190010885900008862d0ffd4c20402d48e
:108bb40068390000a20400ae88390000ca0e00a67d
:108bc40088390000060c00aa030000a498390000ac
:108bd400cef9ffa60190d080350000809f7200007e
:108be40007000aea89e28188863e00c503c200f7cd
:108bf40049228088460600c5032088f7560218e5f6
:108c040089600088260610c503c280f7620002d47a
:108c140008030000e288ffd4a0030000420102d44c
:108c2400030000a40a3900000ef7ffa6a2e901d44c
:108c34000190d080350000809f720000070008ea90
:108c4400d10a0494070000a40af6ffae0839000014
:108c54006af7ffa628390000ca0c00a648390000ac
:108c64008a0c00a669000088803d00001fc010f82f
:108c7400800900003200b8e519000088b03d00000a
:108c8400070000ac220000ae030000ac2900d0882d
:108c9400583900000300ddf7830000b88b00008022
:108ca400583900000b00eef6683900004a0b00a6a4
:108cb400a2a4ffd4c003000031dd248065800080bd
:108cc40000130097480060a29f72000007000aeaa0
:108cd400a0030000030000a41039000062f1ffaefd
:108ce4003d032b03810d000022f903d40800908278
:108cf4000e0000c5aaf0ffa668390000ca0100a64c
:108d040008000e8202e601d4a20304d4d10a04941a
:108d140012102cf501a0ac8095c30180801200973d
:108d240002ebfbd4910a04940aefffaec2f801d41b
:108d3400030000a4aaeeffae42e101d408000e82b3
:108d4400c2e901d40afeffae0188138005009080b9
:108d540009039f7207000aeaf9038088f60300c535
:108d640003c200f72900808820390000032088f717
:108d740082df01d408000882e2ef01d40f000080f2
:108d8400c2e701d409039f72070008ead10a0494d8
:108d9400070000a4aaebffae01c40980050000800f
:108da4009f72000007000aea3900808870390000c9
:108db400060100ae2900808830390000a60000ae0c
:108dc40019008088083d0000070000a0260000aebe
:108dd400030000a00800088202e201d401c4098053
:108de40005000080040088abd10a0496070000a4a3
:108df400cae8ffae3200b8e519000088b03d0000b3
:108e0400070000ac220000ae030000ac80090000a3
:108e14002900d088830000b80290ffd40800908213
:108e24000e0000c52ae7ffa66296ffd4c003000027
:108e34002af4ffae02eb01d4107f0000531c05821c
:108e4400a201fed422eb01d4107f0000a31c0582f2
:108e54002201fed422eb01d4107f0000f31c058212
:108e6400a200fed442eb01d4107f0000431d058212
:108e74002200fed462eb01d4107f0000931d058212
:108e8400a2fffdd462b8ffd410030000e31d0582e5
:108e940022fffdd4a29fffd410030000431e0582cd
:108ea400a2fefdd4950a0490013900002e0000a60c
:108eb40001720000b31e0582e2fdfdd4639f0382ac
:108ec40082f703d44affffaeb30401840020218358
:108ed4009f720000070020ea0203017240030000b1
:108ee400d912049031dd24806580008080102097a1
:108ef400c80061a2080110a2106101039f72000062
:108f0400070004ea01720000f81ff91f9003000033
:108f1400e2f605d480030000a2f605d40865093df5
:108f2400a6ffffaa9f1d8f1d0172000042f405d405
:108f340022a900d422ee03d40900028862ad00d431
:108f44001900108859000088e2d1ffd4510a049412
:108f54004286ffd4110a049c79000088a280ffd4c1
:108f640007000080891204a90e0300a6010a049ccc
:108f7400d909049895120498a112049802b700d450
:108f84008300008002d201d40300008062d801d49f
:108f940022a600d4c11204a96e0000a60180968006
:108fa40085410080d112049409000088410a04ab71
:108fb4006e0000a6190a04a92a0000a6010a049852
:108fc4001a0000e9f109049c0172000003200080ea
:108fd400a2a801d4aafcffaea112049c9512049c81
:108fe400d909049c8d12049c02faffd41700008452
:108ff400a512049c0f0000849512049cdd0904a7ab
:10900400070000848512049c0172000042a200d46f
:1090140042e703d40300008082e703d40300008402
:109024000800018222d901d4ed0904a7c2a601d403
:1090340079000088e279ffd40300008817000084d7
:109044000f000080c2b000d4077f0582002010ff0b
:10905400037f0582002000ff62c9ffd482ad00d4e3
:10906400017200008f74f81ff91ffa1ffb1ffc1f09
:10907400fd1ffe1fe0038109a286ffd4d003000078
:10908400030000800d390000ca0300a639020788d6
:109094008013009712102df5512400000b0050e0ae
:1090a40002cffbd4060800c5013b0000420300ae1a
:1090b40019029788290080880940a0880900b0888f
:1090c4001963c3888013099740132897512400001b
:1090d4000b0050e062cdfbd40a3d1b3f420000aec2
:1090e40018742976e1fecfb8800d000000040882d0
:1090f4004b3c008418642802b70300800860000019
:10910400829e01d4ef1ddf1dcf1dbf1daf1d9f1d0e
:109114008f1d8f7601720000190080884afeffae11
:10912400c90904a92e0000a60172000042c700d498
:10913400c2f6ffd4624102d4cd0904a74affffaeb0
:109144001e72f81ff91ffa1fa003910382feffd4b9
:10915400030000a00a3900004a0100a64b0019fcd4
:109164001a0001e44e0000c5c60000ae5b0009fc15
:10917400fe0000c5660000ae7b0009fcfe0100c5d0
:10918400820000ae08000882af1d9f1d8f1d037270
:10919400017200000180968085412080d9120494d8
:1091a40009030000623f02d400390000aefeffa6ae
:1091b4000a030000c2b3ffd4a0030000010000882a
:1091c40087fff0fc290010884024f9ed0a0300a66b
:1091d4004961088982e9ffd40300008c061012f566
:1091e4000a030000c2b700d4080080820e0000c544
:1091f4008a0200a607000080c109049c990904960c
:1092040083ff2ffc49090494090000881109049480
:10921400d10804949108049451080494061000f5ac
:10922400f3010188201f000000082183aafaffae81
:109234000a03000082e4ffd402011fe522f1ffd4f7
:109244006afcffae22eeffd4c23802d4aaf9ffae04
:10925400f377058642f7ffd4017200004e720000d6
:109264000e0040c5ce0000a609004088c4090000d5
:109274004ffff1fd5ffff2fd03000084aa0000ae82
:1092840029004088c40900004ffff1fd5ffff2fd93
:10929400080014826ffff1fd7ffff3fd29001088a1
:1092a400e109000009001088f109000002011fe52e
:1092b40062f4ffd403720172c109049801720000c0
:1092c400f81ff91ffa1ffb1ffc1ffd1f800300007e
:1092d400c509049a0e0090c5ae0000a608000982d4
:1092e400df1dcf1dbf1daf1d9f1d8f1d017200000f
:1092f40022bc00d4080090820e0000c58a0500a696
:10930400c29700d4170080fd827600d4270080fd28
:109314001300a8fd42c100d4800200e51020000023
:10932400370080fd9109049082ddffd4000480831e
:10933400d506049311060493dd05049219070492db
:10934400e2b400d43103200343020180402310e53a
:10935400470081fd33020180002310e5570081fda1
:1093640023020180c02210e5670081fd1302018001
:10937400802210e5770081fdf3010184802001e55e
:10938400870080fd15090497d10804979d08049669
:1093940059080496121f0000000813834109049021
:1093a400270180fc426dffd4a70080fd6af9ffae5f
:1093b40062ebffd42af9ffaef81f0000c109049a3a
:1093c4000e0080c54e0000a6080008828f1d0172a1
:1093d400c2b700d4080080820e0000c54effffa66d
:1093e400e2e9ffd40affffaef81ff91ffa1fa0033a
:1093f40091038203c10904980e0000c54e0000a623
:10940400af1d9f1d8f1d01729109049062d6ffd478
:109414000004a08342ae00d4901f00000008918392
:10942400c26d00d49003000091090490401200978b
:1094340001c2eb80b50020804000329500100297f5
:1094440013610000b3040188123022f5a2b1fbd4e9
:109454004003000019000490023900008a0000a6ad
:1094640059000490150004919f720000070025ea3a
:1094740009003088243d0000820000aa000022e593
:1094840042249f72070029ea320300000004838308
:10949400c2a600d44afbffae8026a026b026000058
:1094a40003000098213d0000c20600ae800051e593
:1094b40045390000620600ae400062e1121066f514
:1094c400060417040e000c8e0100008205e32182bd
:1094d40006230c84120065e1121066f5a604b70495
:1094e4000ea0108e400051e1056100006601048663
:1094f400022006860220088602200a86121061f5e0
:10950400a604b7040ea0008e06600080006050829e
:10951400150400000a10028e82020a8002120880da
:1095240006000e8482710680061000840201048005
:109534001174213d22feffaa06340684865200845b
:109544008601068066010086030000988a01008a6d
:10955400820100b00624048486420084060104804b
:109564000a3104840004238686220a840652088071
:109574000a820884062304840622048000042486c4
:109584000700009808000682b02ea02e802e0172db
:109594000f75f81ff91ffa1ffb1ffc1ffd1ffe1f8d
:1095a4008026902660098203013900004a0200a641
:1095b400400061e16061000009003088f1ff0f8024
:1095c400050050804a0000ae2074063daa0100a6a2
:1095d4002003000000204082453d0000220000aa34
:1095e4000020508200204282433d0000c2feffaeb4
:1095f400002032828afeffae31030000f1ff0f80ab
:109604000500508000048583170083fd3565000044
:10961400270083fd09000088370080fd470080fd96
:10962400570080fd09002088670082fd770082fdd5
:10963400870082fd970082fda70080fdb70080fdb2
:10964400cf0380fd03000088df0382fd01006080fa
:10965400c5024280c70084fdd70080fde70080fd7d
:10966400f1390000a24800ae89006088f60130c5d7
:10967400220000aec80026a2600d00000020508227
:10968400002070820020408211390000424a00ae5e
:10969400220020e11900e0880610cdf50900308889
:1096a400530900000900908803b101ac1e65000055
:1096b400aa0800aec001a6e1a03d0000a20700aace
:1096c400540d2439820600aef609d0c5a60600aeb4
:1096d40040033de1c01cb4821d74ce03400300006e
:1096e400190030886a0600ae033900004e0200a853
:1096f400043d0000c20500aa0001a0e5a63d00004b
:10970400820500aef609d0c5c60000ae40033de1b7
:10971400c01cbc821d74ce0340030000f9e33f8fdc
:109724008a0400ae0700008cdf0383fdce034003f0
:10973400f9e33f8fea0300ae043d0000020700aee8
:109744000000a4e5a63d0000420300aef609d0c522
:10975400c60000ae40033de1c01cbc821d74ce03b4
:1097640040030000190030884a0200ae0700009050
:10977400df0384fdce03400319003088aa0100ae44
:10978400ce034003f9e33f8f4a0100aece0340030a
:10979400f9e33f8fea0000aece034003190030889e
:1097a4008a0000aece034003190030882a0000aec0
:1097b400ce0340031200aee122740000210010b871
:1097c4002a0300aeea0300000020028203390000ed
:1097d400aef8ffa6053d0000220000ae9e03500334
:1097e400073d0000220000aa5e0970030000a6e104
:1097f400a53d0000e2f5ffaa2939000002fcffaef6
:10980400f609d0c526fcffae40033de1c01cb98279
:109814001d74ce0340030000f9e33f8faafcffaea2
:10982400ce0340036afcffae37008dfd1d390000f6
:10983400423a00ae03b101b003a7018c40034de1ed
:10984400fbb0018040611c0321032174130002fc5e
:1098540000202282026500040a00008e000c0386a8
:10986400143d00000effffa612006de5163900003e
:10987400420400ae490050881900408803a7018cb7
:109884002a0200ae29030000c00070e1000407862c
:10989400210010b8ca0000ae120092e54076000024
:1098a400c00070e1f1ff07840a10008aa2feffb431
:1098b4002224236100041286120004e1063d000004
:1098c400c20100aa14744574c00005e1002010848c
:1098d40004390000ca3700a6120024e5f1ff008411
:1098e400050300008a00008a420000b6120012e15b
:1098f400aafcffae24030000aafdffae0639000057
:10990400ea0000a6880110a22024000003a7018415
:1099140001610000002000845600048e2a063b06e4
:10992400bc03000009009088090000885009000069
:1099340066011086028012864e0900004a0000aebd
:1099440000200b8219742b74d93d00008a0200a6f2
:1099540000202b82093900003a0300a6800040e56c
:1099640029001088f4390000220000ae080131a259
:10997400400031e15374343de60200aa0300008044
:1099840053900184481e1083120009e1d03d000069
:10999400460500aa003900002efdffa62afdffaef1
:1099a40009390000ca0000a6420d0000800010e53d
:1099b4001a3d000022fdffae00002ae1eafcffaee2
:1099c400420da23d220000aa80000ae5d93d000014
:1099d4004efcffa6aafeffae480224a4f39c018c11
:1099e400c000e4e1e392018c4361216510613e0310
:1099f400600d000002d5ffd453900190481e4083af
:109a04000e0000c50afcffa6093900008af9ffa66a
:109a1400d93d000082fbffae00200e840a90008a2c
:109a2400820000b802041080500d10745009000028
:109a3400aafaffae060000884affffae510d0139b5
:109a4400ca2a00a6121001f5200431040e20008e4b
:109a54000a04008491000886010000822502128213
:109a64000a10008ae22900b807000080cf0380fdb5
:109a7400579001a4539001945d610000190070880f
:109a84000100008205e3418201000082c5e35182a6
:109a9400c20268e1820248e116000e8606700e8852
:109aa40016000c8659656b0d0a0400ae0600048886
:109ab4000a0600ae027006866a0600ae06510284eb
:109ac4008a00008a620000b6122466e10020368310
:109ad400b70083fd31030000210000b80a0200ae84
:109ae4001a74130300a02182227e02040a00008e4d
:109af40000202382120400000a10028e0610008047
:109b040006300084064102848a00008a62fdffba9e
:109b1400122444e100202483a70082fdaafdffaea5
:109b240017742c74210050b8ca2300ae086009824f
:109b34000e0000c54affffa60020ac8213002cfcd7
:109b440080000ae529001088f0390000220000aee8
:109b5400080031a2c80123a4f39c01800361000022
:109b640000200084660102860a10008ae2f9ffb828
:109b740002000486a1610000660102860a10008ac0
:109b840082f9ffb80260068680023ae13b61000078
:109b9400800001e50a6510748000e1e5ae3d000037
:109ba400460000ae213d00006ef9ffa619000088b2
:109bb4002af9ffae02100086000130e1000403869a
:109bc40040740000210010b8aa0200ae086032827e
:109bd4000e0030c5eafeffa6082002b98a0100a6dd
:109be400400130e100202384110033840a31008acb
:109bf400220100b0800130e111000384002043847d
:109c040006400080063104800a2000844afdffae2d
:109c1400021000860afdffae02100086cafcffaee9
:109c240053860180300300001900108866010886fd
:109c3400024006860240048653900198f39c01a4d6
:109c4400420178e1020158e1400321e5ea0000ae57
:109c540002020880122477e100204783570084fd24
:109c640011740000210020b88a0200ae0060138441
:109c74008a20008a42ffffb8002003840a20008a59
:109c8400e2feffb848e046820e0040c58afeffa609
:109c940006100080480024a44961000000201484b8
:109ca4008a20008a42fdffba82010680122455e10f
:109cb40000204583470084fd2afdffae430028fdb4
:109cc40002390000aa0000a6121022f562047304ef
:109cd4000e60008e8a01068461003886530028fdd8
:109ce40002390000aa0000a6121022f5220433044f
:109cf4000e20008e0a02088471004886190010881c
:109d0400660106860230028653900190f39c01940a
:109d1400400321e5ea0000ae71002884aa0200aee7
:109d240006000088ca0200ae11740000210020b8a9
:109d3400ea0200ae006020840a11008a42ffffb8e4
:109d4400002000840a10008ae2feffb848e0348252
:109d54000e0030c58afeffa606200080480023a41a
:109d640035610000002023840a11008a42fdffbaf5
:109d740061002884062000800a10008a02fdffb8d2
:109d84000a30008a02fdffba02000686cafcffae52
:109d9400810038862d390000020f00ae2200ade5a7
:109da40049009088290000884a39000043c290f78e
:109db400a03d0000220e00ae480320a40900108834
:109dc400090070885386018c6601048603a70190fc
:109dd40040772022107400006a0000ae4174000035
:109de400210000b8aa0100aec00021e111000284e4
:109df4000a20008a22ffffb8310012848a20008ad8
:109e0400c2feffb8c80122a42461000086000080bd
:109e140000040286177400000afeffae0739000032
:109e2400ca0a00a617390000420400ae490060883f
:109e34001900508803a7018c2a0200ae2b030000ee
:109e4400c00040e100040486210010b8ca0000ae3e
:109e54001200b2e540760000c00040e1f1ff048446
:109e64000a10008aa2feffb4222423610004128691
:109e7400120005e1703d0000c20100ae1574467485
:109e8400c00006e100201084053900002a0800a65d
:109e9400120025e5f1ff0084060300008a00008a11
:109ea400420000b6120012e1aafcffae2503000036
:109eb400aafdffaec80110a22024000003a701845c
:109ec4000161000000204084120009e1a03d00006f
:109ed400460500aa480212a263860184400309e5ec
:109ee400080023a44386018003610000480226a4dd
:109ef400090050886601068602300486121022f595
:109f04000165407620221074aa0000ae0600008885
:109f14002a0200ae15740000210000b84a0200ae07
:109f2400006011848a20008a62ffffb8800141e149
:109f3400f1ff04840a20008ae2feffb806100080c4
:109f4400620473040e60028e864002840610008050
:109f54000a20008aa2fdffb80a30008aa2fdffbad7
:109f6400020006866afdffae053900006a0000a6fd
:109f7400c1003886d70089fde70085fd902e802e2c
:109f8400ef1ddf1dcf1dbf1daf1d9f1d8f1d0f7743
:109f940001720000000413860af7ffae090000886e
:109fa400970080fd0d390000aae3ffa653900188b5
:109fb400090000881600028606100288f39c0194aa
:109fc400e3920198538601901d030000eadfffae7f
:109fd400000413866ac7ffae09002088370082fd9b
:109fe400cafcffae09001088430020fd213d00009b
:109ff400ea0200a6530020fd213d00008a0200a6cb
:10a00400db0320fc0e0020c52e0200a6e30020fd89
:10a01400213d0000ca0100a6c10010840100008295
:10a0240005e30182090010888a00008a020100b653
:10a0340009001088a30020fd213d00008e0000a629
:10a04400b30010fd09000088103d00005fc010f847
:10a054001a0001e901720000950e0490400021e10c
:10a06400020222e1068020c5820000ae024000c147
:10a074002024000053050184016101720161202440
:10a084005305018401610172c50304d507000080f2
:10a094008103049c626101d401720000f81ff91f5e
:10a0a400fa1ffb1f0900008862fdffd4d1003f8026
:10a0b400c521258009011088423e05d40e0000c543
:10a0c4008e0300a6d1003f80c521858031ffc0806a
:10a0d40035c2b280090190880a0200ae1a0300005a
:10a0e40013610582826cfdd40a03000042fbffd495
:10a0f40000201083cb610582a26dfdd418030000fb
:10a1040003620582426dfdd4b9000088025902d46d
:10a1140018740000210090b8ca0000aec002a8e183
:10a124000a03000082f9ffd40026f0ed0affffa61f
:10a134004afdffaebf1daf1d9f1d8f1d01720000a4
:10a14400f81ff91ffa1ffb1ffc1f0000090080887d
:10a15400d1003f80c521c580530501ac0901908819
:10a164000003a8e1080220a40b61000007400afdd7
:10a174000803000002f7ffd400040a8318740000e7
:10a18400e1fe9fb8910e049000610000e25301d4f7
:10a19400910e049228240000490104a98a0100a612
:10a1a400c22a01d490030000c22901d4380300005c
:10a1b400530501881903007f22c803d407000080d7
:10a1c4007103049ccf1dbf1daf1d9f1d8f1d017208
:10a1d400e22801d4900300006afeffae910e0490c1
:10a1e400017200000900008862f3ffd4d1003f80af
:10a1f400c521258009011088423405d4017200006c
:10a20400c2d003d401720000f81f8003850404d572
:10a21400820000e9003900004e0200a60803000095
:10a22400020c00c900390000ce0300a60803000098
:10a23400023000c900390000ce0300a6020308e979
:10a24400060300c5ea0300a6020108e9003900007c
:10a25400ce0300a6020288e908390000ee0400a635
:10a264008f1d0172c50604d5050304d58900008835
:10a27400a2cd03d4f1117a8005000080010304ab60
:10a28400c2fcffaea2cc03d4030000809103049c63
:10a294008103049c7103049c070000804103049c17
:10a2a400eafdffae850604d509600088c2cb03d45d
:10a2b400cafbffae450604d50980018842cb03d40e
:10a2c400cafbffae050604d5eafbffae450404d580
:10a2d4000901008882ca03d4910e0490450504a79d
:10a2e400080011a44b0501800161000000200082d8
:10a2f40081050494050704d5cafaffae050404d504
:10a304000902008802c903d4910e049011100000c0
:10a3140055050494080021a44b0501800161000047
:10a324000020008281050494050704d5690304a96b
:10a33400ee0100a6490204a94a0200a6010204a9ea
:10a34400eaf8ffa6010204d71102049400390000c0
:10a354006ef8ffa6224d03d4a25405d491010494af
:10a36400030000809103049c8103049c8af7ffaee0
:10a3740055030498410e0498622d01d46d0304a77b
:10a384008afdffaec10204a92a0100a6c50204d7b2
:10a39400c10204a98e0000a6030000809103049c5e
:10a3a4008103049ccaf5ffaee2e6ffd48af5ffae52
:10a3b400990304a94e0000a68d0304a70af5ffae75
:10a3c40022e6ffd4caf4ffaef81f0000c90e04a9a8
:10a3d4004a0100a6790304a9ea0200a6090000883c
:10a3e400110304944103049c070000809103049c1e
:10a3f400890304a94a0200a68f1d0172a2d9fed4c2
:10a4040008008082024201d40e0080c5ea0000a642
:10a414000e0000c56a0000a607000080c10e049c5f
:10a424008afdffae035805822a0000ae4357058219
:10a434008248fdd40afeffae22e8ffd4eafcffae58
:10a4440022e2ffd48afdffaec10e0498017200001f
:10a454009d0304a701720000f81f00009103049af1
:10a4640062ffffd4490204a92e0200a60148e88035
:10a4740015000080890304a92a0000a6a1ff0fb8d3
:10a48400890304a96a0000a6c90e04a94e0200a605
:10a494008d0304a7c90e04a94e0200a622bb03d44f
:10a4a4007d0304a7450504a7080008828f1d0172d7
:10a4b400424203d4810104a98a0000a6030000805b
:10a4c4008103049c4102049c0afdffae024905d4a9
:10a4d400910104942affffae023a01d4423b01d415
:10a4e4006afdffae221201d48afdffaef81f80037d
:10a4f400020110e503000080063f10c5a60100ae6e
:10a50400120018e9013900004e0100a691030498d5
:10a514000e0000c5ce0000a6890304a9ae0000a663
:10a52400a2f9ffd4910e0496070000802a0000ae21
:10a53400030000808f1d0172e2f8ffd40172000055
:10a54400a2ffffd4a23601d402cffed4cd0e04a7bd
:10a554000172000091030498017200004103049801
:10a564000172000081030498017200000300008856
:10a57400fe0000c5260100aefe0110c5e60000aed7
:10a58400410e049c5503049c070000886903049c45
:10a59400890304980e0020c54a0000a60800028220
:10a5a40001720000021c01d46d0304a70700008897
:10a5b4004affffae223701d401720000823701d472
:10a5c4000172000022e6fed401720000110e049014
:10a5d40001720000e2fdfed431dd2480658010802c
:10a5e40000100197480090a201720000e900108851
:10a5f40000040183b37905820172000059050490b7
:10a60400950e049053050180421305d40172000095
:10a614004d0304a7090000881103049491040494d1
:10a624005104049411040494d103049491000494f7
:10a634005100049411000494d106049491060494e6
:10a64400510604941106049415070490d301018063
:10a65400e21505d491070490d10504940172000019
:10a66400f81ff91ffa1f0000080080820800a18269
:10a67400080092821a0010e4030000804e0010c506
:10a68400420000aeaf1d9f1d8f1d017242f5ffd425
:10a69400c90e04a94a0200a6022c01d408000882ab
:10a6a400020001d4090024880800198208000a82e3
:10a6b400820401d442d4ffd4030000806103049ccb
:10a6c400490e049e5503049e070000a0c10e049e7b
:10a6d4008103049cc2f9ffd4080008822afdffae5e
:10a6e40082c2fed4aafdffaef81ff91ffa1ffb1f9a
:10a6f400fc1ffd1f480019a271390000420600ae7c
:10a704003003000049006088061078f5f1ff0f80df
:10a7140005004080400256e525221574800119e1a8
:10a724001900208881390000432152f72a0000ae25
:10a7340061030000002013831300c3fd2300b3fd55
:10a744003300a3fd400024e90003d4e92d61000097
:10a75400c002d4e92d6100008002d4e92d61726148
:10a7640001230c231c610b231b610a231a618161e1
:10a77400420016e103750000a1fd5fb8963d00009c
:10a78400620100ae2624606129240961f1ff0f8073
:10a794000500308006654076202210740060168320
:10a7a400400023e9726101238161000061ff0fb859
:10a7b40078610000dd040495df1dcf1dbf1daf1db2
:10a7c4009f1d8f1d0172000009006088061078f536
:10a7d4004afdffaef81ff91ffa1f00001507049089
:10a7e400d3010180820705d4080080820e0000c5d1
:10a7f4006e0000a608000882af1d9f1d8f1d017208
:10a8040091070490d1050494222f05d490030000ed
:10a81400990e049222efffd41a03000042f6ffd4eb
:10a82400622e05d409650000810004ab220000aa51
:10a8340091000494550004900161000051000494b7
:10a84400050004d5a2c2ffd4626205d42e0000c55f
:10a854000efdffa6d1060490810604eb410604eb2d
:10a86400010604ebc10504ebb920168a29a0278848
:10a8740000390000430002f7d30101840020218342
:10a884009f720000070020ea033900002efbffa698
:10a89400025e05d4eafaffaef81ff91f9003000028
:10a8a4000148e88015008080010794abc20000aa2b
:10a8b400229a03d40e0000c5ea0000a641ff8fb817
:10a8c400690000884a0000ae82beffd409000088f7
:10a8d4009f1d8f1d01720000890000888affffae52
:10a8e400f81ff91ffa1ffb1f80039103a203000046
:10a8f4000800b38202dbffd4a2e8ffd44d01049e1a
:10a9040011010496d5000496a2c1ffd4e2f000d44c
:10a9140019020496850104a7070000804102049ce3
:10a924009103049c8103049c222605d4d101049440
:10a93400290030882903000019001088080300004a
:10a94400621603d4080080820e0000c58a0000a6a7
:10a9540008000882bf1daf1d9f1d8f1d01720000de
:10a96400a2d7ffd44d0104a72affffae0900008837
:10a97400490204a92a0000a6910304981a0000e9d8
:10a9840001720000f81ff91f90030000022305d490
:10a9940080030000490204a9ca0100a6990304a97e
:10a9a4000a0100a6829203d40e0000c5ea0000a6a4
:10a9b400e22105d40865093dc2feffae69000088a6
:10a9c400aa0000ae090000886a0000ae8900008871
:10a9d4002a0000ae090000889f1d8f1d017200002f
:10a9e400f81ff91f910e049288610000029003d4ad
:10a9f40009002088803d0000260000aa000220e50e
:10aa0400110404900010089702610000020011e391
:10aa14009f1d8f1d01720000f81ff91fe21603d459
:10aa2400810104a9aa0100a6221e05d48003000006
:10aa3400e21d05d408650000860100c582ffffae53
:10aa4400e2fcffd49103800362d0ffd44d0104a73c
:10aa5400080319039f1d8f1d01720000821c05d479
:10aa6400910104940afeffae95010490d101049073
:10aa7400400000e501720000f81ff91f4102049a2a
:10aa84000e0080c56a0000a69103049a0e0080c5da
:10aa94006e0000a6080008829f1d8f1d0172000031
:10aaa400c21203d4421a05d490030000021a05d43a
:10aab40009650000860100c582ffffae0300008027
:10aac4009103049c8103049c4afeffae4102049856
:10aad4000e0000c56a0000a603000080990304abc1
:10aae4002a0000a601720000070000808103049c74
:10aaf40029003088d90004901900108811010490ad
:10ab0400620803d49103049c0e0000c5aefeffa6a8
:10ab14008d0304a76afeffae090010885305019057
:10ab240009002488400031e1c01c408211740000f7
:10ab340081ff2fb80172000091020490017200009d
:10ab44005305018001720000f3290582a20ffdd490
:10ab5400150704903b2a0582e218fdd4d50604901b
:10ab64006b2a05828218fdd4150604909b2a05825f
:10ab74002218fdd4d5050490d32a0582c217fdd42a
:10ab840095060490032b05826217fdd455060490a4
:10ab9400432b05820217fdd415050490732b0582ff
:10aba400a216fdd453050184ab2b05820218fdd4f3
:10abb400950e0490bb2b0582e215fdd4950e0490ee
:10abc400480020a45305018410610000e32b058292
:10abd400e216fdd45345018400201183332c0582f1
:10abe4006216fdd46345018400201183532c058231
:10abf400e215fdd44346018400201183732c0582a1
:10ac04006215fdd4017200000e0000c5ea0100a621
:10ac1400030000900800348223e50194080004e452
:10ac2400237f000088e025821a0022e0c80032e178
:10ac34001a0044e041ff0fb823e50180337f000090
:10ac4400c8e41083137403610172000008003082a9
:10ac54002affffae090050880300008c120042e175
:10ac6400190060880239000083a144f7082020827b
:10ac74000e0020c54a0200a6210040b80a0200ae18
:10ac84000e0220c5ce0000a6080c038308202082f3
:10ac94000e0220c58affffa60e0020c50a0100a6e9
:10aca4001574101ffe2120ed0e0020c5eafdffa63d
:10acb400fea120ed0e0020c5aeffffa66afdffae8b
:10acc40005030172f81f0000e10c049a0e0080c510
:10acd4002e0000a68f1d017223e501801a2010e0ca
:10ace400f90c0498880021e5f90c049c227f117f5b
:10acf40010610000420afbd41a0088e4e10c049eaf
:10ad04008afeffae1e72f81ff91ffa1ffb1ffc1ffd
:10ad1400fd1fc0030800b1820e0010c5ea0400a69e
:10ad2400e10c04980e0000c5ce0000a61a00abe0aa
:10ad340003feff830800a0bd060400ae0800d08215
:10ad44008a0100aec2011fe51a0000e4c2f5ffd477
:10ad54004bfe1ffc08001bbd8efeffa62b7f1c03b1
:10ad64008204fbd4003900000efeffa66a0200ae86
:10ad740082faffd4e10c049a7e0080c586ffffae00
:10ad8400f50c049a480309e408000abd06ffffaa6b
:10ad940023e5018c197f0000481c3b83120001e16c
:10ada4002b7f1c0303610000c203fbd448029ae119
:10adb400f50c049e1a0088e0e10c049edf1dcf1df3
:10adc400bf1daf1d9f1d8f1d03720172f81ff91f58
:10add400fa1fa003810d04a9ea0100a6820dfbd489
:10ade400900300398a0100a609008088400218e512
:10adf40000020ae1990d04900e0002d68061983d8c
:10ae0400a20000ae510d0490003900004a0000a6d3
:10ae14000e0000d6aafeffaeaf1d9f1d8f1d01724e
:10ae2400f81ff91ffa1f000033790582e2fcffd4f2
:10ae3400c90d04a9ea0100a6030000a08b7905aaa4
:10ae440023e701a40a03000002fcffd4087f2024a6
:10ae54000961000000200083230000fd62fbffd491
:10ae6400a379058222fbffd41a0088e0c90d84abc4
:10ae740086feffaeaf1d9f1d8f1d0172f81f0000df
:10ae840008008082a37e058202faffd4937e0586a1
:10ae94009b7e05820e0080c5030001f762f9ffd492
:10aea4008f1d0172d37e058202f9ffd40172000066
:10aeb4001e720000cffff0fd03000080dffff0fdf5
:10aec40042000fe522f8ffd403720172f81ff91f44
:10aed400fa1ffb1fa1030000080082820e0000c5b8
:10aee400aa0000a6030000ac08009be4a2fdffd466
:10aef4001a00bbe0a1ff9fb80e0080c5aa0000a6ff
:10af04001a0088e41a76187408a00a8202fdffd495
:10af1400a1ff8fb8bf1daf1d9f1d8f1d01720000c3
:10af2400f81f0000c10c0498d50c0498080001bd5a
:10af3400220100aa23e401a0007f000008e00882a7
:10af440062fbffd4c90c04d4c10c049cd50c049836
:10af5400080001bd06ffffaa8f1d01721e72f81fb3
:10af6400f91f000008008082a2fdffd4d50c049aca
:10af7400e90c84ab6e0100a6dd0c04a7d90c04987f
:10af840023e40184027f00000300008c081c138367
:10af9400c90c049c0800098282f9ffd49f1d8f1def
:10afa40003720172c2001fe508000882c2e2ffd4e6
:10afb4004bff1ffcd50c049c217f100323e401806c
:10afc40002f3fad4aafdffaef81ff91ffa1f00001e
:10afd4000e0000c5ea0000a6030000a4e37e05aa53
:10afe400080089e40a03000002efffd41a0099e084
:10aff40081ff8fb8af1d9f1d8f1d0172f81ff91fb0
:10b00400fa1ffb1f080080820800b182d10c04984b
:10b01400080080bde20000aa23e401a4087f000028
:10b0240008e0098242f4ffd41a0088e0d90c84ab0a
:10b0340046ffffae0e00b0c5ea0000a6030000a460
:10b04400f37e05aac80289e40a030000e2ebffd4f8
:10b054001a0099e081ff8fb8d10c0498330301845e
:10b06400082001e408000be1e2faffd4bf1daf1d84
:10b074009f1d8f1d01720000f81ff91ffa1ffb1f8f
:10b084000800a082080091820e0010c56e0000a680
:10b09400bf1daf1d9f1d8f1d01720000d10c049aae
:10b0a400007f117f1061287f2165000023e401ac3b
:10b0b4001b610b6142ecfad4080289e4d10c049eb2
:10b0c400c90c049e887f000003000080081eb08322
:10b0d4000800198208000a8202f9ffd48afdffae33
:10b0e4004e0400c5ca0300a64e0400c5a60100ae66
:10b0f4002e0400c54a0200a62e0400c5060400aeb4
:10b104001e0400c5de0000a6b10c04980e0000c5a4
:10b114004a0100a61a0000e4b10c049ce2f1ffd439
:10b12400017201728e0400c5ea0300a6ee0700c591
:10b134006a0400a66e0400c5ea0300a601720000ba
:10b14400b10c0498e50c0498080001bd62ffffaa45
:10b154001a0000e0b10c049c02f0ffd4017200005c
:10b16400c10c04980e0000c58afeffa61a0000e474
:10b17400c10c049c0700008062f2ffd4017200003d
:10b18400c10c0498d50c0498080001bd62fdffaa07
:10b19400007f000023e4018408e0018282e8ffd4f8
:10b1a400cd0c04d501720000c10c0498c2f0ffd488
:10b1b400cd0c04a70172000022ebffd40172000041
:10b1c400910c04983e0000c54a0100a64e0000c53b
:10b1d400ca0000a61e0000c50efbffa6c10c049801
:10b1e40022efffd4cd0c04a70172000082e9ffd442
:10b1f40001720000c10c0498d50c0498080001bd2c
:10b20400c2f9ffaa0700008462f3ffd46af9ffae13
:10b21400510d04940172000003000080e2e2ffd4a7
:10b2240001720000010d04c201720000ce72f81f09
:10b23400f91ffa1ffb1ffc1fc900208846001fe5e9
:10b2440082d0ffd4c00300390a0300a6c10d0498bc
:10b254000e0000c5ca0100a6fb0c000023e701a0f4
:10b264001a0000e42024000033e701a8a0610000d4
:10b2740000609883002019830b03000042e7fad48e
:10b2840000390000aa0100a68a3d00000effffa6b7
:10b29400237c0582a2d9ffd4f00c000062d9ffd42c
:10b2a400a379058222d9ffd4c2fbffd4cf1dbf1dd1
:10b2b400af1d9f1d8f1d037201720000130029fd35
:10b2c40046001fe50c0300000e0002d6eafeffaea6
:10b2d4000f0000800d0d04eb01720000010d0498b5
:10b2e4001f0010f801720000c50d049803000088c7
:10b2f400fe0110c5e60000ae1a0021e0c90d049c51
:10b30400117f212423e701881261000000041083c7
:10b31400070000880800028201720000910d049465
:10b3240009001088550d049403000080050d049c49
:10b33400c10d049cd10c049cc10c049cb10c049c54
:10b34400a10c049c910c049c810c049ce10c049cb5
:10b35400f10c049c2375058262fcffd40172000089
:10b36400f81ff91ffa1ffb1ffc1f00000800808252
:10b37400ae0000c5ca0600a6810c049ca50c049866
:10b384001e0010c56a0800a62e0010c5ca0900a632
:10b39400be0100c52a0b00a6de0000c56a0b00a68c
:10b3a400ae0000c52a0b00a68e0000c58a0d00a6bb
:10b3b400fe0700c54a0d00a61e0000c50a0e00a621
:10b3c4005e0000c54a0e00a65e0100c54a0e00a636
:10b3d400be0000c5ea0e00a67e0100c54a0f00a605
:10b3e400087f0000020200e5e60500c5260600ae5f
:10b3f400d50c049a097f1074f60300c5a60500aea7
:10b40400c10c049bbc7f297f2b65000023e401a8a9
:10b4140080021be112000be10a61000002d1fad4a0
:10b42400c81ea8831a0099e0d50c049e1a000ce0eb
:10b43400c10c049c997f000003000080481ea08377
:10b444000800108208000c8282ddffd42a0300aebb
:10b45400850c0498de0010c56a0100a62b00008448
:10b46400850c049ca50c04981e0010c58a0200a635
:10b474002e0010c5cef8ffa6ad0c04a70800088264
:10b48400e2e2ffd46a0100ae2b000080810c049c30
:10b494000a0100ae0b000084be0500c56a0000a6c8
:10b4a40003000088fe0400c54b0012f6a50c049ca2
:10b4b4009d0c04a7cf1dbf1daf1d9f1d8f1d0172c5
:10b4c400030000842affffae0a0310e49e0010c5a7
:10b4d400820000aebe0300c5eefcffa69d0c04a7cf
:10b4e4008afeffae910c0498a60000f60a0300e45d
:10b4f400080088e1910c049ecafdffae070000809d
:10b50400a10c049c9d0c04a74afdffae82d0ffd47d
:10b51400a3790582a2c5ffd423e401a4d50c049821
:10b52400017f0000030000a0081c988309030000a9
:10b5340082beffd4010d049e0903000062e7ffd41c
:10b54400d10c049ec10c049ee10c0498b10c049c23
:10b55400050d04981a0001e902c9ffd4aafaffae46
:10b56400c90c04a96afaffa607000080c2d2ffd45e
:10b5740007000084c90c04d6e2d7ffd4aaf9ffaeb1
:10b58400c10c049802d2ffd4cd0c04a72af9ffae53
:10b5940062ccffd4eaf8ffaec10c049842d1ffd4c8
:10b5a400cd0c04a7d50c04980300008042d6ffd428
:10b5b4000af8ffaec10c0498d50c0498480010e5b5
:10b5c400a2d5ffd46af7ffaecd0c04980e0030c5a7
:10b5d4000af7ffa6037f107623e4018408e00182c2
:10b5e4000e0200c56e0400a61a0013e41fe40180d5
:10b5f4001061000008008382080003821a0088e4b6
:10b60400210000b84a0200ae084021820e0220c583
:10b614004affffa6087f107623e4018408e0018234
:10b624000e0200c54a0100a61a0018e41fe40180b6
:10b6340010610000080008821a0088e4210000b8a4
:10b644006a0000ae084021820e0220c54effffa60c
:10b65400080038bde2f2ffaec80098e40800098291
:10b6640022cbffd4080019820800088242d0ffd4fc
:0cb674000af2ffae080083826afdffae00
:020000040000fa
:0200000400807a
:10b680005b646163746573745d2074686520444d08
:10b6900041206368616e6e656c20737769746368be
:10b6a000656420697473656c66206f66660d0a00b8
:10b6b0005b646163746573745d206e6f2064617494
:10b6c000610d0a005b646163746573745d205041b1
:10b6d00053533a2061206368616e67696e67207317
:10b6e00069676e616c206172726976657320696e3c
:10b6f00020746865206275666665722c20696e200c
:10b700006f7264657220616e640d0a5b64616374bc
:10b710006573745d202020776974686f757420618b
:10b7200020627265616b202d20746865204144435e
:10b7300020636f6e766572747320616e6420746826
:10b740006520444d41206d6f766573206576657286
:10b75000790d0a5b646163746573745d20202072e7
:10b760006573756c7420696e746f207468652072df
:10b770006967687420706c6163650d0a00000000e1
:10b780005b646163746573745d204641494c0d0ac6
:10b79000000000005b646163746573745d206e6f0c
:10b7a000204441432069732072756e6e696e672074
:10b7b0002d206e6f7468696e6720746f20746573d6
:10b7c000740d0a005b646163746573745d204441a9
:10b7d0004320756e697400005b6461637465737403
:10b7e0005d2044414320747269616e676c6520740a
:10b7f00068726f756768204144432c20444d412096
:10b80000616e64207468652070696e672d706f6e5c
:10b8100067206275666665720d0a5b6461637465b4
:10b8200073745d206f6e65206275666665722c208c
:10b830007468652073747265616d2073746f7070c5
:10b8400065642066726f6d2074686520444d4120e8
:10b85000696e746572727570742c20736f207468d1
:10b86000650d0a5b646163746573745d2077696e4e
:10b87000646f7720697320636f6e746967756f7585
:10b880007320616e64206e6f7468696e67206f76d6
:10b890006572777269746573206974207768696c62
:10b8a0006520697420697320726561640d0a000067
:10b8b0005b646163746573745d20202041444320a0
:10b8c000636f7265000000005b646163746573748c
:10b8d0005d202020696e707574202850494e5345b4
:10b8e0004c2900005b646163746573745d202020e3
:10b8f00073616d706c657320696e20746865207764
:10b90000696e646f77005b646163746573745d2056
:10b9100020206578706563746564206d696e2028e9
:10b920004441434c4f5729005b64616374657374f1
:10b930005d2020206578706563746564206d617892
:10b94000202844414344415429005b646163746589
:10b9500073745d202020747269616e676c6520705d
:10b960006572696f64206e73000000005b64616340
:10b97000746573745d20202077696e646f77206e24
:10b980007320657870656374656400005b6461634f
:10b99000746573745d202020747269616e676c65d4
:10b9a00020736c706461742063686f73656e2066c9
:10b9b0006f72206974005b646163746573745d20e9
:10b9c0002020636f756c64206e6f742072657374d1
:10b9d000617274207468652044414320617420744e
:10b9e0006861742073706565640d0a005b6461634f
:10b9f000746573745d2020206275727374732062a5
:10ba000065666f7265207468652073746f700000de
:10ba10005b646163746573745d207469636b732028
:10ba20006f76657220616c6c20627572737473201e
:10ba30002831322e35204d487a2900005b6461633d
:10ba4000746573745d206e73207065722062757208
:10ba500073742077696e646f77005b6461637465eb
:10ba600073745d2073616d706c6520726174652004
:10ba70006b737073000000005b64616374657374c2
:10ba80005d20747269616e676c6520706572696fa4
:10ba90006420696e2053414d504c455320286d65fc
:10baa00061737572656429005b64616374657374a6
:10bab0005d20726576657273616c20687973746558
:10bac0007265736973207573656400005b646163fc
:10bad000746573745d20747269616e676c65207043
:10bae0006572696f64206e73204d45415355524510
:10baf000442066726f6d2074686520646174610013
:10bb00005b646163746573745d20202074686520d4
:10bb100073616d6520636f6d707574656420667206
:10bb20006f6d2074686520444143207265676973b6
:10bb300074657273000000005b6461637465737404
:10bb40005d2020202874686520636f6d70757465b2
:10bb500064206f6e65206973206b6e6f776e206e48
:10bb60006f7420746f206d617463682074686973ea
:10bb7000206861726477617265202d0d0a5b6461d3
:10bb800063746573745d20202020697420697320bc
:10bb90007072696e74656420666f722074686520c7
:10bba0007265636f72642c206e6f7468696e6720b3
:10bbb0006973206a756467656420616761696e7383
:10bbc00074206974290d0a005b6461637465737481
:10bbd0005d206d696e005b646163746573745d20e4
:10bbe0006d6178005b646163746573745d2070657a
:10bbf000616b2d746f2d7065616b00005b64616318
:10bc0000746573745d206c617267657374207374fe
:10bc10006570206265747765656e2074776f207338
:10bc2000616d706c657300005b646163746573744f
:10bc30005d20736c6f706520726576657273616ce0
:10bc400073005b646163746573745d206f76657205
:10bc500072756e20647572696e6720746865206203
:10bc600075727374000000005b64616374657374c3
:10bc70005d2066697273742032342073616d706c5c
:10bc800065732028636f6e736563757469766529c3
:10bc90003a0d0a005b646163746573745d20202053
:10bca000000000005b646163746573745d206576f9
:10bcb00065727920363474682073616d706c65200c
:10bcc0006163726f7373207468652077696e646f47
:10bcd000773a0d0a000000005b6461637465737459
:10bce0005d2020204641494c3a2054484520574980
:10bcf0004e444f5720495320464c4154202d206e2e
:10bd00006f206368616e67696e67207369676e6133
:10bd10006c20617272697665732e0d0a5b646163d3
:10bd2000746573745d2020202020456974686572f5
:10bd3000207468652044414320646f6573206e6ff2
:10bd400074207265616368207468697320696e701d
:10bd500075742c206f722074686520444d412069f1
:10bd6000730d0a5b646163746573745d2020202029
:10bd700020636f7079696e67206120726573756cde
:10bd800074207265676973746572207468617420c9
:10bd90006e65766572206368616e6765732e0d0a45
:10bda000000000005b646163746573745d207374ec
:10bdb0006570206c696d697420666f7220746869a3
:10bdc00073207377696e67005b6461637465737475
:10bdd0005d2020204641494c3a2061206a756d70f3
:10bde00020666172206c6172676572207468616e92
:10bdf00020746865207369676e616c206d616b6586
:10be000073206265747765656e2074776f0d0a5bc9
:10be1000646163746573745d20202020206e656901
:10be20006768626f7572696e672073616d706c65ab
:10be300073202d20612073616d706c652069732003
:10be40006d697373696e672c206f7220746865204a
:10be500077696e646f770d0a5b64616374657374f0
:10be60005d202020202069732061207365616d2092
:10be70006265747765656e2074776f207772697478
:10be800065730d0a000000005b6461637465737480
:10be90005d2020206e6f74653a206d696e696d7546
:10bea0006d2062656c6f77204441434c4f570d0afb
:10beb000000000005b646163746573745d20202082
:10bec0006e6f74653a206d6178696d756d20616281
:10bed0006f7665204441434441540d0a0000000040
:020000040000fa
:0200000400807a
:10bee0001a0000e407000084080001bd070000807c
:10bef000220000ae030000800172000053ed0180bb
:10bf00006b0000fc0e0000c54e0000a653ed018042
:10bf1000eb0000fc017200004901108810150000c0
:10bf20005373058a40e01283002081c20020f1c2d1
:10bf30001dd401c3002001c253ed0188080033a4c1
:10bf400032616374070000800804308301720000ce
:10bf500053ed018c080032a4800003e1130000fcc3
:10bf600080e0538245020465400300000801f5a10a
:10bf700040014195001001971461427480e02382d2
:10bf8000227e0000121022f5512400000b0050e028
:10bf9000a257fad401720000f81ff91ffa1ffb1f05
:10bfa0000800b0829102a2028302000082f9ffd44d
:10bfb0000e0000c50a0200a6030000800838000039
:10bfc000aa0100a6187e397e21030000d20c20c1f0
:10bfd000323d0000060100aa2a7e0000298307885e
:10bfe000000011e503000080213d0000460000ae86
:10bff0009a3c0000660000aabf1daf1d9f1d8f1d4b
:10c0000001720000c2fbfdd40e0000c54affffa66e
:10c010000b7f10765373058e4901108810150000b0
:10c0200040e043830020f4c0820021e180e02383cc
:10c030003b0052fc754000003f0025fd330000949a
:10c04000402544ea420041e100e143830004498283
:10c0500017004afcc174000040e0138300041882fa
:10c060003b0012fc214200003f0021fd3b0012fc7e
:10c07000714200003f0021fd080032a453ed01840d
:10c0800012612103291e000000042a82270018fce7
:10c09000070000887f0012fde2f3ffd4cafaffae6a
:10c0a000f81ff91f080090828102000082f1ffd47e
:10c0b0000e0000c5aa0000a6cffcff871860000094
:10c0c0000300008056e610c4420000ae9f1d8f1d85
:10c0d0000172000042f5fdd40e0000c56affffa604
:10c0e000097f1076537305924901108810150000de
:10c0f00040e024830020f2c0820031e1c0e03483bc
:10c100003b0053fc754000003f0035fd3b0053fcf5
:10c11000254000003f0035fd3300008cc02422ea9a
:10c120004174000040e01483170018fc080032a49a
:10c1300053ed018412612103281e000000042882af
:10c14000420031e101002088000432827174000055
:10c150000804128302eeffd48afbffaef81ff91f1a
:10c160000800808291020000a2ebffd40e0000c5ff
:10c17000ca0000a6887f1876490100888015000053
:10c180006373058200e00883170009fc9f1d8f1d63
:10c1900001720000f81f00000800808202eaffd44c
:10c1a0000e0000c54a0300a6087f10765373058e63
:10c1b000490110881015000040e023830020f2c0e0
:10c1c000002082c08174000040e013833b0021fc0a
:10c1d000724000003f0012fd3b0021fc22400000a5
:10c1e0003f0012fd3024000053ed01840161000086
:10c1f000620020e1030000840804218370740000c1
:10c2000008040183a2e7ffd40e0000c52a0000a69f
:10c210008f1d01721dd401c1e2effdd48affffae74
:10c220000700008062fbffd40b00008022fbffd4dc
:10c2300001720000f81f00000800808202e5ffd4b0
:10c24000090010880e0000c58a0000a6887f3824e7
:10c2500053ed018080610000ebff18fc1a0001e93a
:10c260008f1d0172f81f00000800808282e3ffd456
:10c27000090010880e0000c58a0100a6887f187684
:10c2800053ed0184080232a4216142742b0002fca8
:10c29000090010880e0000c58a0000a653ed018039
:10c2a0003824806178740000002018ff1a0001e92a
:10c2b0008f1d0172f81f00000800808202e1ffd488
:10c2c000010010880e0000c58a0000a6887f38246f
:10c2d00053ed018080610000c3ff18fc01028f1d37
:10c2e00001720000f81f00000800808282dfffd486
:10c2f000010010880e0000c58a0000a6887f38243f
:10c3000053ed018080610000d3ff18fc01028f1df6
:10c3100001720000f81f00000800808202deffd4d6
:10c32000010010880e0000c58a0000a6887f38240e
:10c3300053ed018080610000e3ff18fc01028f1db6
:10c3400001720000f81f00000800808282dcffd428
:10c350000e0000c5ca0000a6887f18764901008833
:10c36000801500009373058200e008832a0000ae68
:10c37000b37e05828f1d017253ed0180eb0010fc2e
:10c380000b0000800e0010c54e0000a653ed01808a
:10c390006b0000fc01720000f81ff91f080080828a
:10c3a000e2d9ffd4090090880e0000c54e0000a617
:10c3b00009039f1d8f1d0172887f1876a2ecfdd4a2
:10c3c0009003000053ed0184080232a421614274fd
:10c3d0003b0002fc0e0000c52a0200a6080231a4a0
:10c3e00053ed018001610000230000fc00380000d3
:10c3f000aa0100a609390000aafdffa601a0ac8091
:10c4000095c311800803000022daffd4121029f529
:10c41000002d11318233fad4900300008afcffae64
:10c42000090090884afcffae090090880afcffae24
:10c43000f81ff91ffa1f000008008082a103000006
:10c44000e2d4ffd4090090880e0000c55e0000a66b
:10c450000903af1d9f1d8f1d0172887f1876000094
:10c4600082e7fdd49003000053ed0184080232a45a
:10c47000216142743b0002fc0e0000c54a0200a686
:10c48000080231a453ed018001610000230000fc8b
:10c4900000380000ca0100a6093900008afdffa685
:10c4a00089e211880803000022d5ffd440002a95b4
:10c4b0008012009712610000121029f5422efad462
:10c4c000900300004afcffae090090880afcffae12
:10c4d00009009088cafbffae320221021002000060
:10c4e0000b00008082d5ffd4017200001002000012
:10c4f0000b00008042ddffd401720000100200003a
:10c500000b000080a2e2ffd4017200000b0000804b
:10c5100002e4ffd4017200000b000080a2e8ffd407
:10c52000017200000b000080c2e9ffd4017200001c
:10c530000b000080e2ebffd4017200000b000080d2
:10c5400002edffd4017200000b00008022eeffd448
:10c55000017200000b000080e2f1ffd401720000c4
:10c56000100300000b00008022f6ffd401720000cf
:10c570001db203c115b20398710000ca0d0031ca83
:10c5800015b2039c1a0000e905b20398ee0311ed01
:10c59000480010eb05b2039c1db203c315b203980b
:10c5a0004f0031f8090000887e0010c54a0000a63f
:10c5b0001a0000e90172000011b203983f0470f8fc
:10c5c0006affffae1db203c101b203c001720000d9
:10c5d00011b20398f20000e901720000f81f800315
:10c5e0002900208809001088234505820e0008d6fe
:10c5f00015d4019009002088634505820e0008d6f5
:10c6000095d4019009002088934505820e0008d634
:10c6100015d5019009002088b34505820e0008d683
:10c6200055d5019009002088d34505820e0008d613
:10c6300095d5019009002088034605820e0008d692
:10c64000d5d5019009002088334605820e0008d612
:10c6500055d6019009002088534605820e0008d661
:10c6600095d6019009002088734605820e0008d6f1
:10c67000d5d6019009002088a34605820e0008d671
:10c6800015b2039009002088d34605820e0008d613
:10c6900002d6fdd41900208810030000f34605825d
:10c6a0000e0008d68f1d01721a0020e403000084da
:10c6b0004e0020c5e60000ae007f107649031088ca
:10c6c00001150000d3040184b3e6048a800410e15c
:10c6d00007000084080001820172000051130490d9
:10c6e0000820008201720000511304900b0300fc2b
:10c6f0000172000051130490630000fd01720000fc
:10c7000051130490730000fd017200005113049056
:10c71000930010fda30000fd002001e9090010882e
:10c72000013d000022c000f11f0010f8017200005e
:10c7300051130490730010fd00201183930000fd3d
:10c740000904008801720000f81ff91ffa1f000099
:10c75000080090820800818251130490130010fd9c
:10c760001b0001fc704000001f0010fd51130490dd
:10c77000430010fdfa0039e93b0001fc0e0300ed17
:10c78000080003eb3f0010fd51130490430000fd2f
:10c790003b0010fc010000ca0d0451ca3f0001fd1e
:10c7a00051130490430010fd3b0001fc7040000059
:10c7b0003f0010fd51130490430010fd3b0001fcad
:10c7c000604000003f0010fd51130490430010fd35
:10c7d000fa0138e92b0001fc0e0200ed080003eb22
:10c7e0002f0010fd51130490430000fd082010821b
:10c7f000210000ca2d0471ca08040183511304905a
:10c80000430000fd1b0010fc010000ca2d0471ca8a
:10c810001f0001fd51130490430010fd2b0001fc8b
:10c82000504000002f0010fd51130490430010fdf4
:10c830002b0001fc604000002f0010fd51130490fc
:10c84000430000fd08201082110000ca0d0051caeb
:10c850000804018351130490430000fd1b0010fce9
:10c86000210000ca0d0051ca1f0001fd51130490a0
:10c87000530000fd0004028359130492b3001afd13
:10c880000303009c1900608843020094c9003088ab
:10c89000480050a220240000c00140e1f20121e93b
:10c8a000840122ad22790000802444e90561000062
:10c8b000802400e911740000a1fe3fb813001afda6
:10c8c0001b0001fc704200001f0010fd511304907a
:10c8d000130020fd327400000148e880150010802c
:10c8e000002002ff3f04e0f80e0000c56e0000a625
:10c8f00061ff1fb859000088e26504d4c35805825f
:10c90000626404d4197f000003000088c3590582c3
:10c91000226404d4187f000003000088035a0582b3
:10c92000a26304d4af1d9f1d8f1d01725913049083
:10c93000430032fdfa0000e93b0023fc0e0322ed28
:10c94000880020eb3f0032fd51130490430020fd8e
:10c95000fa0101e92b0012fc0e0211ed480010eb68
:10c960002f0021fd0172000051130490430000fdcf
:10c9700008201082210000ca2d0471ca0804018316
:10c9800051130490430000fd1b0010fc010000ca7d
:10c990002d0471ca1f0001fd51130490430000fdd6
:10c9a00008201082110000ca0d0051ca080401833a
:10c9b00051130490430000fd1b0010fc210000ca2d
:10c9c0000d0051ca1f0001fd0172000055130490b3
:10c9d000430011fdfa2711e955130490430011fd9e
:10c9e0001b0021fc010000ca2d0472ca1f0012fda9
:10c9f00055130490430011fdfa0300e90e2021edc8
:10ca0000880410eb51130490430000fd1b0010fc40
:10ca1000010000ca0d0051ca1f0001fd0172000093
:10ca200055130490430011fd03ffff8b882411eb85
:10ca300055130490430021fd000060a41b0012fc6c
:10ca4000fa0311e9480010eb1f0021fd5113049077
:10ca5000430000fd08201082110000ca0d0051cad9
:10ca60000804018351130490430000fd1b0010fcd7
:10ca7000210000ca0d0051ca1f0001fd0172000013
:10ca800055130490430021fdfa0300e91b0012fc3a
:10ca90000e0011ed480010eb1f0021fd0172000097
:10caa00003000084080001bd22c000f11f0010f83f
:10cab00055130490430021fd1a0000e9000050a422
:10cac0002b0012fcfe0111ed480000eb2f0020fdb1
:10cad0000172000051130490430000fd2b0000fc84
:10cae0001f0450f80172000051130490130010fd50
:10caf0000100008005e00180002001e901720000d2
:10cb000051130490170000844824f0edce0100a6d4
:10cb1000c36d058a09000088f90010884a0000ae3c
:10cb2000210010b8ea0000ae00603283f9034088ab
:10cb3000002133e9033900002affffa6107400002a
:10cb4000eafeffae01720000f96300880172000086
:10cb5000e50d00c0e50a00c00515049c0e0000c5e7
:10cb6000aa0000a681160098310000ca0d0460ca10
:10cb70008116009ce50d00c201720000551304905f
:10cb8000130021fd000020a42b0012fc3a0011e943
:10cb9000480010eb2f0021fd01720000511304909a
:10cba000430000fd082000822f0470f8017200008d
:10cbb00051130490430000fdfa2300e901720000c4
:10cbc00051130490430000fd1b0000fcfa0300e930
:10cbd0000172000051130490430000fd1b0000fc93
:10cbe0002f0470f80172000051130490130000fd2f
:10cbf0002b0000fc2f0070f801720000511304900c
:10cc0000130000fd3b0000fc3f04e0f8017200004f
:10cc100055130490530011fd0004108301720000ad
:10cc200051130490130010fd1b0001fc7040000024
:10cc30001f0010fd51130490730010fd002011839c
:10cc4000930000fd09040088017200005113049054
:10cc5000130010fd1b0001fc704200001f0010fdbe
:10cc600051130490130030fd0148e8801500008046
:10cc700033742003002013ff7f04e1f80e0010c579
:10cc80004e0000a61076000041ff2fb80900108862
:10cc9000013d000022c000f11f0010f801720000e9
:10cca00051130490430000fd3b0000fcfa0000e932
:10ccb0000172000051130490430000fd2b0000fca2
:10ccc000fa0100e90172000051130490730010fd95
:10ccd00000201183330000fd0c2000c2017200000f
:10cce000f81f80032900208809001088a3100582fe
:10ccf0000e0008d622cfffd4107f00001900208834
:10cd0000e31005820e0008d651130490130000fdb5
:10cd10000020108309002088031105820e0008d628
:10cd200051130490230000fd002010830900208887
:10cd3000231105820e0008d651130490430000fd14
:10cd40000020108309002088431105820e0008d6b8
:10cd500051130490530000fd002010830900208827
:10cd6000731105820e0008d651130490630000fd74
:10cd700000201083090020889b1105820e0008d630
:10cd800051130490730000fd0020108309002088d7
:10cd9000c31105820e0008d651130490b30010fd94
:10cda00019002088f31105820e0008d6c2e9ffd4cd
:10cdb0000900208810030000131205820e0008d617
:10cdc00051130490830000fd002010830900208887
:10cdd000a31205820e0008d651130490930000fda3
:10cde0000020108309002088031305820e0008d656
:10cdf00051130490a30010fd0900208863130582dd
:08ce00000e0008d68f1d01721f
:020000040000fa
:0200000400807a
:10ce0800636861696e20616c6c207c20636861696d
:10ce18006e203c302e2e393e207c20636861696e7e
:10ce28002066726f6d203c302e2e393e207c2063a8
:10ce38006861696e2072756e203c6b7370733e205a
:10ce48005b7365636f6e64735d0073747265616da7
:10ce5800206f6e203c6b73707320312e2e3430306f
:10ce680030303e205b3c636f726520312e2e353e9c
:10ce7800203c70696e73656c20302e2e31353e2053
:10ce88005b3c73616d6320302e2e33313e5d5d2037
:10ce98007c2073747265616d206f6666207c2073d8
:10cea800747265616d2067726162207c2073747290
:10ceb80065616d00726f757465206c697374202ddf
:10cec800207468652061637469766520726f757473
:10ced8006528732920616e64207468652072657303
:10cee8006f75726365207461626c65007265736545
:10cef80074007265736574202d20736f6674776192
:10cf0800726520726573657400000000f4ce8000bd
:10cf1800e0518000face800073747265616d000084
:10cf280073747265616d206f6e203c6b7370733e15
:10cf3800205b636f72652070696e73656c205b732c
:10cf4800616d635d5d7c6f66667c67726162202dd2
:10cf58002074686520636861696e20737472656106
:10cf68006d696e672c206d61696e28292070726f5b
:10cf780063657373696e672c206f6e652068616cda
:10cf8800742f7472616e736665722f726573746143
:10cf98007274206379636c650000000020cf800004
:10cfa800945c800028cf8000636861696e006368c4
:10cfb80061696e20616c6c7c3c6e3e7c66726f6d44
:10cfc800203c6e3e7c72756e203c6b7370733e2005
:10cfd8005b735d202d2074686520636861696e202d
:10cfe8007465737400000000b0cf8000a05f8000fb
:10cff800b6cf8000706c6c00706c6c203c70313e59
:10d00800203c70323e202d20504c4c31206f7574de
:10d01800707574206469766964657273203d207444
:10d0280068652073616d706c6520726174650000bd
:10d03800fccf8000e457800000d08000636c6b0058
:10d04800636c6b203c3130302e2e313030303e2036
:10d058002d20434c4b47454e3620646976696465fc
:10d0680020726174696f2078203130302028646f15
:10d078006573204e4f54206368616e67652074683d
:10d08800652072617465290044d08000a45880002e
:10d0980048d080006c6564006c6564206f6e7c6f9e
:10d0a80066667c6175746f202d204c454430000005
:10d0b8009cd080003c598000a0d08000636c6561e2
:10d0c8007200636c656172202d207a65726f20741e
:10d0d8006865206572726f7220636f756e74657211
:10d0e80073000000c4d08000f4518000cad08000d2
:10d0f80064756d700000000064756d70205b636f6f
:10d10800756e745d205b6f66667365745d202d2097
:10d1180073616d706c6573206f662074686520623a
:10d1280075666665722028736e6170206669727311
:10d1380074290000f8d08000c859800000d1800010
:10d148007374617473007374617473202d206d6936
:10d158006e2f6d61782f6d65616e206f6620746823
:10d168006520636f6d706c657465642068616c66ba
:10d178000000000048d180003c4f80004ed1800064
:10d1880073656c66746573740000000073656c6683
:10d1980074657374202d2073616d706c65207468dc
:10d1a8006520696e7465726e616c20726566657261
:10d1b800656e63650000000088d18000045280001d
:10d1c80094d18000646163746573740064616374ee
:10d1d800657374205b68616c7665735d202d206ac9
:10d1e80075646765207468652072756e6e696e6710
:10d1f80020444143277320747269616e676c65200f
:10d208007468726f756768207468652063686169ff
:10d218006e000000ccd1800088618000d4d18000ed
:10d2280064616300646163203c317c323e203c6f62
:10d238006e7c6f66663e205b6c6f775d205b68690d
:10d2480067685d205b736c706461745d202d207469
:10d258007269616e676c65206f6e204441434f555b
:10d2680054312f320000000028d28000fc54800086
:10d278002cd2800062756600627566205b6e5d2048
:10d288002d2073616d706c657320706572206275f6
:10d29800666665722068616c66202831362e2e31ec
:10d2a8003032342c206576656e2900007cd28000ef
:10d2b800a456800080d28000636f72650000000071
:10d2c800636f7265203c312e2e353e205b70696e8f
:10d2d80073656c5d202d20737769746368207468aa
:10d2e800652041444320636f72650000c0d280000e
:10d2f80034578000c8d28000696e70757400696efa
:10d30800707574203c302e2e31353e202d20616ef4
:10d31800616c6f6720696e707574202850494e5390
:10d32800454c290000d38000b85b800006d38000fc
:10d3380073616d630000000073616d63203c302ee3
:10d348002e33313e202d2073616d706c6520746919
:10d358006d6520696e2054414420737465707300b4
:10d3680038d380000c5c800040d3800073746f70e9
:10d378000000000073746f70202d2073746f70208c
:10d388006166746572207468652063757272656e73
:10d3980074206275666665720000000074d38000b0
:10d3a800944f80007cd3800073746172740073742e
:10d3b800617274202d207374617274207468652002
:10d3c80062757273742073747265616d0000000079
:10d3d800b0d38000a84f8000b6d38000726f7574f8
:10d3e8006500726f757465206c697374202d2074e4
:10d3f80068652061637469766520726f7574652845
:10d40800732920616e6420746865207265736f7576
:10d41800726365207461626c65000000e4d380006b
:10d42800605c8000ead380007265677300000000ca
:10d4380072656773202d20636c6f636b2c204144e9
:10d44800432c20444d4120616e64205541525420a4
:10d4580072656769737465727300000030d4800068
:10d46800384d800038d4800073746174757300007f
:10d47800737461747573202d2072756e20737461d6
:10d48800746520616e6420636f756e7465727300d5
:10d4980070d48000bc4f800078d4800076657273a9
:10d4a800696f6e0076657273696f6e202d206275e4
:10d4b800696c642069642c206769742072657669d8
:10d4c80073696f6e2c20626f6172642c20636f6ebb
:10d4d80066696775726174696f6e0000a4d4800014
:08d4e800a8528000acd48000c2
:020000040000fa
:0200000400807a
:10d4f00095130490013900002a0200a623de01885a
:10d500004b0022fc080002bdea0100a673de018880
:10d510000900308813651374210010b8ca0000aeea
:10d52000027500000bff42fc080040bd3effffa655
:10d5300007000080017200000300008001720000fb
:10d5400003000080017200000700008001720000eb
:10d550009113049000390000ca0100a623de01885f
:10d56000080041a4126100000900008812650177db
:10d57000412211746a0000ae10740275210010b8c7
:10d580008a0000ae39003088c024f2ed4effffa6bd
:10d590003affffae017200009113049000390000c1
:10d5a000ca0100a653de0188080041a412610000f0
:10d5b0000900008812650177412211746a0000aeeb
:10d5c00002750000210010b88a0000ae0224f2e5c6
:10d5d0006affffa6107400002affffae0172000070
:10d5e0009113049000390000ea0100a623de0188af
:10d5f000080041a41261000009000088126501774b
:10d60000412211746a0000ae02750000210010b8ba
:10d61000aa0000ae29003088c024f2ed4effffa61c
:10d62000107400000affffae017200009113049015
:10d6300000390000ea0100a623de0188080041a4a9
:10d6400012610000090000881265017741221174ff
:10d650006a0000ae02750000210010b8aa0000aefa
:10d6600019003088c024f2ed4effffa603610000d0
:10d670000affffae01720000911304900039000010
:10d680006a0200a623de018840240000000032e187
:10d690000900008809004888326503774322137423
:10d6a000ca0000ae04610000330011fd1161016188
:10d6b00002750000210030b8aa0000ae120300007d
:10d6c000390050884025f2edcefeffa6cafeffae1f
:10d6d0000172000099130490880043a423de0184a2
:10d6e00013613f72006c108301770077e3040180bf
:10d6f000120402e10172000003000088330030fdd3
:10d7000003390000ce0000a600202083023900006b
:10d71000aa0000a622390000ca0000a60300008863
:10d7200008000282017200000d04108807000088c2
:10d730006affffae1d0410886b0020fc0b00008008
:10d74000080020bd9fc010f8aafeffae10390000ef
:10d750002a0100a6003900002a0100a62039000095
:10d760002a0100a66b7805863378058a30390000d7
:10d77000430002f7017200009378058201720000f5
:10d780003b780582017200004b780582017200002f
:10d7900010390000ea0000a600390000ea0000a6e7
:10d7a000a37a05863378058a20390000430002f702
:10d7b00001720000c37a058201720000937a05822b
:10d7c000017200001a0020e40300008c4e0020c506
:10d7d000860200aefe0010c5460200ae207f127623
:10d7e000017f0000800032e1737c0592c0e034824a
:10d7f00043020000040104ab120044e90700008c5e
:10d8000004390000ee0000a60300008c7e0010c565
:10d81000860000ae9b7c058688e03182c40003aba5
:10d820001a0033e90800038201720000f81ff91f93
:10d83000fa1ffb1f900300004b0080fc0e0080c508
:10d840006a0100a65b0010fc08000882a2fbffd45e
:10d85000190020880e0000c52a0700a608000882cb
:10d8600062e4ffd4290020880e0000c58e0600a6c1
:10d870000020b9833300a9fda2e6ffd439008088d7
:10d88000b83d000022c080f11f0218f8806100003e
:10d8900022e8ffd409001088a13d000022c020f139
:10d8a0009f0012f80261813d22c010f15f0011f863
:10d8b000106100003900208881390000060400aea4
:10d8c000086100004900208880390000860300ae0e
:10d8d0002b390000ca0000a61b3900006a0300a60d
:10d8e000a2ecffd43b3900000a0100a6ca0000ae3a
:10d8f00062e7ffd41074000059002088203900002e
:10d90000e60100ae82ebffd4020001c1aa61a06172
:10d91000790020880600aec5260100ae230009fd6f
:10d920008900208820390000ae0000a695130490dd
:10d930000900208899000088760110c503c022f7ed
:10d940000203bf1daf1d9f1d8f1d0172e2e6ffd4b4
:10d9500010740000690020881039000006ffffae37
:10d96000a2e8ffd40afdffae851304a701720000f0
:10d97000f81ff91f9003000082f5ffd480030039df
:10d980004a0000a608039f1d8f1d017209030000b5
:10d9900002eaffd46affffae1e72f81ff91f900360
:10d9a00042f4ffd4800300396a0000a608039f1ddb
:10d9b0008f1d037201720000030000804ffff0fd15
:10d9c000c2001fe50903000062e9ffd40e0000c594
:10d9d000aa0100a64bff3ffc7b0029fc5b0019fc61
:10d9e0004b0009fca2affdd40e0000c56a0000a6e2
:10d9f00009030000e2e6ffd48afdffae82b0fdd449
:10da0000a90080882afdffae89008088eafcffae6d
:10da1000f81ff91ffa1ffb1ffc1ffd1f90030000da
:10da2000811304a98e0700a629003088061012f57c
:10da3000030405820e0009d6a2d8ffd4800300009b
:10da4000a2daffd4a0030000000018e1061023f5bd
:10da5000330505820e0009d6061023f589001088cb
:10da6000630505820e0009d609001088813d00007b
:10da700022c010f15f0011f81a610000061023f5b2
:10da80008b0505820e0009d6061023f58900108843
:10da9000b30505820e0009d622daffd4061023f55d
:10daa00010030000e30505820e0009d6061023f5d9
:10dab00029001088330605820e0009d662dbffd4e8
:10dac000061023f5100300007b0605820e0009d620
:10dad000061023f519001088a30605820e0009d64a
:10dae000a2dcffd4061023f510030000d306058244
:10daf0000e0009d6061023f501000e8005001080e7
:10db0000030705820e0009d6df1dcf1dbf1daf1d07
:10db10009f1d8f1d0172000037de01a80900b0882b
:10db2000090080887b0405b6380328031b030d0316
:10db30000e0009d652000ae50020008362e0ffd4ff
:10db40001900308820031803930405820e0009d6bb
:10db5000fbff1afc38032803a30405820e0009d634
:10db6000ca03000000601cff38032803c3040582b9
:10db70000e0009d600201cff38032803e3040582a9
:10db80000e0009d62b001afc38032803f304058283
:10db90000e0009d632000ae10020008382dfffd4a4
:10dba0001900308820031803130505820e0009d6da
:10dbb0001b740a758113b4ab66fbffaecaf3ffaeec
:10dbc0008603ffe1f81ff91ffa1ffb1ffc1ffd1f53
:10dbd000fe1fc003003900002e0000a61900c088f7
:10dbe000a23cffd40800e0820e0000c5ea0c00a6ab
:10dbf0000236ffd4007e500908000e822237ffd47f
:10dc0000007e200908000e82623cffd4100900004b
:10dc1000622efed4d0030061800970091e7f0000cf
:10dc200013df0282a292fbd463df0282c288fbd49c
:10dc30004255ffd4107f0000c3e20282e291fbd480
:10dc4000a24bfed4107f000023e302826291fbd43a
:10dc5000810d000093e302820291fbd4510d00007c
:10dc60001be40282a290fbd4210d0000a3e40282f7
:10dc70004290fbd4110d00002be50282e28ffbd411
:10dc80004289fbd48272fdd4900300002226fdd489
:10dc9000800309398a0500a6003900004a0500a65c
:10dca000121029f50124f48005000080840d000085
:10dcb00000110097826ef9d4b103a003f9e36f8fce
:10dcc00009007088000026e9400037e9c000089587
:10dcd00080102897306100000100488015410680bf
:10dce00031f2798005001080190080880900908841
:10dcf000203d313fe60000ae626cf9d49103800311
:10dd0000260300c5013b0000420000ae29038088c5
:10dd1000090090881a030000b3e50282e28afbd46e
:10dd20001803000033e60282828afbd43802000026
:10dd3000033c00880304008408000e82c212ffd452
:10dd40000e0000c54a0300a61c030000b3e70282d0
:10dd50004289fbd4a282fbd40c03000022ac01d484
:10dd6000a0030000a26efed400090a396a0200a6d0
:10dd700003da0286c3da02828a390000430000f720
:10dd8000227efbd4a236fed46a0000ae53de0282ad
:10dd9000a27dfbd41900a0880a03ef1ddf1dcf1d53
:10dda000bf1daf1d9f1d8f1d8603ffe50172000083
:10ddb000dbe60282827cfbd46afcffae226cfed4de
:10ddc000480322a41003000053460180c282f9d404
:10ddd0004234fed4770d0739ca0000a6534601909d
:10dde0000020848298033a03ba03750d40012ae5a6
:10ddf0006a0300ae8b0d8b03f1ff0f80050090804e
:10de00000100fe80f5e30080400900001100f08071
:10de1000f5e317803109f00801c2eb80b5002080de
:10de20000900308801a0ac8095c30180070d000077
:10de3000c01100978262f9d4d008e108d10c6109c1
:10de400001039f7207000ceac008ea03da0300002e
:10de5000da0b00ae400000e5b03d0000c322b0f791
:10de600013740000210020b88a0100ae00a00482d3
:10de7000903d000003c099f7803d0000032280f729
:10de800003390000cafeffa6f3ff14fc013d0000a9
:10de900002feffae01650000eafdffae000229e5cb
:10dea00032090000880034a244090000890000887b
:10deb000f60320c503c100f7f008000053460194a3
:10dec000002055821502760d1639000042faffae89
:10ded0005b460194da033a03ea0300001900408824
:10dee00029007088800124e568098003aa1800ae23
:10def000013d0000061800ae400060e5683d0000ee
:10df0000a61600ae010300006a1700ae013d000036
:10df1000261700aa000061e5683d0000661600ae05
:10df2000010300008a1600ae480321a409a36f8fe5
:10df30006f6116610004148310031d74da1500aebe
:10df4000680d000001c2eb80b50020800900308818
:10df500001a0ac8095c30180070d0000c01100979f
:10df60002259f9d4d008e108d10c610901039f724c
:10df700007000ceac0081d39820200ae610dc13de8
:10df8000661000ae720d02396a1000a61d76000000
:10df9000480320a409a34f8f4f610461c3fd6ffda7
:10dfa000802150ed400105e19f72000007000dea5d
:10dfb000d003870d121027f5c40c00000011009744
:10dfc0002256f9d4a00300001a0000aeda03010db6
:10dfd00043e802822275fbd4c10c0000f3e8028200
:10dfe000c274fbd4610d0139ba0100a6820d000094
:10dff000001302970124f48005003080400023952f
:10e00000001003971261d40ce50c0000f9e36f8f48
:10e0100009007088000126e9400137e94253f9d42c
:10e020006009610d6be902828272fbd41d0300005e
:10e03000e3e902822272fbd4f10c0000a3ea02821f
:10e04000c271fbd41a03000033eb02826271fbd46d
:10e05000110d000003ec02820271fbd4e3ec02829a
:10e060002267fbd41903000023ef02826270fbd405
:10e07000180300005bef02820270fbd4310d000038
:10e0800093ef0282a26ffbd41b030000f3ef028226
:10e09000426ffbd41e030000a3f00282e26efbd4a9
:10e0a000d50604900bf10282826efbd4a3f10282aa
:10e0b000a264fbd44b4601b0534601b453f202bafa
:10e0c0008901a08800a01c820e030000626dfbd4b1
:10e0d00081ffafb893f202826263fbd4770d0739f8
:10e0e0008a0100a6810d0000120001e56022ad0347
:10e0f0000208a0c17024a06153f202ba0940c0888e
:10e1000000201d820e030000826bfbd4dc61ad3d5c
:10e110006effffa609010088420d340df60740c5c9
:10e1200083c020f742090000070000a8160340c57d
:10e13000620300ae410d000093f60282e269fbd457
:10e14000450d5b3d460300aa69411088560d00004d
:10e15000660960c5832101f70165093d060300ae2c
:10e16000200d0000620900c1083d0000e60200aa7f
:10e1700013db028603de02820e00a0c5030001f756
:10e18000225efbd41a00a0d1aa7f00004ae0ffaeb5
:10e19000da030000baf1ffae8d0dad037af1ffaee8
:10e1a00063f30282025dfbd4030000a82afcffaee9
:10e1b00023f70282825cfbd4030000a84afcffae76
:10e1c00023fa0282025cfbd4aafcffaed3fa0282dd
:10e1d000a25bfbd4cafcffae290030881e74fd3957
:10e1e00022eaffae100300007a0000ae190030886a
:10e1f0004affffae1900308810031474210020b8c4
:10e20000eae9ffae00600582133900000ae7ffa6c5
:10e2100023390000aae7ffa6400068e1603d000046
:10e2200086feffaa000068e1613d0000c32037f7c9
:0ce23000613d0000432000f7eafdffae56
:020000040000fa
:0200000400807a
:10e23c00756e6b6e6f776e000d0a5b545241505dbc
:10e24c0020756e68616e646c656420766563746fae
:10e25c0072206f722043505520747261700d0a0049
:10e26c005b545241505d20494e54545245472e56f2
:10e27c0045434e554d005b545241505d20494e5420
:10e28c00545245472e494c52000000005b545241f9
:10e29c00505d20504354524150202850432061740b
:10e2ac002074686520747261702900005b545241bf
:10e2bc00505d207265616368656420626f6f7420c5
:10e2cc007374616765005b545241505d206c6173df
:10e2dc0074207374657020636f6d706c6574656405
:10e2ec003a2000005b545241505d20766563746f98
:10e2fc00722031203d204350552f4650553a207204
:10e30c0065616420494e54434f4e312f332f3420d6
:10e31c0062656c6f770d0a005b545241505d20763c
:10e32c006563746f722030203d20434f4d4d4f4e2e
:10e33c002028636f6c6c61707365642920696e743e
:10e34c006572727570740d0a000000005b545241c6
:10e35c00505d20766563746f7220322e2e35203d11
:10e36c0020582052414d20454343202f2059205204
:10e37c00414d20454343202f20504255207061725f
:10e38c00697479202f204e564d204543433a206125
:10e39c00206d656d6f7279206572726f722e2052ce
:10e3ac00414d206f6e2074686973206465766963d3
:10e3bc0065206973204543432d70726f74656374d7
:10e3cc00656420616e64206120776f7264206e65d5
:10e3dc00766572207772697474656e2073696e63ea
:10e3ec006520706f7765722d75702068617320726f
:10e3fc00616e646f6d20636865636b206269747312
:10e40c002c20736f2052454144494e4720756e694c
:10e41c006e697469616c697365642052414d207238
:10e42c0061697365732074686973202870657273f1
:10e43c00697374656e74207661726961626c657360
:10e44c002c2061206275666665722072656164209d
:10e45c006265666f726520697420776173206669e6
:10e46c006c6c65642c20612031362d6269742077c8
:10e47c007269746520696e746f2061206e657665b3
:10e48c00722d7772697474656e2033322d626974e3
:10e49c0020776f7264292e205043545241502061d2
:10e4ac00626f766520736179732077686572653b5e
:10e4bc0020494e54434f4e332062656c6f77207366
:10e4cc00617973207768657468657220697420655a
:10e4dc007363616c6174656420746f206120627574
:10e4ec00732d6572726f7220747261700d0a000068
:10e4fc005b545241505d20766563746f7220392fe6
:10e50c003130203d20636c6f636b206661696c2039
:10e51c002f20636c6f636b206572726f723a20747c
:10e52c006865204653434d207361772074686520dd
:10e53c0073797374656d20636c6f636b2073746f88
:10e54c00703b204f53434354524c2c20504c4c3274
:10e55c00434f4e2c20434c4b31434f4e2062656c45
:10e56c006f770d0a000000005b545241505d206132
:10e57c00206368616e6e656c206f7220636f6d70c6
:10e58c00617261746f72206576656e74206f66209f
:10e59c007468652041444320636f726520696e2066
:10e5ac0075736520726561636865642074686520a5
:10e5bc004350553b206974206973206d65616e74fe
:10e5cc0020746f2074726967676572206f6e6c7946
:10e5dc002074686520444d412e20546865204945bf
:10e5ec00436e20776f726420696e207468652064b6
:10e5fc00756d7020736179732077686574686572c6
:10e60c002069742077617320656e61626c65642e7d
:10e61c002063683020697271000000005b54524125
:10e62c00505d2061207065726970686572616c2044
:10e63c0072616973656420616e20696e74657272b3
:10e64c0075707420776520646f206e6f742068611c
:10e65c006e646c653b206c6f6f6b207570207468fa
:10e66c0065206e756d62657220696e207468652018
:10e67c004154444620696e74657272757074206cd6
:10e68c006973740d0a005b545241505d20494e541d
:10e69c00434f4e31000000005b545241505d204905
:10e6ac004e54434f4e3300005b545241505d204951
:10e6bc004e54434f4e3400005b545241505d204940
:10e6cc004e54434f4e3500005b545241505d20492f
:10e6dc004e54434f4e312e41444452455252000049
:10e6ec005b545241505d20494e54434f4e312e5392
:10e6fc00544b455252005b545241505d20494e548c
:10e70c00434f4e312e4241444f50455252005b54c0
:10e71c005241505d20494e54434f4e332e444d418f
:10e72c00424554005b545241505d20494e54434f76
:10e73c004e332e435055424554005b545241505d6c
:10e74c0020494e54434f4e342e4449563045525274
:10e75c00000000005b545241505d20494e54434f21
:10e76c004e352e57445445005b545241505d204960
:10e77c004e54434f4e352e444d5445005b5452413c
:10e78c00505d20747261705f7365656e20636f7588
:10e79c006e7400005b545241505d204c4544302057
:10e7ac00626c696e6b7320392066726f6d206e6fb0
:10e7bc0077206f6e3b2073656e64207468697320dc
:0ce7cc006c6f67206261636b0d0a000037
:020000040000fa
:0200000400807a
:10e7d800023900008a0000a6123900008a0000a64b
:10e7e800e22afbd4017200000236fbd40172000059
:10e7f8000234fbd401720000d114049401720000a9
:10e80800e3c60482c229fbd4f3c704828229fbd45d
:10e8180039001088d3c80482c232fbd4590010884a
:10e8280023c904826232fbd409001088a3c9048278
:10e838000232fbd44922108803ca0482a231fbd4d5
:10e848000900128883ca04824231fbd442ccfdd429
:10e858001003000003cb0482c230fbd409001088e7
:10e868008bcb04826230fbd401720000f81ff91fc1
:10e87800fa1ffb1ffc1f0000191a03921a0300005d
:10e88800333e05822231fbd4633e05828225fbd4c8
:10e89800c30204a203000084b33e05b2070000ac23
:10e8a800c90090880a0100ae0c0300008224fbd442
:10e8b800130008fd4224fbd408001b828874000062
:10e8c800210090b88a0000ae802208e900390000d3
:10e8d8004affffa68afeffae0e0010c5ca0000a6ba
:10e8e8007b400582c222fbd4051a03a7cf1dbf1d9a
:10e8f800af1d9f1d8f1d0172bb3e05820222fbd4f6
:10e90800eafeffae0f030000511104945500009079
:10e91800060011e515110494103d0000820000aeb8
:10e92800515a5a80a5212580021f103dc6ffffae0f
:10e938000172000019110490551104900900008813
:10e94800213d0000220000ae800001e501720000b8
:10e958001511049051110490103d0000320100aed1
:10e96800311d0000515a5a80a5212580323d0000f2
:10e97800be0000a63203013d620000aa211d233d0e
:10e988009affffa6010301720172010301720000e0
:10e99800e2fdffd42003000055110490090000880f
:10e9a800123d0000220000aa800001e5017200006b
:10e9b800f81f0000e2fbffd4800300394e0000a6d8
:10e9c80008038f1d0172000022feffd40900108881
:10e9d800803d0000220000ae000210e549220088b8
:10e9e80001159f72070008ea800300008afeffae47
:10e9f800639f0382e2e8fcd4639f0382c216ffd4bc
:10ea0800639f0382429101d4c209fed4639f0382ab
:10ea180002defed46226fbd4f37305820219fbd40e
:10ea280015070090337405820224fbd4d5020090a8
:10ea380053740582a223fbd4951104907374058244
:10ea48008221fbd401720000f81f8003d1140490c6
:10ea580010390000260000ae8f1d0172621afbd427
:10ea680013890382c216fbd418030000b3890382fa
:10ea78000220fbd4450800906f08d1f80b8a038266
:10ea8800821ffbd4d5020090638a0382e220fbd464
:10ea9800d5140490e38a0382c21efbd44b8b0382f5
:10eaa800e214fbd4d114049090390000c60000aee3
:10eab800d1140490080021a4e3000482016100003d
:10eac800002000832a0000aef38803828213fbd45f
:10ead8007b4005824213fbd4183900004a0200a685
:10eae800083900006a0200a6220008e53039000053
:10eaf800a20800ae920008e510390000a20800ae96
:10eb080051130490b30010fd183d0000660000aedc
:10eb1800c20001e1083d0000260800aea398038268
:10eb2800e210fbd4aa0000aec38b03828210fbd490
:10eb38004a0000ae938c03822210fbd41507009084
:10eb48004b9a0382221bfbd495070090939a038269
:10eb5800c21afbd4d5070090d39a0382621afbd459
:10eb680015080090139b0382021afbd4050700982e
:10eb78007f0031f8539b0382c217fbd40507009826
:10eb88004f0441f8b39b03824217fbd40507009852
:10eb98006f0021f80b9c0382c216fbd485070098ee
:10eba8006f0021f86b9c03824216fbd485070098fe
:10ebb8007f0031f8c39c0382c215fbd4c5070098b7
:10ebc800120011e91b9d03824215fbd40508009829
:10ebd8005f0011f8839d0382c214fbd405080098d6
:10ebe800120011e9d39d03824214fbd495140490ba
:10ebf800239e0382e213fbd4a2efffd4839e0382f9
:10ec0800e209fbd48af2ffae638d03828209fbd44a
:10ec18004af9ffaef39303822209fbd4eaf8ffae68
:10ec2800d39503826212fbd48af8ffaef81ff91f4e
:10ec3800fa1ffb1ffc1fb00391110494e2adfdd431
:10ec4800220cfbd47b400582a207fbd41b030000e7
:10ec580093620582e210fbd4c36205820207fbd4eb
:10ec6800cb390000660200aec80221a4d30d04828d
:10ec780001610000002000832206fbd47b4005824e
:10ec8800e205fbd442ebffd4e36205828205fbd4a4
:10ec9800826bfcd4d1cccc80c56016800010019763
:10eca80048003ca20003ace1a9000088c0150000a0
:10ecb8008a0100ae53620582eafdffaec23b03d46f
:10ecc8000a030000c2e6f8d4c23b03d40a030000da
:10ecd80062e6f8d41974000001ff8fb80c03000035
:10ece800e2e5f8d40b3900008affffa609009088f6
:10ecf800c00289e52afeffae9e73f81ff91f800344
:10ed08009103000082a6fdd4080012a452082839f5
:10ed1800c20700a828390000ca0600a6a23001d4fc
:10ed28009003000062b9fdd48353058686020fe57f
:10ed3800c28f02d409001088913d00002e0000a661
:10ed4800510c0000428902d4a3530586e28e02d4f6
:10ed58008003000002c1fcd410030803828802d497
:10ed6800c3530586228e02d480030000a2c0fcd4bf
:10ed780010030803c28702d4e3530586628d02d4c8
:10ed88008003000082c1fdd4107f0803028702d4eb
:10ed980003540586a28c02d48003000082c0fdd4ef
:10eda800107f0803428602d423540586e28b02d4de
:10edb80086023fe5000083e509390000ee0200a65f
:10edc800590c0000a2ebfdd459034003380300009e
:10edd80086022fe583cb0286b337018282bb01d43a
:10ede800510c1161103d00004a0100a68221fed499
:10edf8000a0100aec6023fe519001088130009fd9c
:10ee08008233fbd40e0000c58ef8ffa6935205820c
:10ee18002236fbd49f1d8f1d03720172061045f523
:10ee28003803000086022fe583cb0286b3370182c0
:10ee3800e2b801d4421ffed4cafeffae2e72f81ffc
:10ee48004103000009001088d109e10920390000b8
:10ee58000e0100a6c2003fe501c40980050020801c
:10ee680009c21788130004fd4230fbd40e0000c508
:10ee78008e0000a693240582e232fbd48f1d037214
:10ee88000172000082001fe5d00d000082dafcd478
:10ee98008003d10df32505820203fbd4e10d0000a8
:10eea80033260582a202fbd4a2a0fcd410030000e2
:10eeb800632605822202fbd4e2b5fcd410030000cd
:10eec80093260582a201fbd4c2b5fcd4100300002e
:10eed800cb2605822201fbd4a2b5fcd41003000086
:10eee80003270582a200fbd408030000227dfcd47e
:10eef800a216fbd4083900000afcffa60219fed4aa
:10ef0800cafbffaef81ff91ffa1ffb1f4296fdd47c
:10ef180080030000a2f602d4b0030000a22001d4ae
:10ef2800a003000022f602d49003000022a9fdd419
:10ef38000a390000ce0400a688619b65180300000a
:10ef480063300582a2fdfad401c2eb80b5002080af
:10ef58000900308801a0ac8095c301804012009759
:10ef6800e2d8f8d4100300008330058262fcfad49a
:10ef78001903080302f502d410030000ab30058220
:10ef8800c2fbfad40900008822b2fdd410030000a5
:10ef9800e330058222fbfad4d5060490233105829a
:10efa800c2fafad442b0fdd4107f00009331058232
:10efb80042fafad4e2b8fed4107f0000ab310582e1
:10efc800c2f9fad4bf1daf1d9f1d8f1d017200002d
:10efd80022acfdd4332f058a2b3005860e0000c5e0
:10efe800430002f7020ffbd4a211fed4aafeffae23
:10eff800330a05826217fed4130905822217fed44c
:10f0080013080582e216fed401720000ca0a00d471
:10f01800f81ff91fc9a00f8f0f610000e214fdd47b
:10f0280008008082635e05860f030000820800c521
:10f03800c27702d40e0080c52a0700a653fd1ffd23
:10f04800627102d4835e0586027702d463fd1ffdd8
:10f05800e27002d4a35e0586827602d433fd1ffdda
:10f06800627002d4c35e0586027602d473fd1ffd6a
:10f07800e26f02d4e35e0586827502d483fd1ffd2c
:10f08800626f02d4035f0586027502d493fd1ffdeb
:10f09800e26e02d4335f0586827402d4a3fd1ffd9d
:10f0a800626e02d4635f0586027402d4b3fd1ffd4d
:10f0b800e26d02d4835f0586827302d483fb1ffc52
:10f0c800626d02d49b5f0586027302d4d3fd1ffdd7
:10f0d800e26c02d423540586827202d453fd8ffd5c
:10f0e8002f030000820820c55803000043fd4ffd90
:10f0f800000032e583cb0286b337018282a201d4b5
:10f10800900300006215fdd48861893d4e0000a679
:10f118000e0000c54e0600a62208fed40a0600ae60
:10f1280009001088426a02d4835e0586e26f02d421
:10f1380009001088c26902d4a35e0586626f02d4f2
:10f1480009001088426902d4c35e0586e26e02d4c3
:10f1580009001088c26802d4e35e0586626e02d494
:10f1680009001088426802d4035f0586e26d02d464
:10f1780009001088c26702d4335f0586626d02d425
:10f1880009001088426702d4635f0586e26c02d4e6
:10f1980009001088c26602d4835f0586626c02d4b7
:10f1a80009001088426602d49b5f0586e26b02d490
:10f1b80009001088c26502d423540586626b02d404
:10f1c8002f030000820820c5061045f5000032e52f
:10f1d80083cb0286b3370182a29b01d40202fed4fc
:08f1e8009f1d8f1d03720172cf
:020000040000fa
:0200000400807a
:10f1f0005b6d61747269785d2020205645524449e8
:10f2000043543a20746865207261746520666f6c9f
:10f210006c6f777320617420657665727920706fea
:10f22000696e740d0a005b6d61747269785d2020ef
:10f2300020564552444943543a206e6f74207573ea
:10f2400061626c6520617320612072617465206366
:10f250006f6e74726f6c0d0a0000000052415445cd
:10f26000204f4b2020002020202020202020200084
:10f270000d0a5b6d61747269785d206576657279df
:10f2800020646f63756d656e7465642077617920a5
:10f29000746f20736574207468652073616d706c81
:10f2a0006520726174652c207472696564206f6ecc
:10f2b0002074686520626f6172640d0a5b6d617411
:10f2c0007269785d2072617465206d656173757215
:10f2d0006564206f6e206f6e6520636c65616e20c3
:10f2e00062757273742070657220706f696e742c11
:10f2f000206e6576657220756e646572206c6f6134
:10f30000640d0a5b6d61747269785d2073656520b8
:10f31000736363702e6820666f7220746865207452
:10f3200068726565206572726f72732074686973a4
:10f33000207265706c616365730d0a000d0a5b6d68
:10f3400061747269785d20000d0a5b6d6174726989
:10f35000785d2054484520414343455054414e4335
:10f360004520544553543a2061206c617374696e92
:10f37000672073747265616d2077697468207468a2
:10f3800065204350552070726f63657373696e67b3
:10f390000d0a5b6d61747269785d206f76657272bb
:10f3a000756e2c206c61746520616e64206d6973cc
:10f3b000736564206d75737420616c6c20626520c8
:10f3c0007a65726f202d206d6973736564206162a8
:10f3d0006f7665207a65726f206d65616e730d0ab8
:10f3e0005b6d61747269785d207468652043505567
:10f3f000206e657665722073617720612068616c8c
:10f40000662c2077686963682069732074686520ba
:10f4100077686f6c6520706f696e74206f662074fa
:10f420006865206578616d706c650d0a00000000ec
:10f430000d0a5b6d61747269785d2064617461208e
:10f44000636865636b206f6e2074686520766172f7
:10f4500069616e747320746861742073747265617d
:10f460006d656420636c65616e6c790d0a005b6d7f
:10f4700061747269785d20005b6d61747269785d9a
:10f4800020202069736f6c617465642062757273eb
:10f49000743a0d0a000000005b6d61747269785d5a
:10f4a00020202074686520313030746820627572c5
:10f4b0007374206f6620612073747265616d3a0dfc
:10f4c0000a000d0a5b6d61747269785d2053554db9
:10f4d0004d415259202d20746865206c6173742051
:10f4e000636f6c756d6e20697320746865206f6e34
:10f4f0006520746865206578616d706c65206c6945
:10f50000766573206f6e0d0a000000005b6d6174fc
:10f510007269785d202020005b6d61747269785d8e
:10f52000205553452054484953204f4e453a20001a
:10f530000d0a5b6d61747269785d2020206974200a
:10f5400073747265616d7320776974686f75742068
:10f550006c6f73696e6720612073616d706c652cd0
:10f560002074686520435055206b65657073207565
:10f57000702c0d0a5b6d61747269785d20202061ca
:10f580006e642074686520646174612061727269c0
:10f59000766520636f6d706c65746520616e6420a4
:10f5a000696e206f726465720d0a00005b6d617494
:10f5b0007269785d204e4f4e45206f6620746865f5
:10f5c0002076617269616e74732073747265616d07
:10f5d0007320636c65616e6c792077697468207440
:10f5e000686520435055206b656570696e672075ae
:10f5f000702e0d0a5b6d61747269785d2020205455
:10f6000068617420697320746865206578616d7025
:10f610006c6527732063656e7472616c20636c6126
:10f62000696d2c20736f20756e74696c206f6e6528
:10f6300020646f65732c207468650d0a5b6d6174be
:10f640007269785d2020206578616d706c6520643a
:10f650006f6573206e6f742064656d6f6e73747266
:10f6600061746520776861742069742073617973af
:10f670002069742064656d6f6e7374726174657354
:10f680002e0d0a005b6d61747269785d20646f6e87
:10f6900065202d206261636b206174207468652091
:10f6a000626f6f742073657474696e670d0a000071
:10f6b00053545245414d5320200044415441204f62
:04f6c0004b202000bb
:020000040000fa
:0200000400807a
:10f6c4005b73776565705d2068616c766573207027
:10f6d400657220706f696e74000000005b7377655b
:10f6e40065705d2073616d706c6573207065722048
:10f6f40068616c66000000005b73776565705d206f
:10f7040073616d706c65732070657220706f696ec3
:10f7140074005b73776565705d206261636b2d7443
:10f724006f2d6261636b20636f6e76657273696fb0
:10f734006e733b2074686520726174652069732060
:10f744007468652041444320636c6f636b2c2050c4
:10f754004c4c31206f7574707574206469766964db
:10f764006572730d0a5b73776565705d20736c6fea
:10f774007765737420726174652066697273743a74
:10f784002074686520666972737420726f772069cb
:10f794007320746865206f6e652074686520444d1d
:10f7a400412073686f756c64206d616e6167652cb0
:10f7b4000d0a5b73776565705d20736f2061206649
:10f7c40061696c757265207468657265206973205f
:10f7d40074686520636861696e2c206e6f74207490
:10f7e400686520726174650d0a5b73776565705d89
:10f7f4002069646c65203d2043505520706f6c6c0b
:10f80400732052414d206f6e6c792c2070726f639f
:10f81400657373203d206d61696e2d6c6f6f702070
:10f8240070726f63657373696e672c2073667220e0
:10f834003d2043505520706f6c6c7320616e2053d3
:10f8440046520d0a5b73776565705d206f7665724d
:10f8540072756e206d757374206265203020666f3a
:10f8640072206120757361626c6520726174653bfe
:10f87400206c6174652f6d697373656420617265b2
:10f884002066726f6d207468652070726f63657393
:10f89400732072756e0d0a5b73776565705d2070f9
:10f8a4006f7374646976203d20504c4c3120504f66
:10f8b4005354444956312f504f5354444956323bc4
:10f8c400207468652061646320636c6f636b2069d6
:10f8d400732072656164206261636b2066726f6d70
:10f8e40020746865207265676973746572730d0aa4
:10f8f4005b73776565705d20636c65616e312f6342
:10f904006c65616e3130203d2072617465206f76c4
:10f914006572206f6e6520627572737420616e6407
:10f92400206f7665722074656e2c206e6f74686922
:10f934006e6720656c73652072756e6e696e673bc9
:10f944000d0a5b73776565705d206c6f6164656437
:10f95400203d2072617465207768696c6520746845
:10f96400652074687265652072756e732062656cbb
:10f974006f772061726520676f696e670d0a5b732c
:10f98400776565705d2074686520746872656520ac
:10f9940072756e732062656c6f7720617265206783
:10f9a4006f696e672e20547275737420636c656181
:10f9b4006e3a20746865206c6f61646564206669c2
:10f9c400677572652069730d0a5b73776565705d91
:10f9d400206d6561737572656420627920612043ce
:10f9e40050552064726f776e696e6720696e206f60
:10f9f40076657272756e20696e7465727275707454
:10fa0400730d0a005b73776565705d2074696d65bd
:10fa14007220636865636b2c207469636b73207058
:10fa2400657220313030206d7320286578706563ed
:10fa34007420313235303030302900005b73776503
:10fa440065705d20000000005b73776565705d2064
:10fa5400726f7773000000005b73776565705d20db
:10fa6400726f77732077697468206f766572727528
:10fa74006e20302c206c617465203020616e64200f
:10fa84006d69737365642030000000005b737765f3
:10fa940065705d206869676865737420636c65616f
:10faa4006e20726174652c206b737073000000000b
:10fab4005b73776565705d202020617420504f531f
:10fac4005444495631005b73776565705d2020208e
:10fad400617420504f535444495632005b73776528
:10fae40065705d204e4f20434c45414e2052415499
:10faf40045202d20657665727920726f77206c6fb2
:10fb040073742073616d706c6573206f722068610b
:10fb14006c7665730d0a00005b73776565705d2014
:10fb2400646f6e653a20636f756e746572732063db
:0cfb34006c65617265640d0a0000000041
:020000040000fa
:0200000400807a
:10fb40005b626f6f745d2063726331362f6363692c
:10fb500074742d66616c73652073656c662d6368c3
:10fb600065636b3a206f6b20283078323942312937
:10fb70000d0a00005b626f6f745d20637263313643
:10fb80002f63636974742d66616c73652073656c93
:10fb9000662d636865636b3a204641494c45440dc8
:10fba0000a000d0a0d0a23232323232323232323bf
:10fbb0002323232323232323232323232323232315
:10fbc0002323232323232323232323232323232305
:10fbd00023232323232323232323232323232323f5
:10fbe000232323230d0a23232020204144432f4491
:10fbf0004d412054455354204c4f4720202d202068
:10fc00005354415254204f462052554e20202863d1
:10fc10006f70792066726f6d20686572652920208b
:10fc2000202023230d0a23232323232323232323d9
:10fc30002323232323232323232323232323232394
:10fc40002323232323232323232323232323232384
:10fc50002323232323232323232323232323232374
:10fc6000232323230d0a0d0a000000005b626f6f3f
:10fc7000745d206164635f646d615f34306d7370c7
:10fc800073205365702032382032303236203030c5
:10fc90003a31383a333620676974206465616435d7
:10fca0003363202848454144290d0a005b626f6f89
:10fcb000745d205741524e494e472074686520704c
:10fcc000726576696f75732072756e20656e6465f6
:10fcd0006420696e206120747261700d0a005b629d
:10fce0006f6f745d207472617020636f756e740045
:10fcf0005b626f6f745d206c6173742074726170ed
:10fd000020766563746f72005b626f6f745d206252
:10fd10006f6f74207374616765207768656e206902
:10fd20007420686974005b626f6f745d2073656531
:10fd3000205b545241505d20696e207468652065d7
:10fd400061726c696572206c6f672c206f72206421
:10fd50006f63732f54524f55424c4553484f4f5485
:10fd6000494e472e6d6420322e30620d0a005b62d0
:10fd70006f6f745d205741524e494e47207468653d
:10fd8000206c6173742027636861696e2720727527
:10fd90006e20656e64656420776974686f75742081
:10fda00040454e442c20696e207374616765205372
:10fdb000000000005b626f6f745d202763686169fb
:10fdc0006e2066726f6d203c73746167653e2720fc
:10fdd000636f6e74696e75657320616674657220f9
:10fde00069740d0a000000005b626f6f745d207023
:10fdf0006c6c3120706f73746469763100000000a0
:10fe00005b626f6f745d20706c6c3120706f737407
:10fe100064697632000000005b626f6f745d206180
:10fe2000646320636c6f636b20487a005b626f6f62
:10fe3000745d2073616d706c652072617465206bf8
:10fe400073707320286261636b2d746f2d62616320
:10fe50006b2900005b626f6f745d205741524e4901
:10fe60004e47207468652041444320636c6f636b88
:10fe700020646964206e6f74207377697463683ad4
:10fe800020000d0a000000000d0a5b626f6f745db8
:10fe9000205245414459202d206e6f7468696e6769
:10fea00020697320636f6e76657274696e672c20ab
:10feb00074686520636f6e736f6c65206861732072
:10fec000746865204350550d0a5b626f6f745d2046
:10fed00074797065202768656c702720666f7220c2
:10fee000616c6c20636f6d6d616e64732c20277480
:10fef0006573742720666f72207468652070617264
:10ff00007473206f6620612072756e2c0d0a5b621f
:10ff10006f6f745d20277465737420616c6c27208b
:10ff2000666f72207468652077686f6c65207468ee
:10ff3000696e672e20506c65617365206c6f672059
:10ff400074686973207465726d696e616c20667285
:10ff50006f6d0d0a5b626f6f745d20706f776572f5
:10ff60002d757020616e642073656e642069742045
:0cff70006261636b2e0d0a0d0a00000098
:020000040000fa
:0200000400807a
:10ff7c006265666f7265206d61696e2829006c651b
:10ff8c00645f696e6974282920646f6e6500636f05
:10ff9c006e736f6c655f6561726c795f696e6974a5
:10ffac00282920646f6e6500636c6f636b5f696eec
:10ffbc006974282920656e74657265640000000000
:10ffcc00636c6f636b5f696e6974282920646f6e54
:10ffdc006500636c695f696e6974282920646f6eb3
:10ffec0065006164635f696e6974282920646f6eb3
:10fffc006500636170747572655f696e6974282938
:02000004008179
:10000c0020646f6e650073656c662d746573742067
:10001c00646f6e65000000006d61696e206c6f6f1f
:10002c00702072756e6e696e670000007cff800038
:10003c008aff80009aff8000b4ff8000ccff800014
:10004c00deff8000eeff8000feff800012008100ca
:10005c0024008100504f5200424f52005744544fdd
:10006c000000000053575200455854520000000045
:10007c00434d00004255434b5200565245473252b5
:10008c000000000056524547335200005652454777
:10009c003452000049444c4500000000534c454587
:1000ac005000000001000000600081000200000010
:1000bc006400810010000000680081004000000016
:1000cc0070008100800000007400810000020000bc
:1000dc007c00810000000400800081000000100002
:1000ec00860081000000200090008100000040008c
:1000fc009800810004000000a000810008000000ae
:10010c00a80081006e6f206572726f720000000093
:10011c00504c4c31202841444320636c6f636b2955
:10012c0020646964206e6f7420636f6e66696775f6
:10013c007265206f72206c6f636b0000504c4c32f8
:10014c00202873797374656d20636c6f636b292041
:10015c00646964206e6f7420636f6e666967757274
:10016c0065206f72206c6f636b00434c4b47454ea0
:10017c003120646964206e6f7420737769746368ce
:10018c0000000000434c4b47454e36206469642008
:10019c006e6f742073776974636820746f20504c91
:1001ac004c31000041444320636f7265206e6576cc
:1001bc006572207265706f7274656420726561641b
:1001cc00792028414452445929006e6f20444d41f6
:1001dc0020626c6f636b7320617272697665642c3c
:1001ec00206f72207468652073747265616d207362
:1001fc00746f70706564000073656c662d74657344
:10020c0074206d65616e206f75747369646520333d
:10021c003634382e2e3430333200444d412063684e
:10022c00616e6e656c2073776974636865642069b0
:10023c007473656c66206f666620284348454e20b3
:10024c003d2030290000000043505520747261702d
:10025c00206f7220756e68616e646c656420696ec7
:10026c0074657272757074202d20736565207468c6
:10027c0065205b545241505d206c696e65730000c3
:10028c00636c6f636b206661696c202d20746865ec
:10029c00204653434d206d6f76656420746865204d
:1002ac0043505520746f20746865206261636b75d0
:1002bc0070204652432c2073656520746865205b62
:1002cc00434c4b465d206c696e657300736f6d65b6
:1002dc007468696e672077726f74652070617374cf
:1002ec002074686520656e64206f662074686520d4
:1002fc0073616d706c6520627566666572202d2069
:10030c0073656520746865205b67756172645d2038
:10031c006c696e65730073616d706c6520726174cd
:10032c006520646f6573206e6f7420666f6c6c6fe4
:10033c007720746865207265706561742d74696dc1
:10034c00657220706572696f64202d20736565205d
:10035c00746865205b72617465746573745d206c80
:10036c00696e657300000000100181001c018100a2
:10037c00480181007601810090018100b00181006b
:10038c00d601810004028100260281005402810002
:0c039c008c028100d80281002203810045
:020000040000fa
:02000004008179
:1003a80080260000121021f5420453040e40068ee8
:1003b800420010e1123021f5620473040e60028ecf
:1003c8008a110684360002860610008406300084ee
:1003d8000200108c69004088c9e36f8f66010886a7
:1003e80089007088690050886a0000ae14760000a1
:1003f800210050b8ca0100ae000116951061000036
:10040800910021840a41008a02ffffb0c00124e55f
:10041800121022f5620473040e60028e86000284b4
:100428000210028c0611028402141080eafdffae4d
:10043800910000840600008806300084623af8d4ef
:1004480006800084802e017210030000127021f5ce
:10045800220433040e20008e123021f54204530486
:100468000e40048e21001084061002848a20028423
:100478000100008205e33182823002807210028e10
:100488007a10028e160006868a30008a620000b84a
:10049800061102848a000084017200001600028698
:1004a8006affffaef81ff91ffa1ffb1ffc1f80260b
:1004b8009026a026b0268003b103a3031900008864
:1004c8000024f8ed020d00ae130018fd2900008885
:1004d800013900008a0c00a6210088846601008684
:1004e800390000880a04008ae20b00ba121001f5ec
:1004f800200431040e20008e0100008205e31182e1
:1005080006100084390000880a04008ac20a00b66e
:100518009100188466010086490000888a00008ad4
:10052800220a00b8a10008846601028659000088e2
:100538000a10008a820900ba16000286590000884b
:100548000a10008a020900b469000088630118fcd7
:10055800730138fc133c0000620800aa0e0020c595
:100568006a0000a608030000e2f6ffd40200108625
:1005780009001088028000860803000002f1ffd4f9
:1005880002001286190000880024f8ed620700ae08
:1005980002001486190090888a0000ae19740000c1
:1005a80000200883093d0000620100ae1903000025
:1005b800028000860803000022efffd40a90008a18
:1005c800220000b6020012860aa0008a62feffba64
:1005d800020014862afeffae8aa4008a220500b60d
:1005e800730118fc630128fc126501040a00008edf
:1005f800a100188406100084069514800aa01484ab
:10060800003900008a0200a62b76000009009088b5
:100618000100008205e3b182c202c8e119030000ab
:100628000280008608030000a2ebffd40690008039
:1006380006a0008402b000807200008e7a00008e4e
:100648005600048e200631060034bce01974000000
:100658004026f8ed26feffae09000088a03d000008
:100668002a0000a600048a86b02ea02e902e802e86
:10067800cf1dbf1daf1d9f1d8f1d01727900008802
:0c0688002affffae79000088eafeffaefa
:020000040000fa
:02000004008179
:100694007465737420616c6c2020205b68616c76d7
:1006a40065735d20202d2073656c662c20636c6f50
:1006b400636b2c2073776565702c206461632069fb
:1006c4006e2074686174206f7264657200000000ab
:1006d400746573742073656c6620202020202020ac
:1006e40020202020202d20414443202d3e20444d15
:1006f40041202d3e2052414d206f6e2074686520ac
:10070400696e7465726e616c207265666572656e81
:10071400636500007465737420636c6f636b2020e1
:100724002020202020202020202d2073776974632e
:100734006820657665727920434c4b47454e3620d8
:10074400726174696f20616e6420726561642069ee
:1007540074206261636b00007465737420636c6b56
:100764006f6666202020202020202020202d20734a
:10077400776974636820434c4b47454e36206f6657
:10078400663a20646f657320746865204144432091
:100794007374696c6c20636f6e766572743f0000cd
:1007a40074657374206d6174726978202020202030
:1007b40020202020202d20657665727920776179ac
:1007c40020746f2073657420746865207261746589
:1007d4002c20747269656420616e64206d65617398
:1007e400757265640000000074657374206275722c
:1007f400737473202020202020202020202d2064aa
:100804006f65732074686520726174652064657017
:10081400656e64206f6e20686f77206d616e79203d
:100824006275727374732072756e3f0074657374ad
:10083400207261746520205b68616c7665735d204d
:10084400202d2064656c697665726564207261741c
:10085400652061742074686520726174696f207307
:100864006574206e6f770000746573742073776508
:100874006570205b68616c7665735d20202d207443
:1008840068652072617465206c61646465722c20f3
:10089400736c6f776573742066697273742c207738
:1008a4006974682074686520636f756e746572730b
:1008b4000000000074657374206461632020205b71
:1008c40068616c7665735d20202d20746865204412
:1008d40041433220747269616e676c653a206973b2
:1008e4002065766572797468696e672074686572cc
:1008f400652c20696e206f726465723f00000000f1
:10090400706c6c203c70313e203c70323e2073652c
:10091400747320746865207261746520627920683c
:10092400616e643b20636c6b207365747320746820
:10093400652028696e656666656374697665292035
:10094400434c4b47454e3600726174696f3b2072cd
:10095400656773207072696e7473207468652072a1
:0c09640065676973746572730000000021
:020000040000fa
:02000004008179
:10097000f81ff91ffa1ffb1ffc1ffd1fd114049065
:1009800090390000a20000ae09000088d114049440
:1009900091140494511404941114049462fbfed431
:1009a000825402d419000088a2f2fed4e21efad4c6
:1009b0002900008842f2fed48bee0382421cfad456
:1009c000b3f10382021cfad442f5fed4811404a9c7
:1009d0006e0900a60100f080f5e30780c11304e969
:1009e00001001080a5201680013d00006a0a00a6c3
:1009f000c51304a73900008822f0fed46281fbd41d
:100a000049000088c2effed4c2c2fad4590000885f
:100a100062effed4221d02d4c24f02d403ed038a3a
:100a2000d3ed03860e0000c5430002f7c218fad4c6
:100a300009002488030000841700008042e8fdd4e8
:100a400069000088c2edfed4c2b7fcd479000088ea
:100a500062edfed4077f0582002010ff037f058230
:100a6000002000ff22f9fbd48003000082d8fbd4d1
:100a700010030000a3f703820220fad462d8fbd44b
:100a80001003000003f80382821ffad442d8fbd47b
:100a90001003000063f80382021ffad409000088e3
:100aa000a2d9fcd410030000b3f80382621efad46a
:100ab000083900000e0500a68900008802eafed46d
:100ac00023fa03820214fad49900008882e9fed442
:100ad0000b000080e24c02d40900a08801af2f80f7
:100ae00005009080090080880148e8801500d080ca
:100af000c903000001343c802500b080ea0300ae49
:100b0000b3f203820212fad4951404907bf30382a9
:100b1000421bfad455140490c3f30382e21afad4a8
:100b20001514049023f40382821afad49bf40382ee
:100b3000a210fad4851404a7caf4ffaef963108892
:100b4000c11314e9bbf503828219fad4d3f60382e8
:100b5000a20ffad4caf4ffae53f90382420ffad4bb
:100b600008030000a299fbd4e20efad40bfa038228
:100b7000a20efad40afaffae09008088c2e2fcd4c1
:100b80000e0000c5ca0100a6010794ab46ffffaaec
:100b9000e2eefcd40e0000c5ee0000a60239fad445
:100ba00002b2fad41a74ba39c3c20cf790610000c9
:100bb000090080882afeffae09008088eafdffaeaa
:100bc000a2ccfcd40e0000c54e0000a6090080880f
:100bd0004afdffaec2ecfcd40e0000c54a0000a6e0
:100be00009008088aafcffae828000d40e0000c5f8
:100bf000aa0000a618748d3d02fcffae69000088b3
:100c00008201ffd4aafbffae890000882201ffd435
:100c10000affffae0300009010390000020500ae8d
:100c20001db001c10900508815b0019555b001955e
:100c30007a0061e911b001998e0344ed080146eb99
:100c400011b0019d05b001c395b10195080014a232
:100c5000d1b10195123900006a0300a601b001c1ab
:100c6000c3ffff8b0db021e93a0023e9800034a4d3
:100c700069b001987e0222ed880024eb69b0019ce6
:100c8000120020e559b1019405b101a7d10f0494d8
:100c9000950f04941db001c311b001983f04e0f812
:100ca000090040880e0000c58a0000a611b0019816
:100cb000720000e9013d00002a0100a61a0044e983
:100cc000080004820172000001b001c109b001985e
:100cd000110000ca0d0032ca09b0019c4afcffaee7
:100ce00061b001983f0040f8033d00006efeffa692
:100cf00051b10191243d00001fc110f8eafdffae83
:100d00001db001c10172000011b10190017200001b
:100d10006d0c00c0610c00c16d0900c0610900c10b
:100d200009001088550f0494150f04940e0000c597
:100d30004a0100a691100098310000ca0d0460ca53
:100d40009110009ca1100098310000ca0d0020ca2b
:100d5000a110009c6d0c00c2610c00c30172000068
:100d6000910f0490103900004a0000a6e29efbd4c7
:100d700001720000229cfbd401720000d10f04908c
:100d800001720000d10f0490003900002e0000a66f
:100d90000172000042feffd431dd248065801080a6
:100da00000100197480060a2d90f04909f720000c4
:100db000070002eacafeffaef81ff91ffa1f800300
:100dc00019b1019215b101922900208809001088fb
:100dd00063fd04820e0008d615b00190090020883a
:100de000a3fd04820e0008d655b0019009002088aa
:100df000d3fd04820e0008d655b101900900208869
:100e000003fe04820e0008d615b00198720011e9a5
:100e10001900208823fe04820e0008d605b0019830
:100e2000f20011e9190020889bfe04820e0008d60a
:100e300065b001987f0041f819002088abfe04825c
:100e40000e0008d6190020881a03000043ff048210
:100e50000e0008d61900208819030000a3ff0482a1
:100e60000e0008d695b1019009002088fbff04828e
:100e70000e0008d6d5b10190090020882300058214
:100e80000e0008d6c2f6ffd4190020881003000017
:100e9000430005820e0008d642f7ffd419002088cf
:100ea00010030000830005820e0008d6af1d9f1db1
:040eb0008f1d01721f
:020000040000fa
:02000004008179
:100eb40030410000040000000400000007000000ae
:100ec4005041000002000000000000003441000016
:100ed4000400000004000000143a810000400000f7
:100ee4007c00000000000000e04000001000000052
:100ef400040000006400000005000000000400007d
:100f040001000000544100004010000000000000f7
:100f14007c40000034000000000000002841000074
:100f240008000000040000000103050000688909ae
:100f340088770000800100000000000038410000b4
:100f4400040000000000000094610000ec0b0000ad
:100f540000000000f040000010000000000000004d
:100f640052410000020000000400000002000000e2
:100f7400104100000c00000000000000547b000041
:100f84001000000000000000945100000010000058
:100f940000000000806d0000080a0000000000004e
:100fa400b040000018000000000000001c410000d8
:100fb4000c00000004000000ffffffff960000008b
:100fc4000000803f0041000010000000000000000d
:100fd400087900004001000000000000c840000043
:100fe40018000000000000006c7b000004000000fa
:100ff4000400000001000000647b00000800000001
:10100400040000000000003f000000bf707b0000ef
:101014000400000000000000487a00000a010000fb
:1010240004000000000102040703060500ffffff9f
:10103400ffffffffffffffffffffffffffffffffbc
:10104400ffffffffffffffffffffffffffffffffac
:10105400ffffffffffffffffffffffffffff000199
:101064000203040506070809ffffffffffffff0a4d
:101074000b0c0d0e0f101112131415161718191a44
:101084001b1c1d1e1f20212223ffffffffffff0a41
:101094000b0c0d0e0f101112131415161718191a24
:1010a4001b1c1d1e1f20212223ffffffffffffff2c
:1010b400ffffffffffffffffffffffffffffffff3c
:1010c400ffffffffffffffffffffffffffffffff2c
:1010d400ffffffffffffffffffffffffffffffff1c
:1010e400ffffffffffffffffffffffffffffffff0c
:1010f400fffffffffffffffffffffffffffffffffc
:10110400ffffffffffffffffffffffffffffffffeb
:10111400ffffffffffffffffffffffffffffffffdb
:10112400ffffffffffffffffffffffffffff0000c9
:10113400747b0000040000000000000000000000b8
:020000040000fa
:02000004008179
:10114400f81ff91f42e501d4800300006284fcd437
:101154009003000042cffcd41903000042acfcd43d
:1011640062e401d408659f1d8f1d0172f81ff91fe9
:10117400fa1ffb1ffc1fc00302d9fdd40800908294
:1011840062d9fdd40800a0826296fcd40800b08223
:101194000f0000841b000080829efcd44291fcd48a
:1011a400110704906074000062b7fcd48003003916
:1011b400ea0100a6603900008a0400a6783900001c
:1011c400aa0400a693350582c2dbf9d408001a826a
:1011d40008000982a29cfcd40e00b0c5ca0400a673
:1011e4000803cf1dbf1daf1d9f1d8f1d0172000081
:1011f400427ffcd48003000002a0fcd4180300004a
:1012040082cc01d4110504940c3900002a0000a6f4
:101214000004c08302e400c5061800c5c60100ae80
:10122400150504901b36058262e2f9d408001a827f
:1012340008000982a299fcd411070490607400008c
:10124400a2b2fcd4800300006afcffae73340582b2
:1012540082d7f9d48a0000ae1505049003350582bf
:10126400a2e0f9d47900808808001a820800098273
:10127400c297fcd40afbffaea28efcd40afbffaedd
:10128400f81ff91ffa1fa003628efcd462ccfdd4b0
:10129400c264fbd482cdfdd408008082829bfcd43e
:1012a400150704929a610000e288fcd40903000047
:1012b40022affcd490030000e28cfcd4e2cafdd43b
:1012c4008263fbd402ccfdd4187f0000b36e058288
:1012d40022ddf9d40903af1d9f1d8f1d017200008b
:1012e400f81ff91f800300392e0000a6190080881a
:1012f400228bfcd4c298fcd411070490000298e11c
:1013040090610000d1020496e285fcd402d701d496
:101314008003090302acfcd49003000082d601d4fc
:101324000865000091020494c50204a70289fcd454
:1013340009039f1d8f1d01721900008802fdffd44f
:1013440001720000f81ff91ffa1ffb1ffc1f900316
:10135400b10300000288fcd4a295fcd411070492c6
:101364008961000042d401d4c0030000c282fcd4cd
:101374000803000002a9fcd48003000082d301d436
:10138400a00300008286fcd408390000ee0000a609
:101394000b390000aa0000a60272fcd480021ce5ee
:1013a40009150000a2d301d40004b0830803cf1da3
:0c13b400bf1daf1d9f1d8f1d01720000aa
:020000040000fa
:02000004008179
:1013c0005b746573745d20636c6b6f66663a207343
:1013d000776974636820434c4b47454e36206f66ef
:1013e0006620616e642074727920746f20636f6e62
:1013f0007665727420616e797761790d0a5b746528
:1014000073745d2020205461626c652031362d316b
:10141000206e616d657320434c4b47454e3620610d
:1014200073207468652041444320636c6f636b2ca8
:1014300020627574206974732064697669646572ca
:101440000d0a5b746573745d2020206368616e67ac
:101450006573206e6f7468696e672e204966206818
:10146000616c766573207374696c6c20617272694b
:1014700076652077697468207468652067656e6595
:101480007261746f720d0a5b746573745d20202045
:101490006f66662c20746865204144432069732080
:1014a0006e6f742072756e6e696e67206f6666204f
:1014b000697420616e642074686174206578706c52
:1014c00061696e7320697420616c6c2e0d0a0000d6
:1014d0005b636c6b6f66665d20202068616c76656f
:1014e00073206166746572207468652067656e6537
:1014f0007261746f722077617320737769746368a7
:101500006564206f666600005b746573745d2063bc
:101510006c6b6f66663a2054484520414443204b2b
:1015200045505420434f4e56455254494e4720573c
:1015300049544820434c4b47454e36204f46460db4
:101540000a5b746573745d2020202d3e20434c4b54
:1015500047454e36206973206e6f7420286f6e6c7d
:101560007929207468652041444320636c6f636b64
:101570003b207468652072617465206d75737420fa
:10158000636f6d650d0a5b746573745d20202020a8
:10159000202066726f6d20736f6d65776865726568
:1015a00020656c73652e20546869732069732074fc
:1015b00068652066696e64696e672c206e6f7420a2
:1015c00061206661696c7572652e0d0a000000006d
:1015d0005b746573745d20636c6b6f66663a206e36
:1015e0006f20646174612077697468207468652075
:1015f00067656e657261746f72206f6666202d205c
:10160000434c4b47454e3620646f657320666565d5
:0c1610006420746865204144430d0a000a
:020000040000fa
:02000004008179
:10161c0009001088157401943d7401c2e7ffff8b1b
:10162c003d7421e9c3ffff8b0d7421e93fffff8b54
:10163c002d7421e991740194557401941d7401c3a6
:10164c00057401c3017401c301720000452900c077
:10165c00452400c21d2d03c0cb000080a130039c8b
:10166c00113c0398510100ca0d0060ca113c039c47
:10167c001d2d03c201720000f81f800362feffd40f
:10168c000020088342fcffd48f1d01720139000039
:10169c002a0200a6697401988f0442f80e0020c536
:1016ac00ce0100a6120030e5200040fb1b5d00942b
:1016bc00c00004e100a023ff19750194210010b8ab
:1016cc009a0000ae002025ff8f0442f80e0020c5c2
:1016dc00eafeffa601720172010301720900008883
:1016ec000172000001d43080050010804174019813
:1016fc003f04e0f80e0000c52e0000a661ff1fb8e5
:10170c0001720000f81f8003c2feffd4e2f9ffd47f
:10171c0008030000c2f7ffd48f1d0172f81f80036d
:10172c0003000080817481ab2e0000a68f1d017216
:10173c0082fdffd408030000a2f6ffd4070000804e
:10174c004affffae617401980f0440f8017200006b
:10175c00007f000011750194017200006174019802
:10176c001f0010f801720000d1740190017200008a
:10177c0051740190017200007a0000e93512009852
:10178c008e0311ed480010eb3512009cc90900c105
:10179c00c90c00c30172000001720000f81f800325
:1017ac002900208809001088934005820e0008d675
:1017bc00d50c009009002088cb4005820e0008d67d
:1017cc00d509009009002088e34005820e0008d658
:1017dc001512009009002088034105820e0008d6de
:1017ec0015740190090020881b4105820e0008d653
:1017fc005574019009002088334105820e0008d6eb
:10180c009574019009002088534105820e0008d67a
:10181c00152d0390090020886b4105820e0008d617
:10182c00153c039009002088834105820e0008d6e0
:10183c009530039009002088db4105820e0008d604
:10184c005529009009002088334205820e0008d6e5
:10185c0055240090090020888b4205820e0008d682
:04186c008f1d017259
:020000040000fa
:02000004008179
:101870005b746573745d20636c6f636b3a205041d9
:1018800053530d0a000000005b746573745d2063a0
:101890006c6f636b3a204641494c0d0a0000000012
:1018a0005b746573745d20636c6f636b3a20737750
:1018b0006974636820657665727920646976696405
:1018c0006520726174696f20616e64207265616465
:1018d000206974206261636b202d206e6f206d651e
:1018e00061737572656d656e740d0a5b74657374f2
:1018f0005d2020206f7264657220706572207261b5
:1019000074696f3a20444d4120646f776e2c2041fa
:10191000444320636f7265206f66662c20434c4bf6
:1019200047454e36206f66662c206469766964658b
:10193000720d0a5b746573745d2020207772697480
:1019400074656e20616e64207265616420626163fb
:101950006b2c2067656e657261746f72206f6e2ce0
:10196000204449565357454e2c20434c4b52445922
:101970002c20636f7265206f6e0d0a005b746573b7
:10198000745d202020726174696f2000202d3e203c
:1019900072656164206261636b2000002c206164c9
:1019a0006320636c6f636b20487a20002c2000005a
:1019b000202d204255542054484520524541444250
:1019c00041434b2044494646455253005b7465737e
:1019d000745d202020726174696f73207468617473
:1019e00020646964206e6f7420617272697665008c
:1019f0005b746573745d2020204e4f54453a20740b
:101a0000686973206f6e6c792070726f76657320d1
:101a100074686520726567697374657220686f6c9d
:101a20006473207468652076616c75652e2052752c
:101a30006e73203820616e6420390d0a5b74657303
:101a4000745d202020706173736564206865726521
:101a500020616e6420746865207261746520646919
:101a600064206e6f7420666f6c6c6f7720617420d9
:101a7000616e7920726174696f202d207468652011
:101a8000726174650d0a5b746573745d2020206952
:101a900073207365742077697468207468652050ba
:101aa0004c4c206e6f7720287465737420737765b3
:101ab00065702c20706c6c20636f6d6d616e642995
:041ac0002e0d0a00dd
:020000040000fa
:02000004008179
:101ac400f81f42031d3002c1013102c0c80016a232
:101ad400c00082e118760000f6ff23c5420700ae7d
:101ae400f1ff138005005080853d0000c60600ae5e
:101af400283d0000860600ae120053e9f1ff1f8066
:101b040005002080323d0000e60500ae320024e9e5
:101b1400256b02398e0500a691300295d1300296cc
:101b240051310294d5310294113202955932029501
:101b34000900008891310294113102940131029814
:101b4400110000ca2d0470ca0131029cff000080fc
:101b54001d3102e911310298110000ca0d0450ca66
:101b64001131029c11310298110000ca2d0030cab3
:101b74001131029c353102c2393102c2053102c22f
:101b84000d3102c2213102c0013002c21d3002c334
:101b9400013102c2950900c1950c00c3930205826c
:101ba40042cf01d495300290070000888b03058250
:101bb40002cf01d4d530029007000088c303058208
:101bc40082ce01d48f1d0172070000881403000027
:101bd400c3000582e2cc01d407000088180300008a
:101be4002302058262cc01d48900008822ce01d46c
:101bf4005132029001720000013102981a0000e98a
:101c040001720000950c00c1013102c0853102a7a8
:101c1400950900c11d3002c101720000950c00c17c
:101c2400013102c001720000007900009131029478
:101c340001720000f81f8003290020880900108821
:101c4400434d05820e0008d6153002900900208805
:101c5400834d05820e0008d6953002900900208835
:101c6400a34d05820e0008d6d530029009002088c5
:101c7400c34d05820e0008d6153102900900208854
:101c8400e34d05820e0008d65531029009002088e4
:101c9400034e05820e0008d6953102900900208873
:101ca400234e05820e0008d6d53102900900208803
:101cb400534e05820e0008d6153202900900208882
:101cc400734e05820e0008d6553202900900208812
:101cd400934e05820e0008d6950c009009002088ca
:101ce400b34e05820e0008d695090090090020889d
:101cf400d34e05820e0008d65511009009002088a5
:0c1d0400f34e05820e0008d68f1d017200
:020000040000fa
:02000004008179
:101d10005b746573745d206275727374733a2074ba
:101d200068652073616d652073657474696e672cd6
:101d3000206d65617375726564206f766572203100
:101d40002c20313020616e64203130302062757279
:101d50007374730d0a5b746573745d202020656174
:101d6000636820627572737420697320726573747e
:101d700061727465642066726f6d207468652044ba
:101d80004d4120696e746572727570742c20617398
:101d90002073747265616d696e6720646f65730d81
:101da0000a5b746573745d20202061207261746524
:101db000207468617420636c696d62732077697444
:101dc000682074686520636f756e74206973207471
:101dd000686520627269646765206265747765650d
:101de0006e2072756e20313627730d0a5b74657331
:101df000745d20202073696e676c65206275727354
:101e00007420287468652073657474696e6729206e
:101e1000616e64206974732074686f7573616e6499
:101e200020283430204d535053207265676172640e
:101e30006c657373290d0a005b746573745d2020f3
:101e4000206e6f6d696e616c206b737073005b74d4
:101e50006573745d20202020206275727374732076
:101e6000000000003a2000006e6f20646174610081
:101e70006b73707320005b746573745d20627572a0
:101e80007374733a20646f6e65202d2065717561df
:101e90006c207261746573206d65616e20612062d3
:101ea0007572737420696e20612073747265616d40
:101eb00020697320616e206f7264696e6172790da2
:101ec0000a5b746573745d20202062757273743bc5
:101ed000206120726973696e672072617465206d7c
:101ee00065616e73206974206973206e6f742c2095
:101ef000616e64207468652073696e676c652d621d
:101f00007572737420666967757265730d0a5b7408
:101f10006573745d2020206d656173757265642042
:101f2000736f2066617220646573637269626520f5
:101f3000612073746172742d7570207261746865ac
:101f400072207468616e20746865207374726561b4
:041f50006d0d0a0009
:020000040000fa
:02000004008179
:101f540000102195880000a3c30001e10172000074
:101f64000100008285231282061000840100008291
:101f740005e31182021000807200008e7a00008e48
:101f84005200048e2006017209001088470001fdea
:101f9400570001fd970001fd8075000082ba01d44d
:101fa40001720000f81ff91ffa1f80269026a02650
:101fb4008003000002201286910300000800a28220
:101fc40036001086868010840a0410840680148cdf
:101fd40002a0008642fcffd4270080fd0280008c12
:101fe400e2fbffd4370080fd8294008006a00084c9
:101ff40062fbffd4000480838694008402fbffd438
:10200400170080fd093900002e0000a619009088f1
:10201400870089fd8f028afd13000084820108e194
:1020240002b601d408030000e2faffd4a02e902ed9
:10203400802eaf1d9f1d8f1d017200008202ffe1e3
:10204400f81ff91ffa1ffb1ffc1ffd1ffe1fa00333
:1020540003090000430090fd530000fd80090000c7
:1020640000200a836009000013000afd50090000e3
:1020740023000afd4009000033000afd300902393b
:102084004a0600a6b1032261216122090900c08821
:102094008202eae182011ae1110900004202dae156
:1020a4008a0000ae8909200db03d00001a0500a683
:1020b400790d000000608b821903600d82f4ffd457
:1020c400887e000000201eff040218a9c824806135
:1020d400810d500dc2f3ffd480657809410d0903c9
:1020e40062f3ffd4780d8065310d090302f3ffd448
:1020f40008740000160000a6887b0074260000a661
:10210400007b0000000018e1803d0000038088f798
:1021140018201865c120100de2ae01d412201de173
:102124009700a1fd83002afd123d0000a6fbffaa33
:10213400090010889700a1fd080321a4020d126173
:10214400000410831c740000cafaffae7909890ddb
:10215400c203710d4700a1fd5700a9fd0c03ef1d3b
:10216400df1dcf1dbf1daf1d9f1d8f1d8202ffe50b
:1021740001720000200300008800f3a1c000419513
:102184000010219734610000880000a3c30001e11e
:1021940001720000f81f8003010300000004818322
:1021a400230018fd62feffd4170080fd8f1d01720d
:1021b40009001088470001fd570001fd670001fd7b
:1021c40007000084cf0101fd01720000f81ff91f10
:1021d400800301031203930300048083270082fd1c
:1021e40082fcffd4170080fd093900002e0000a6f0
:1021f40019009088370089fd0803000082fdffd490
:102204009f1d8f1d01720000020120e1122032e1a6
:10221400470003fd03000088330040fd343d000007
:10222400060100aa09002088470002fdcb0120fc1a
:102234000e0020c54a0100a64024f0ed6a0000a863
:10224400030000880800028201720000420110e1cc
:10225400122411e103000084cf0101fd2affffae27
:10226400130030fd313d0000cefeffa807000084be
:10227400cf0101fd6afeffaef81ff91ffa1ffb1f15
:10228400b0030239ea0100a6910300000900a08806
:10229400880028a448762822187400004a0000ae5a
:1022a400210080b8fa0000ae006019830b0300001f
:1022b400a2faffd40e0000c52affffa61a7400007c
:1022c400eafeffaea2030a03bf1daf1d9f1d8f1db3
:1022d40001720000630040fd023900000a0100a6fb
:1022e400510322611261337f00602582840032a988
:1022f400423d000083a044f7513d00004effffa67d
:10230400670004fd01720000f81ff91ffa1fa00303
:10231400630020fd420300000801f5a1400141953e
:102324008010219734610000880008a3c30009e1ec
:1023340018030000e2f2ffd4090000886700a0fd42
:102344005700a0fd0803af1d9f1d8f1d01720000e3
:020000040000fa
:02000004008179
:1023540073747265616d3a206f6e202d2053434370
:102364005031202d3e20414443202873696e676c10
:102374006520636f6e76657273696f6e29202d3eda
:1023840020444d4130202d3e2070696e672d706fc2
:102394006e67202d3e206d61696e282900000000c3
:1023a40073747265616d3a2053544f505045442004
:1023b400627920697473656c66202d2074686520c9
:1023c4006f76657272756e206272616b65206669e4
:1023d4007265642c20746865207261746520697369
:1023e400206e6f7420757361626c6500737472651e
:1023f400616d3a207365742d7570206661696c6532
:10240400642028636c6f636b2c20636f7265206f8c
:1024140072207472696767657229202d2072756e47
:102424002027636861696e20302700007374726529
:10243400616d3a206f66662c20626f6f7420636f43
:102444006e66696775726174696f6e207265737404
:102454006f72656400000000677261620000000032
:1024640073747265616d3a206f6666006b73707386
:102474000000000070696e73656c00007365636f23
:102484006e6473007472616e736665727320286d76
:10249400696c6c696f6e73290000000068616c766a
:1024a400657300006272616b650070726f636573bf
:1024b40073696e67206d6178207065722068616c45
:1024c400662c207573006672656520435055206341
:1024d40079636c6573207065722073616d706c65cf
:1024e40020286d65616e29006c6173742068616ccd
:1024f40066206d696e006c6173742068616c66207f
:102504006d6178006c6173742068616c66206d6520
:04251400616e0000f4
:020000040000fa
:02000004008179
:10251800c9004088117e000049003088aa0000ae3a
:102528007a0322e0080c028344760000210030b8c8
:10253800ca0000ae440042abf20022e99239000022
:10254800e6feffae0a0322e0cafeffae01720000fb
:102558008e73f81ff91ffa1ffb1ffc1ffd1fd00306
:102568005701e1fd020300006701e4fdb503130311
:102578000e000dd60900a0880900c088f1e31f8f5e
:102588008702e1fcba3d00004a0000a67701ebfd96
:10259800ca0200aea9001088937d05820e000dd6f0
:1025a800cb0300008a0800ae7301aefd28031e03aa
:1025b80083020efc227001d48702e0fc18030e038c
:1025c8000e000dd6c061000053011efd0139000048
:1025d800aa0500a653011efd0e0001d60e0000c577
:1025e8002e0500a6ba3d0000e20400ae090080886e
:1025f800ba3d0000a2fdffae12009ae1aa610000f8
:1026080063010efda061000000200a820804e08337
:102618000f08b0f81f00e0fd29008088f901108834
:10262800b93d00000afcffa61974000000e20a8206
:10263800881f80832874000000022ee10f08b0f87c
:10264800ffff20fdc1fe1fb8092020881e030000df
:1026580083020efc226b01d48702e0fc092010885b
:102668000e0300000e000dd6c061000053011efdd0
:10267800013900004e0000a6a90300002afbffaea6
:10268800a90300006afaffae637d058606000ee125
:10269800c2c400d48003000083021efc82f3ffd46e
:1026a800837d0586420008e102c400d4c900108871
:1026b80006000ee10e000dd60c03df1dcf1dbf1d59
:1026c800af1d9f1d8f1d0372017200001e72000056
:1026d80009001088470001fd570001fd0900108816
:1026e800970001fd80750000028001d40372017219
:1026f800f81f800336000686863002848a0000842c
:102708000600028c210010860200008c3100008631
:10271800022100800610008400040086062104843b
:1027280011002086013900002e0000a6190010882b
:10273800870081fd8f0282fd13000084820108e179
:10274800e27c01d40803000002fcffd48f1d017253
:102758008f74f81ff91ffa1ffb1ffc1ffd1ffe1fb8
:1027680080269026a026b026c026d026e026800304
:10277800e303000041009084510000840020a084fd
:102788001100b0842100c0843100d08402390000d7
:10279800ca0500a6910322618000b1e10900a08862
:1027a8008202d0e10100008205e3e1828075100910
:1027b8004202c8e18a0000ae029000869b3d0000fc
:1027c800aa0400a6028012860060098200201dff6c
:1027d800040010a9800400000a80108e0695028467
:1027e8000214108086050084060410800696008472
:1027f800060400800200008886960284021002887f
:102808000e1004820210008006e102840610008087
:102818005200048e2106100dc27601d412201ce14c
:10282800970081fd830028fd123d000046fcffaaa9
:1028380009001088970081fd880221a41e6100000c
:10284800000410831a7400006afbffae0290108621
:1028580002001286a2030000410088865100988673
:102868000a03e02ed02ec02eb02ea02e902e802e41
:10287800ef1ddf1dcf1dbf1daf1d9f1d8f1d8f7647
:0428880001720000d9
:020000040000fa
:02000004008179
:10288c00706f776572656400626c6f636b730000c8
:10289c006f76657272756e006c6174650000000075
:1028ac006d697373656400006275727374730000f4
:1028bc00626c6f636b7320286d7573742062652076
:1028cc003278206275727374732900006973725fb9
:1028dc00656e74726965730068616c665f657665b8
:1028ec006e747300646f6e655f6576656e747300ed
:1028fc00616464725f657272000000006275735fe0
:10290c0065727200696e7075740073616d6300009e
:10291c00636c6b6469762028783130302c207265ba
:10292c006164206261636b2900000000636c6b645e
:10293c0069762061736b656420666f72000000001d
:10294c006b737073206e6f6d696e616c00000000ac
:10295c0061646320636c6f636b20487a0000000035
:10296c006c6173740000000073656c66746573743d
:10297c005f6d65616e006661696c5f636f646500b5
:10298c0072785f62797465730000000072785f6c16
:10299c006173740072785f63720072785f6c6600aa
:1029ac00737461636b5f73697a6500007374616340
:1029bc006b5f757365640000737461636b5f68773c
:1029cc006d5f616464720000737461636b5f667247
:1029dc0065655f70637400006275665f6164647244
:1029ec00000000006275665f616c69676e5f6d6ff9
:1029fc00643400006275665f6c656e006275665fbc
:102a0c0067756172645f6f6b00000000626f6f74ba
:102a1c005f73746167650000747261705f736565e4
:102a2c006e00747261705f76656300006368616943
:082a3c006e5f6d61726b00001a
:020000040000fa
:02000004008179
:102a4400756e6b6e6f776e0074686520636f6e666b
:102a5400696775726174696f6e20617272697665f7
:102a64006400434c4b3644495620646964206e6fbd
:102a7400742074616b65207468652076616c75657b
:102a8400000000004449565357454e206e65766554
:102a94007220636c6561726564202d206e6f206402
:102aa4006976696465722073776974636800434c5e
:102ab4004b524459206e657665722063616d6520c2
:102ac4002d2067656e657261746f72206e6f74205d
:102ad40072756e6e696e6700434c4b3644495620de
:102ae4006c6f7374207468652076616c7565206ff3
:102af4007665722074686520737769746368000072
:102b040041444320636f726520646964206e6f746e
:102b1400207265706f72742041445244592061667a
:102b24007465722074686520737769746368000043
:102b3400726174696f2062656c6f772032206e65f4
:102b440065647320494e5444495620302c207768dc
:102b5400657265204652414344495620646f65734b
:102b6400206e6f7420776f726b00464f5554535725
:102b7400454e206e6576657220636c65617265648e
:102b8400202d20504c4c31206f7574707574206466
:102b940069766964657273206e6f74206170706cfd
:102ba40069656400504c4c3120646964206e6f7414
:102bb400206c6f636b20616761696e007261746978
:102bc4006f206f757473696465203130302e2e3137
:042bd400303030006d
:020000040000fa
:02000004008179
:102bd80074657374203c616c6c7c73656c667c6393
:102be8006c6f636b7c636c6b6f66667c627572730b
:102bf80074737c6d61747269787c726174657c73be
:102c0800776565707c6461633e205b6e5d0073650b
:102c18006c660000636c6f636b00636c6b6f666659
:102c2800000000006d61747269780000627572734b
:102c38007473000072617465000000007377656545
:102c4800700064616300616c6c000d0a5b746573ed
:102c5800745d20414c4c202d2073656c662c2063dc
:102c68006c6f636b2c2073776565702c20646163cf
:102c78000d0a00005b746573745d20414c4c3a206a
:102c880053544f50504544202d2074686520636884
:102c980061696e20697473656c6620646f65732062
:102ca8006e6f7420776f726b0d0a00000d0a5b74eb
:102cb8006573745d20414c4c20444f4e450d0a000d
:102cc8005b746573745d20202073656c663a202000
:102cd800504153530d0a00005b746573745d2020e6
:102ce800206461633a2020204641494c0d0a0000c7
:102cf8005b746573745d2020206461633a20202032
:102d0800504153530d0a00005b746573745d2020b5
:102d180020636c6f636b3a204641494c0d0a0000f2
:102d28005b746573745d20202073776565703a2045
:102d380073656520746865207461626c65206162e2
:102d48006f76650d0a005b746573745d20202063df
:102d58006c6f636b3a20504153530d0a000000001a
:020000040000fa
:02000004008179
:102d6800206275696c643d6164635f646d615f34a2
:102d7800306d7370732053657020323820323032d2
:102d8800362030303a31393a30322067697420645d
:102d980065616435336320284845414429007469d6
:102da8006d6572315f7065725f3130306d73000030
:102db800706c6c5f72630000636c6b67656e3133b7
:102dc8005f6f6e006461635f6f6e00006164635fd4
:102dd800687a0000747269675f687a006461635f8b
:102de800687a000056434f3144495600434c4b31f2
:102df8003344495600000000434c4b37434f4e00c4
:102e0800706c6c315f6f757400000000706c6c3111
:102e18005f76636f64697600636c6b67656e365fb7
:102e280061646300636c6b67656e375f6461630040
:102e3800706c6c325f76636f64697600636f72657d
:102e48000000000070696e73656c000073616d634b
:102e5800000000006d6f6465000000007472673147
:102e68007372630063616c006f746865725f636896
:102e7800616e6e656c7300005241385f616e7365f8
:102e88006c005241385f74726973000069705f6446
:102e98006d61300069705f753272780069705f63c8
:102ea8006374310069705f61643563683000206e57
:102eb8006f74653d636f756e74696e675f69727173
:102ec800735f6765745f335f7768656e5f656e61b2
:082ed800626c6564000000005b
:020000040000fa
:02000004008179
:102ee0003f006261636b2d746f2d6261636b2c20f8
:102ef000726174652066726f6d20504c4c31000019
:102f000053434350312074696d6572202b207370d8
:102f1000656369616c206576656e742c20434c4b4b
:102f200047454e3133005343435031206f75747021
:102f3000757420636f6d706172652c2070657269a5
:102f400070686572616c20636c6f636b00000000d9
:102f50005343435031206f757470757420636f6de7
:102f6000706172652c20434c4b47454e3133000055
:102f7000534343503120617320696e2072756e7324
:102f800020352d37202874726967676572203334c5
:102f90002c20726f6c6c6f7665722900534343501e
:102fa00031207370656369616c206576656e74208d
:102fb0006173205452473220696e736964652061e1
:102fc000206275727374000041444320726570651d
:102fd00061742074696d65722028525054434e54b8
:102fe00029006f76657273616d706c696e672c2055
:102ff0004143434e554d206469766964657320747e
:103000006865206576656e74207261746500434c56
:103010004b47454e362064697669646572005343b8
:103020004350312074696d6572202b207370656385
:1030300069616c206576656e742c207065726970ac
:0c304000686572616c20636c6f636b004c
:020000040000fa
:02000004008179
:10304c0044002d00630043004700670053007300e9
:10305c00207372633d43483044415441206972717e
:10306c0073656c3d3100207372633d4348305245ab
:10307c00532069727173656c3d3000004053554d9f
:10308c002053000070617373000000006661696c6e
:10309c0000000000736b697000000000696e666fc1
:1030ac00000000004053554d2072617465730000a0
:1030bc003a004053554d206c6567656e643a204369
:1030cc002f6320636f756e74206f6b2f6e6f74207f
:1030dc002844203d206f6b20776974682049525139
:1030ec0053454c3d312c2043483044415441292c0c
:1030fc0020472f6720677269642c20532f7320732d
:10310c00747265616d2077697468204350550d0a9f
:10311c00000000004053554d20555345205448495c
:10312c005320524154453a006b73707300000000f9
:10313c004053554d204e4f205241544520737472cc
:10314c0065616d7320636c65616e6c792077697451
:10315c006820746865204350552070726f636573e6
:10316c0073696e67202d20746865206578616d70b9
:10317c006c6520646f6573206e6f742079657420a4
:10318c00646f207768617420697420736179733b74
:10319c0020736565207468652066697273742046b7
:0c31ac0041494c2061626f76650d0a00fd
:020000040000fa
:02000004008179
:1031b8005b6275696c645d206164635f646d615f07
:1031c80034306d737073205365702032382032307c
:1031d80032362030303a31383a3537206769742032
:1031e80064656164353363202848454144290d0ae4
:1031f800000000005b6275696c645d20626f61723b
:10320800643a2045563734483438412c206473508a
:1032180049433333414b3531324d505335313220e8
:1032280047502044494d0d0a000000005b62756953
:103238006c645d2061646320636f72650000000048
:103248005b6275696c645d2064656661756c742089
:10325800696e707574202870696e73656c2900003a
:103268005b6275696c645d2064656661756c742069
:1032780073616d63000000005b6275696c645d20ba
:1032880061646320636c6f636b206469766964654d
:1032980072207831303000005b6275696c645d20a3
:1032a80073616d706c6573207065722068616c66ff
:1032b80020286d61782900005b6275696c645d2067
:1032c80073616d706c6573207065722068616c66df
:1032d8002028696e2075736529005b6275696c64c6
:1032e8005d20626f6f745f766572626f7365000050
:020000040000fa
:02000004008179
:1032f800646163203c317c323e203c6f6e7c6f669b
:10330800663e205b6c6f775d205b686967685d204f
:103318005b736c706461745d202028747269616edf
:10332800676c65206f6e204441434f555431203df2
:1033380020524131206f72204441434f555432206e
:103348003d20524138290000646163006f666600c1
:10335800646163203c317c323e203c6f6e7c6f663a
:10336800663e205b6c6f775d205b686967685d20ef
:103378005b736c706461745d202028302e2e3430ad
:1033880039352c2068696768203e206c6f772c20bf
:10339800736c7064617420312e2e3235352900002b
:1033a8006461633a2072656675736564202d2053e5
:1033b8004c504441542061626f766520353020625c
:1033c8007265616b732074686520307843442b53b1
:1033d8004c504441542e2e30784633322d534c50a5
:1033e800444154206c696d6974732c206f722043ba
:1033f8004c4b47454e3720646964206e6f742063d8
:103408006f6d6520757000006c6f7700686967687c
:1034180000000000736c706461740000706572696c
:083428006f64206e73000000c8
:020000040000fa
:02000004008179
:10343000444f4553204e4f5420464f4c4c4f57005d
:10344000666f6c6c6f7773005b6d61747269785d29
:10345000202020636f756c64206e6f7420636f6e24
:1034600066696775726520666f72206b7370730092
:103470005b6d61747269785d2020206b73707320be
:1034800061736b6564005b6d61747269785d2020a7
:103490002020204e4f2044415441202d206e6f7437
:1034a00068696e6720636f6e7665727465640d0a75
:1034b000000000005b6d61747269785d202020203f
:1034c00020747269676765727320696e207468651d
:1034d0002077696e646f77005b6d61747269785de7
:1034e00020202020207472616e73666572732070d4
:1034f00065722074726967676572207831303000b8
:103500005b6d61747269785d20202020206f766584
:103510007272756e20647572696e672074686520ba
:103520006275727374005b6d61747269785d2020de
:103530002061736b6564200020206e6f6d696e6181
:103540006c20000020206d65617375726564200039
:0c355000206b73707320202d3e200000c3
:020000040000fa
:02000004008179
:10355c00707265636f6e646974696f6e7300736308
:10356c0063703100736363705f746f5f61646300d9
:10357c006164635f746f5f646d610000636f756e8f
:10358c0074696e67000000006772696400000000d7
:10359c0073747265616d000073746172745f73741f
:1035ac006f7000006f6c645f7175657374696f6e1a
:1035bc007300617474656d70740000005c3581007b
:1035cc006a358100703581007c3581008835810039
:1035dc00943581009c358100a4358100b035810083
:1035ec00be3581006400c80090013031323334356f
:1035fc00363738394142434445460000e803000061
:10360c0010270000a0860100e8030000102700002e
:10361c00a0860100303132333435363738394142e7
:10362c004344454600000000202d3e20504153539a
:10363c0000000000202d3e204641494c00000000b7
:10364c00202d3e20534b495000000000202d3e20e1
:10365c00494e464f00000000343681004036810050
:08366c004c3681005836810044
:020000040000fa
:02000004008179
:103674005b746573745d20726174653a20464149d8
:103684004c202d207468652064656c6976657265cc
:1036940064207261746520646f6573206e6f74209a
:1036a400666f6c6c6f772074686520726174696fe3
:1036b4000d0a00005b746573745d20726174653a71
:1036c40020504153530d0a005b746573745d20727e
:1036d4006174653a2064656c69766572656420720c
:1036e4006174652061742074686520726174696f07
:1036f40020736574206e6f770d0a00005b74657328
:10370400745d202020726174696f00005b746573be
:10371400745d2020206b737073206e6f6d696e6111
:103724006c005b746573745d2020206e6f2064618f
:1037340074610d0a5b746573745d20726174653a1b
:10374400204641494c0d0a005b746573745d20206a
:10375400206b737073206d6561737572656400000e
:103764005b746573745d2020206f76657272756e6c
:1037740020647572696e6720746865206d65617375
:083784007572656d656e74003d
:020000040000fa
:02000004008179
:10378c005b746573745d2073656c663a20414443c9
:10379c00202d3e20444d41202d3e2052414d206f86
:1037ac006e2074686520696e7465726e616c203170
:1037bc00352f313620564444207265666572656e2d
:1037cc0063650d0a000000005b746573745d202056
:1037dc00206d65616e2028657870656374203336c2
:1037ec0034382e2e3430333229005b746573745d9b
:1037fc002073656c663a204641494c0d0a005b7497
:10380c006573745d2020206e6f2064617461202dbf
:10381c00206e6f7468696e6720636f6e7665727464
:10382c0065640d0a000000005b746573745d2020f4
:10383c00206d65616e206f757473696465207468a2
:10384c00652077696e646f770d0a00005b74657391
:10385c00745d20202074686520444d4120636861ac
:10386c006e6e656c20737769746368656420697427
:10387c0073656c66206f66660d0a00005b74657379
:10388c00745d2073656c663a20504153530d0a00e9
:020000040000fa
:02000004008179
:10389c005b6d61747269785d202020202073746fd9
:1038ac007070656420627920746865206f7665722b
:1038bc0072756e206272616b65202d20756e75734a
:1038cc0061626c650d0a00005b6d61747269785df4
:1038dc0020202020207468652073747265616d202f
:1038ec00646964206e6f742064656c6976657220ff
:1038fc002d20756e757361626c650d0a00000000f9
:10390c005b6d61747269785d2020202020434c45ea
:10391c00414e202d206e6f7468696e67206c6f733a
:10392c007420616e642074686520435055206b656b
:10393c0070742075700d0a005b6d61747269785d2e
:10394c0020202020206e6f7420636c65616e202d0a
:10395c0020736565207468652074687265652063e2
:10396c006f756e746572730d0a005b6d61747269ac
:10397c00785d20202073747265616d206174200065
:10398c00206b7370733a206d65617375726564207a
:10399c000000000020206f76657272756e200000aa
:020000040000fa
:02000004008179
:1039ac0001000000000800000808000014080000d6
:1039bc001808000028080000240800002008000057
:1039cc00d0000000a0000000000000209d000000be
:1039dc002f00000002000000000a0000080a00008e
:1039ec00140a0000180a0000280a0000240a00002b
:1039fc00200a0000d4000000a40000000000080011
:103a0c00b30000003500000003000000400b000074
:103a1c00480b0000540b0000580b0000680b000012
:103a2c00640b0000600b0000d8000000a800000030
:103a3c0000020000c90000003b0000000400000070
:103a4c00600c0000680c0000740c0000780c000086
:103a5c00880c0000840c0000800c0000d8000000d2
:103a6c00a800000000000020dd0000004100000064
:103a7c0005000000800d0000880d0000940d000072
:103a8c00980d0000a80d0000a40d0000a00d000072
:103a9c00dc000000ac00000000000200f10000009f
:043aac0048000000ce
:020000040000fa
:02000004008179
:103ab000010000000a00000064000000a00f0000e8
:103ac000401f0000204e0000746573740000000069
:103ad00074657374205b616c6c7c73656c667c636d
:103ae0006c6f636b7c636c6b6f66667c6275727304
:103af00074737c6d61747269787c726174657c73b7
:103b0000776565707c6461635d205b6e5d000000bd
:103b1000c83a810014768000d03a8100a00f0000de
:103b2000401f0000204e0000e80300008403000056
:103b300020030000bc02000058020000f401000055
:103b4000c2010000900100005e0100002c01000095
:103b5000fa000000c800000064000000737765658b
:103b600070007377656570205b68616c7665735d66
:103b7000202d206f76657272756e207673207361ca
:103b80006d706c652072617465206f76657220744b
:103b9000686520636c6f636b206c616464657200a0
:0c3ba0005c3b810010698000623b8100ea
:020000040000fa
:02000004008179
:103bac000d0a6164635f646d615f34306d737073b3
:103bbc00202d20414443206174203430204d53503b
:103bcc005320696e746f2052414d207669612044f8
:103bdc004d410d0a626f6172643a20455637344884
:103bec003438412c2064735049433333414b3531c5
:103bfc00324d50533531322047502044494d0d0a37
:103c0c006275696c643a206164635f646d615f34f2
:103c1c00306d73707320536570203238203230321f
:103c2c00362030303a31393a3035206769742064a7
:103c3c00656164353363202848454144290d0a7475
:103c4c00797065202768656c702720666f72207408
:103c5c00686520636f6d6d616e64730d0a706c65c1
:103c6c00617365206c6f672074686973207465726a
:103c7c006d696e616c2066726f6d20706f77657206
:103c8c002d757020616e642073656e6420697420dc
:083c9c006261636b0d0a000078
:020000040000fa
:02000004008179
:103ca400706f737464697620000000003a20636cbe
:103cb4006f636b20737769746368204641494c4590
:103cc40044202d20000000000d0a00002020616423
:103cd4006320636c6f636b20487a200020206b7331
:103ce4007073206e6f6d200020636c65616e3120ef
:103cf4000000000020636c65616e31302000206c90
:103d04006f6164656420000020206f7665727275af
:103d14006e2069646c652f70726f636573732f73a3
:103d24006672200053544f505045440020206c616b
:103d34007465200020206d697373656420005b73d3
:103d4400776565705d202020697372200000000093
:103d5400202068616c6620002020646f6e6520005e
:103d640020206275727374732000202068616c6671
:103d74002b646f6e6520000020286d7573742062bb
:103d84006520327820627572737473290000000014
:020000040000fa
:02000004008179
:103d940020726f7574653d7261382073616d633d87
:103da40030206c6576656c73000000002c00676140
:103db400696e5f7831303030000000006f666673e2
:103dc4005f783130000000006d6178646576000032
:103dd400746f6c00636f64650000000073616d6351
:103de400300073616d6333310000000020726f7521
:103df40074653d75726566006c6f5f307832303083
:103e04000000000068695f30784530300000000031
:103e14007261385f6c6f5f70726564007261385fe5
:103e240068695f7072656400736363705f6576656b
:103e34006e7473006164635f726573756c74730090
:103e440020737465707065640000000073616d70a8
:103e54006c657300626164006d6178657272000064
:103e640066697273745f62616400676f740077617e
:043e74006e74000068
:020000040000fa
:02000004008179
:103e78003e72f81ff91ffa1ffb1f0000d2013fe531
:103e8800c2012fe52000b2fbd1cccc80c560a68052
:103e9800a90090882a0000ae14030000c0005be16e
:103ea80040106a97c80134a200012995400022e514
:103eb8000a1732e191390000e6feffae053900002d
:103ec800ee0000a8c2014fe5400124e1120030e5f0
:103ed800800014e508943283c1ff1fb80561000013
:103ee8000d040088bf1daf1d9f1d8f1d0372017239
:103ef8000d070088220050e1e30100881f0002fd41
:103f0800c9014088e37a059a89003088440042aba9
:103f1800f20022e988ec56834476000061ff3fb83e
:103f280003000084af0001fda07401720820218203
:103f38000e0020c58a0000a6080c028308a0218272
:103f48000e0020c58effffa60d0400880172000038
:020000040000fa
:02000004008179
:103f58005b726567735d2073636370310d0a0000df
:103f680043435031434f4e3100000000434350312a
:103f7800434f4e320000000043435031505200007e
:103f8800434c4b53454c202830207065726970684b
:103f98002c203120434c4b47454e313329004d4f9f
:103fa80044004155584f555420283120726f6c6c8d
:103fb8006f7665722c2032207370656369616c209e
:103fc8006576656e7429000043435031544d522084
:103fd80028666972737420726561642900000000a4
:103fe80043435031544d5220287365636f6e6420eb
:103ff800726561642900434350315241000000005a
:1040080043435031524200006d6f64756c65206304
:104018006c6f636b20487a006e6f6d696e616c20ff
:084028006b73707300000000cf
:020000040000fa
:02000004008179
:104030005b646d615d20756e757361626c65206295
:10404000756666657220286f7574736964652052a1
:10405000414d2c206f64642073697a652c206d6952
:1040600073616c69676e6564206f72203e20363420
:104070004b207472616e73616374696f6e73292c67
:1040800020666972737400005b646d615d20756efb
:10409000757361626c65206275666665722c206c52
:1040a000617374005b646d615d206368616e6e6551
:1040b0006c20302061726d65642c20495251206f54
:1040c0006e3b20616464726573732077696e646f00
:1040d00077203d20746865206275666665723a0dca
:1040e0000a005b646d615d20444d414c4f570000f8
:1040f0005b646d615d20444d4148494748000000c4
:020000040000fa
:02000004008179
:10410000726f7574653a206e6f6e65202d206e6f2c
:1041100020726f7574652061637469766500726fd3
:104120007574650073726300636f72650000000050
:1041300070696e73656c00006461630073616d6328
:104140000000000073696e6b00000000646d615f29
:104150007573656400000000646d615f746f746165
:104160006c00736363705f75736564007363637081
:104170005f746f74616c00006461635f6f7574706d
:104180007574735f75736564000000006461635f3c
:104190006f7574707574735f746f74616c00757291
:1041a00065665f7573656400757265665f746f74cc
:1041b000616c000072616d5f7573656400000000e2
:0c41c00072616d5f6275646765740000d9
:020000040000fa
:02000004008179
:1041cc00626c6b00626c6b205b6e5d202d207468e2
:1041dc00652073616d706c6520626c6f636b206120
:1041ec00732062696e6172792c2077697468206122
:1041fc002043524300000000cc41810000ed8000c0
:10420c00d0418100726174650000000072617465b8
:10421c00203c6b7370733e202d2074686520736195
:10422c006d706c6520726174652c20343030302eca
:10423c002e343030303000001042810044ee8000cb
:10424c0018428100736e617000000000736e617023
:10425c00202d2066696c6c2074686520627566661a
:10426c006572206f6e636520616e642073746f706d
:10427c003b207468656e2064756d70206974000055
:0c428c00504281000cef8000584281007d
:020000040000fa
:02000004008179
:10429800207372633d6461746100207372633d72c0
:1042a80065730000405245434950452074686520b5
:1042b800636861696e2773207265676973746572d4
:1042c80073207768696c652069742072756e730d48
:1042d8000a00495043392028444d41304950203282
:1042e800323a32302900495043313220285532526f
:1042f8005849502032363a3234290000405245435a
:1043080049504520656e640d0a00745f6d730000a6
:1043180068616c76657300006c617465000000006c
:104328006d69737365640000786665725f4d00009f
:104338006d7300006c6f61645f6d61785f78313018
:1043480000000000667265655f6379635f7065727f
:084358005f73616d706c65007c
:020000040000fa
:02000004008179
:10436000646163746573743a2055524546434f4ef9
:1043700020646964206e6f742074616b65207468ba
:104380006520444143322073656c656374696f6ec8
:10439000000000005b646163746573745d204441d8
:1043a000433220726f7574656420746f2074686581
:1043b00020696e7465726e616c2055524546206ca2
:1043c000696e652c20494e53454c00005b64616367
:1043d000746573745d2020206d656173757265640a
:1043e000206f6e207468697320636f726527732075
:1043f000414e372c2041444320636f726500646155
:1044000063746573743a20636f756c64206e6f74a7
:104410002073656c65637420746865205552454649
:0844200020696e707574000044
:020000040000fa
:02000004008179
:104428005b726567735d206164630d0a00000000bc
:10443800636f726500000000414478434f4e0000ee
:104448004144785354415400414478434830434fe1
:104458004e310000414478434830434e54004144b3
:1044680078434830524553004144784348304441ea
:1044780054410000636830206972710063616c20e8
:104488006269747320284143414c454e7c43414c3a
:104498005245517c43414c5241544529000000008b
:1044a8004945437820287468697320636f726527cb
:1044b8007320776f726429004946537820287468fe
:1044c800697320636f7265277320776f72642900a0
:1044d80043483020495251206d61736b20696e202a
:0444e80069740000f3
:020000040000fa
:02000004008179
:1044ec005b746573745d206461633a20504153536f
:1044fc000d0a00005b746573745d206461633a207f
:10450c004641494c0d0a00005b746573745d206470
:10451c0061633a20746865204441433220747269a7
:10452c00616e676c65207468726f756768204144b2
:10453c00432c20444d4120616e64207468652070ca
:10454c00696e672d706f6e67206275666665720d99
:10455c000a005b746573745d202020434c4b474507
:10456c004e3720646964206e6f7420636f6d652014
:10457c007570202d2044414332206973206f66668c
:10458c000d0a5b746573745d206461633a20464167
:08459c00494c0d0a000000006b
:020000040000fa
:02000004008179
:1045a400706c6c203c706f73746469763120312eaa
:1045b4002e373e203c706f73746469763220312e3e
:1045c4002e373e20202841444320636c6f636b20c8
:1045d4003d2031363030204d487a202f202870314c
:1045e4002a7032292c207031203e3d2070323b202d
:1045f400352031203d20333230204d487a203d2073
:104604003430204d5350532c20352035203d203656
:1046140034204d487a203d2038204d5350532c20cf
:10462400372037203d2033322e3635204d487a202e
:104634003d20342e3038204d5350532900000000c3
:10464400706f73746469763100000000706f737466
:084654006469763200000000e9
:020000040000fa
:02000004008179
:10465c00636c6b203c3130302e2e313030303e20ac
:10466c00202841444320636c6f636b206469766936
:10467c00646520726174696f2078203130303a2083
:10468c00313030203d20333230204d487a203d20cf
:10469c003430204d5350532c20353030203d2036b3
:1046ac0034204d487a203d2038204d5350532c2037
:1046bc0031303030203d203332204d487a203d209f
:1046cc0034204d5350532c2074686520736c6f77d5
:1046dc006573742074686520414443206d617920b2
:1046ec0072756e2900000000726174696f2061732d
:1046fc006b656420666f7200726174696f207265fd
:08470c006164206261636b002f
:020000040000fa
:02000004008179
:104714005b7661725d202020616463204d4f4445c7
:10472400000000005b7661725d20202061646320dc
:1047340054524731535243005b7661725d2020200e
:104744006164632054524732535243005b76617272
:104754005d202020616463204143434e554d000099
:104764005b7661725d202020616463205250544363
:104774004e5400005b7661725d20202061646320ea
:10478400636c6f636b20487a000000005b76617293
:104794005d202020636c6b67656e362072617469de
:1047a4006f207831303000005b7661725d2020200c
:1047b4007472696767657220706572696f64206ed0
:0447c400730000007e
:020000040000fa
:02000004008179
:1047c8000d0a40424547494e20636861696e20746e
:1047d800657374202d205343435031202d3e2041d2
:1047e800444320636f72652035202d3e20444d419f
:1047f80030202d3e2070696e672d706f6e67202dfa
:104808003e204350552c2044414332206f6e2052a5
:1048180041380d0a00000000206e6f74653d636c1e
:104828006f636b5f747265655f6f725f636f7265ec
:104838005f73657475705f6661696c656400206e8e
:104848006f74653d53325f747269676765725f6440
:104858006f65735f6e6f745f72656163685f7468bc
:10486800655f4144430040454e440d0a0000000086
:020000040000fa
:02000004008179
:10487800023900002a0000a6400021e1026101720d
:1048880001390000ea0100a6002020bdee0100a6c3
:1048980040740000120032e51361126511740000c3
:1048a800210010b8aa0000ae006030831274323db7
:1048b8006affffa603000080017200000700008065
:1048c80001720000070000800172000003000080f0
:1048d80001720000002020830300008c213d0000ad
:1048e8000a0100a6400022e512390000620000ae6d
:1048f8003003000012a043e5800434e10004018382
:104908000700008c0800038201720000090020885b
:0c491800170002fd000401830172000082
:020000040000fa
:02000004008179
:1049240072617465203c343030302e2e3430303097
:1049340030206b7370733e20202874686520636c8c
:104944006f736573742074686520504c4c206361e8
:104954006e206d616b653b20277261746520383071
:104964003030272067697665732065786163746cdd
:1049740079203830303029006b7370732061736b89
:10498400656420666f7200006b73707320736574c6
:1049940000000000706c6c3120666264697600006f
:1049a400706c6c3120706f73746469763100706c54
:1049b4006c3120706f7374646976320061646320b3
:0c49c400636c6f636b20487a00000000f9
:020000040000fa
:02000004008179
:1049d0005b737461745d20626c6f636b733d000088
:1049e000206f76657272756e3d00206c6174653d56
:1049f00000000000206d69737365643d00000000d5
:104a000020616464725f6572723d0000206275739c
:104a10005f6572723d00206c6173743d00000000a0
:104a200020696e7075743d002073616d633d0000f8
:104a300020636c6b3d00206b7370733d00000000c1
:104a40002072756e3d00207077723d002068616ca9
:104a5000663d000020636f72653d0000206164695f
:104a6000663d00002072783d000000002063723d2a
:0c4a700000000000206c663d000000000b
:020000040000fa
:02000004008179
:104a7c005b726567735d20636f756e746572730d21
:104a8c000a00626c6f636b735f646f6e6500646dbc
:104a9c00615f6f76657272756e006c6174655f73c1
:104aac00657276696365000070726f635f6d697320
:104abc0073656400646d615f616464725f657272da
:104acc0000000000646d615f6275735f6572720057
:104adc0073656c66746573745f6d65616e00627589
:104aec00660068616c665f6c656e00006275665f7f
:104afc00656e642028696e207573652900000000be
:104b0c006775617264300000677561726431000012
:084b1c00677561726431350018
:020000040000fa
:02000004008179
:104b2400f81ff91ffa1fa10301390000aa0200a609
:104b340080030000400091e19061000009000088ba
:104b440009006088f1ff0f800500708000605882c2
:104b5400753d000043c177f7653d0000832165f78b
:104b64000561893d2effffa60004278300043683d8
:104b74009f72000007000aea00044083af1d9f1dd6
:104b84008f1d017201036103f1ff0f800500708026
:104b9400aafeffae510301393a0100a6200300002a
:104ba400400041e140610000090000880060328259
:104bb4000361243daeffffa69f720000070005ead3
:084bc400017201038affffae3c
:020000040000fa
:02000004008179
:104bcc00736e61703a2073746f70706564206279d3
:104bdc0020746865206f76657272756e20627261e2
:104bec006b65202d20746869732072617465206672
:104bfc006c6f6f6473207468652043505500736e3e
:104c0c0061703a206e6f20646174610073616d7025
:104c1c006c65730077696e646f77206e73006b73cd
:104c2c007073206d65617375726564006b7370735e
:104c3c00206e6f6d696e616c000000006f7665729e
:104c4c0072756e20647572696e6720746865206277
:104c5c007572737400000000696e70757400616485
:084c6c006320636f7265000014
:020000040000fa
:02000004008179
:104c740073616d706c6573207065722068616c6619
:104c8400000000006d6178696d756d0062756620c5
:104c94005b73616d706c6573207065722068616c04
:104ca400662031362e2e313032342c206576656ef6
:104cb4005d20202873746f702066697273743b20c2
:104cc400746865206e6578742073746172742075dd
:104cd40073657320746865206e65772073697a65df
:104ce40029006275663a2073746f702074686520b9
:104cf40073747265616d2066697273742c20616ec1
:104d040064206769766520616e206576656e206e25
:084d1400756d6265720000007c
:020000040000fa
:02000004008179
:104d1c005b73656c66746573745d206e6f20444db7
:104d2c004120626c6f636b7320617272697665648b
:104d3c000d0a00005b73656c66746573745d206da1
:104d4c0065616e206f757473696465203336343811
:104d5c002e2e3430333200005b73656c66746573d1
:104d6c00745d20444d41206368616e6e656c2064f7
:104d7c00697361626c65640d0a005b73656c6674c3
:104d8c006573745d206d65616e206f6e20696e7445
:104d9c0065726e616c2031352f31362056444420bb
:104dac0028657870656374207e33383430290000b0
:020000040000fa
:02000004008179
:104dbc0011ce01983f04e0f80e0000c52e0100a6ac
:104dcc000900008811ce019451ce019485ce01af1b
:104ddc0001ce0198110000ca0d0450ca01ce019ced
:104dec001dce01c30172000051ce01900172000072
:104dfc00f81f0000c2fdffd451ce019201d01280e9
:104e0c0035010080a2dcf5d451ce019008658f1dd0
:104e1c0001720000f81f8103013900002a0100a66d
:104e2c0089e221880900308801c2eb80b50010802e
:104e3c000010019722e2f5d4121028f5e2e1f5d426
:0c4e4c008f1d017201030000aaffffaee1
:020000040000fa
:02000004008179
:104e580073656c66746573743a206f6b20283336fb
:104e680034382e2e34303332290073656c667465fd
:104e780073743a206e6f2064617461202d20697309
:104e8800207468652073747265616d2072756e6e2a
:104e9800696e673f0000000073656c667465737423
:104ea8003a206d65616e206f75747369646520338f
:104eb8003634382e2e343033320073656c667465a0
:104ec80073743a20444d41206368616e6e656c20ae
:104ed80064697361626c65642028616464726573d7
:0c4ee80073206661756c743f29000000a7
:020000040000fa
:02000004008179
:104ef4005b726567735d20636c6f636b0d0a000002
:104f04004f53434354524c00504c4c31434f4e008a
:104f1400504c4c3144495600504c4c32434f4e0097
:104f2400504c4c3244495600434c4b31434f4e0095
:104f3400434c4b3144495600434c4b36434f4e008f
:104f4400434c4b3644495600434c4b37434f4e0079
:104f5400434c4b374449560056434f31444956005d
:104f6400434c4b3133434f4e00000000434c4b3114
:104f74003344495600000000494543300000000016
:084f8400494653300000000013
:020000040000fa
:02000004008179
:104f8c005b626f6f745d2052434f4e005b626f6fbc
:104f9c00745d2072657365742063617573653a0086
:104fac002000206e6f6e6520666c616767656420fb
:104fbc002d206120726573657420746861742052b1
:104fcc00434f4e20646f6573206e6f74207265635f
:104fdc006f72642c20652e672e20612074726170b4
:104fec00207468617420636f756c64206e6f74201c
:104ffc0062652068616e646c65642c206f72206140
:10500c00206465627567676572207265737461727e
:08501c0074000d0a0000000001
:020000040000fa
:02000004008179
:105024005b726567735d20756172740d0a00494592
:1050340043330000494653330000000049504331d4
:1050440032005532434f4e00553253544154000000
:105054005532425247005250434f4e0052504f5225
:105064006e202854582070696e277320776f7264fd
:1050740029005250494e526e202855325258522718
:105084007320776f7264290054524953782028544e
:10509400582070696e277320706f727429005452ff
:1050a400495378202852582070696e277320706ff6
:0450b40072742900e9
:020000040000fa
:02000004008179
:1050b8000d0a5b434c4b465d20636c6f636b206647
:1050c80061696c3a20746865204653434d207377b4
:1050d800697463686564207468652043505520745a
:1050e8006f20746865206261636b75702046524357
:1050f8000d0a00005b434c4b465d204f534343541d
:10510800524c00005b434c4b465d20504c4c3243a4
:105118004f4e00005b434c4b465d20434c4b3143a4
:105128004f4e00005b434c4b465d207265616368df
:10513800656420626f6f7420737461676500000096
:020000040000fa
:02000004008179
:105148005b726567735d206461630d0a000000008f
:105158004441434354524c31000000004441433120
:10516800434f4e004441433144415400444143318c
:10517800534c50434f4e000044414331534c50442c
:105188004154000044414332434f4e0044414332ae
:105198004441540044414332534c50434f4e000065
:1051a80044414332534c5044415400005552454603
:1051b800434f4e0044414320636c6f636b20487a31
:1051c800202872656164206261636b290000000019
:020000040000fa
:02000004008179
:1051d8005b636c6b5d20434c4b31434f4e206174d5
:1051e80020656e74727900005b636c6b5d20737967
:1051f8007374656d20636c6f636b206f6e20612024
:10520800504c4c2c207061726b696e67206f6e2059
:105218004652430d0a005b636c6b5d20504c4c3169
:10522800206c6f636b65642c20333230204d487ad4
:105238000d0a00005b636c6b5d20504c4c32206c97
:105248006f636b65642c20323030204d487a0d0a2c
:045258000000000052
:020000040000fa
:02000004008179
:10525c00707000006d696e006d61780074700000f4
:10526c00757000004c75705f7831303000000000b4
:10527c00646e00004c646e5f7831303000000000ca
:10528c006465765f7831303000000000736c6970b3
:10529c005f7831303000736c69705f6b0000000018
:1052ac00736c69705f6e0000737465705f78313079
:1052bc00000000007a65726f0000000064626c00f0
:0c52cc00206f766572666c6f773d3100d4
:020000040000fa
:02000004008179
:1052d8005b746573745d2073776565703a207468d4
:1052e80065206c61646465722066726f6d207468f5
:1052f8006520736c6f7765737420726174652075af
:10530800700d0a005b746573745d20737765657052
:105318003a20646f6e65202d207265616420746880
:1053280065207461626c652c2074686572652069fb
:1053380073206e6f2073696e676c65207665726482
:085348006963740d0a00000006
:020000040000fa
:02000004008179
:105350005b726567735d20646d610d0a000000007b
:10536000444d41434f4e0000444d414c4f570000c7
:10537000444d414849474800444d413043480000ae
:10538000444d413053454c00444d413053544154f9
:1053900000000000444d413053524300444d413021
:1053a00044535400444d4130434e54004945433228
:1053b00000000000494653320000000049504339c4
:0453c00000000000e9
:020000040000fa
:02000004008179
:1053c400023900002a0200a6120041e58740008c41
:1053d4002a0100ae00600370210010b88a0000aefc
:1053e400003800006affffa8006000004affffae1b
:1053f400210020b8aa0000ae00a014ff400081a440
:105404000170000089001088aafeffae017200003e
:1054140099002088337d0586f1e30f8f02fdffd4c8
:10542400c7a60084013c00001fc010f801720000f0
:10543400d12200c0112300c001720000d12200c299
:10544400112300c001720000d12200c0112300c04a
:1054540001720000d92200d91a0010e9d122009863
:10546400ee0300ed080001ebd122009c0172000064
:105474002115049c0e0000c54e0000a6d12200c0d8
:10548400017200001e0000c52a0000a6017200007f
:10549400d12200c2aaffffae2115049801720000b8
:020000040000fa
:02000004008179
:1054a400626c6b205b6e20312e2e323034385d20de
:1054b4002d207468652073616d706c6520626c6f5b
:1054c400636b2061732062696e6172792c20776945
:1054d40074682061204352430000000042494e207a
:1054e4006e3d00002070313d000000002070323d10
:1054f400000000002073616d633d000020696e3d73
:08550400000000000d0a000088
:020000040000fa
:02000004008179
:10550c00696e7075743a20414433414e35203d200c
:10551c006d696b726f42555320412070696e20414a
:10552c004e20285241302900636f6e736f6c653ac0
:10553c00205541525432206f6e20746865204d43c3
:10554c00503232323141205553422d554152542064
:10555c006368616e6e656c20285248312f5244315d
:04556c002900000012
:020000040000fa
:02000004008179
:10557000a2bef7d4017200000e0020c54a0000a6aa
:1055800082c9f7d40172000082c7f7d4017200000b
:1055900022cbf7d4017200000e0020c54a0000a6fd
:1055a000e2caf7d40172000082caf7d40172000087
:1055b000c2bff7d401720000c2b3fcd4eaffffae51
:1055c0000262fad462bff7d4d114049001720000d1
:020000040000fa
:02000004008179
:1055d0005b636170747572655d20434c4b47454e4b
:1055e0003620646964206e6f7420636f6d6520627d
:1055f00061636b2028434c4b524459290d0a00002b
:105600005b636170747572655d2041444320636f14
:10561000726520646964206e6f7420636f6d65200d
:105620006261636b20284144524459290d0a0000ed
:020000040000fa
:02000004008179
:105630005b6164635d20636f72652072656164798c
:105640002c20496e746567726174696f6e206d6f8e
:1056500064652c20434e5420323034382c20626153
:10566000636b2d746f2d6261636b0d0a0000000087
:105670005b6164635d2070696e73656c000000009f
:0c5680005b6164635d2073616d6300007a
:020000040000fa
:02000004008179
:10568c007263000078666572000000006973720036
:10569c0068616c6600000000646f6e6500000000bd
:1056ac006f76657272756e00616464725f6572729a
:1056bc000000000067756172645f6f6b0000000092
:1056cc00206275666665725f76735f737465707061
:0c56dc0065645f636f646573000000008c
:020000040000fa
:02000004008179
:1056e8004f0001fd090400880172000009040088c8
:1056f800017200003003000000602383002033ffa4
:10570800840034a92465126100040183440030a98f
:10571800017200003003000000602383002033ff83
:10572800840034a92465216100040283840032a91d
:08573800400002e501720000cf
:020000040000fa
:02000004008179
:10574000636c6b366469765f78313030000000003e
:10575000636c6b67656e365f687a000020636c6b04
:1057600067656e365f6f666600000000636d5f6898
:105770007a0070726f62655f7263000073616d70b2
:105780006c65735f7772697474656e0062756666c6
:0857900065725f7070000000fb
:020000040000fa
:02000004008179
:1057980047524142206e3d002066726f6d3d000009
:1057a800206b7370733d0000206f763d0000000091
:1057b800206c6174653d0000206d69737365643dfc
:1057c800000000002068616c7665733d00000000f1
:1057d80020786665723d000020736c703d0020647f
:0857e8006163687a3d000000d6
:020000040000fa
:02000004008179
:1057f0002062656e63683d70726f636573735f6f7f
:105800006e655f68616c665f646d615f69646c653d
:10581000000000007469636b73006370755f6379e7
:10582000636c65735f7831305f7065725f73616d53
:10583000706c6500206e6f74653d6661696c6564af
:045840005f5334007e
:020000040000fa
:02000004008179
:105844005b67756172645d20776f7264206265685e
:10585400696e64207468652062756666657220638b
:1058640068616e6765642c20696e646578005b67a7
:10587400756172645d2076616c7565005b67756146
:1058840072645d206578706563746564000000006f
:020000040000fa
:02000004008179
:10589400756e6b6e6f776e20636f64650000000039
:1058a4005b4641494c5d20636f6465005b4641493a
:1058b4004c5d20005b4641494c5d204c4544302002
:1058c400626c696e6b732074686520636f64652015
:1058d40066726f6d206e6f77206f6e0d0a00000088
:020000040000fa
:02000004008179
:1058e400206e6f74653d6461635f72656675736590
:1058f4006400206e6f74653d6e6f5f77696e646fd0
:105904007700736c706461740000000066726f6de0
:10591400000000006d6f64656c5f7831303000000a
:0c592400726174696f5f783130303000c0
:020000040000fa
:02000004008179
:105930002061667465725f73746f705f31306d7370
:105940000000000073756d5f6265666f7265000030
:1059500073756d5f6166746572006b7370735f6100
:10596000000000006b7370735f6200004c615f7831
:0c597000313030004c625f783130300084
:020000040000fa
:02000004008179
:10597c0064756d70205b636f756e7420312e2e32e2
:10598c003034385d205b6f666673657420302e2e64
:10599c00323034375d2020287468652077686f6c4e
:1059ac0065206275666665723b2075736520736e43
:0c59bc006170206669727374290000009d
:020000040000fa
:02000004008179
:1059c80073616d63203c302e2e33313e20202873c6
:1059d800616d706c652074696d652028322a5341a9
:1059e8004d432b302e3529205441443b20746865a3
:1059f8002072617465206973207365742062792050
:0c5a080027706572696f64272900000098
:020000040000fa
:02000004008179
:105a140064616374657374205b68616c7665735d3f
:105a24002020286361707475726520616e64206a39
:105a3400756467652074686520444143322074723c
:105a440069616e676c652c2064656661756c742091
:0c5a540036342068616c76657329000010
:020000040000fa
:02000004008179
:105a600063686f73656e5f6b73707300207768791e
:105a70003d686967686573745f70617373696e67a9
:105a80005f53345f53355f533600206e6f74653d4e
:105a90006e6f5f726174655f7061737365645f736d
:085aa0006f5f666172000000f7
:020000040000fa
:02000004008179
:105aa800636f7265203c312e2e353e205b70696e27
:105ab80073656c5d20202873776974636820746847
:105ac800652041444320636f72653b2035203320b5
:105ad8003d204441433227732070696e205241387b
:085ae8002900636f72650000e4
:020000040000fa
:02000004008179
:105af000207372633d646174612069727173656cb7
:105b00003d310000207372633d72657320697271cc
:105b100073656c3d30006272616b6500627573790c
:105b20005f6e7300706572696f645f6e7300000072
:020000040000fa
:02000004008179
:105b3000696e707574203c302e2e31353e20202841
:105b400050494e53454c206f66207468652041448f
:105b50004320636f72652c2036203d20696e74658a
:105b6000726e616c2031352f313620564444290045
:020000040000fa
:02000004008179
:105b7000b80d0000d80d0000f80d0000180e000050
:105b8000380e0000580e0000780e0000980e00003d
:105b9000b80e0000d80e0000f80e0000180f00002c
:0c5ba000380f0000580f0000780f0000c4
:020000040000fa
:02000004008179
:105bac005b636c6b6f66665d202020414443206311
:105bbc006f7265207265706f7274656420726561b6
:105bcc0064792077697468207468652067656e65f0
:0c5bdc007261746f72206f66660000003a
:020000040000fa
:02000004008179
:105be800206d6f64653d74696d657200206d6f642a
:105bf800653d6f6300000000736363705f687a003f
:105c0800696e5f737065635f6d617800636374319b
:0c5c180000000000636370310000000019
:020000040000fa
:02000004008179
:105c24006f6e00006c65643a206f6e006c65643ab8
:105c3400206f6666000000006175746f000000004c
:105c44006c65643a206175746f006c6564206f6ed6
:0c5c54007c6f66667c6175746f00000058
:020000040000fa
:02000004008179
:105c6000206261636b5f746f5f6261636b00706c75
:105c70006c00627572737473000000007365745f6a
:105c80006b737073000000006b7370735f6d656100
:085c90007375726564000000e9
:020000040000fa
:02000004008179
:105c98007377656570205b68616c766573207065e5
:105ca8007220706f696e742031302e2e3130303092
:105cb80030302c2064656661756c74203230303069
:045cc8005d0000007b
:020000040000fa
:02000004008179
:105ccc005241310052413800481d0000501d000067
:105cdc00541d0000581d0000cc5c81005c1d0000b0
:105cec00641d0000681d00006c1d0000d05c81006c
:020000040000fa
:02000004008179
:105cfc005b726567735d206370750d0a00000000b0
:105d0c00494e54434f4e31005043545241500000c1
:0c5d1c006661696c5f636f6465000000e5
:020000040000fa
:02000004008179
:105d280068656c700000000068656c70202d207339
:105d3800686f7720746869732068656c700000006c
:0c5d4800285d810024ae8000305d8100e9
:020000040000fa
:02000004008179
:105d54000d0a5b626f6f745d2075617274207570db
:105d6400206f6e204652432c2031313532303020a2
:085d7400384e310d0a00000059
:020000040000fa
:02000004008179
:105d7c005b68616c665d206e3d00206d696e3d0058
:105d8c00206d61783d00206d65616e3d0000000066
:085d9c002070703d00000000c2
:020000040000fa
:02000004008179
:105da40020636d3d00000000687a0000657870652e
:105db40063740000206e6f74653d6e6f5f636f7572
:045dc4006e740000f9
:020000040000fa
:02000004008179
:105dc80061736b65645f6b737073000070657269f3
:105dd8006f645f7469636b73000000007365636fc1
:045de8006e64730072
:020000040000fa
:02000004008179
:105dec00000000000305000002000000000000009d
:105dfc000200000005030200020000000000000089
:020000040000fa
:02000004008179
:105e0c003f00455854004441435f50494e005241b5
:105e1c004d5f5441424c45004441435f494e540050
:020000040000fa
:02000004008179
:105e2c007772697474656e5f686f6c6573007772f6
:105e3c00697474656e5f6265796f6e640000000052
:020000040000fa
:02000004008179
:105e4c00417661696c61626c6520636f6d6d616e2a
:105e5c0064733a0d0a002020000000000d0a0000b7
:020000040000fa
:02000004008179
:105e6c0007070706060607050605070405050604c9
:0c5e7c00050406030503060205020501eb
:020000040000fa
:02000004008179
:105e880068616c66000000006d696e006d617800e5
:0c5e98006d65616e00000000707000007d
:020000040000fa
:02000004008179
:105ea40052414d0053545245414d0000434f4e530f
:045eb4004f4c45000a
:020000040000fa
:02000004008179
:105eb8003031323334353637383941424344454638
:045ec80000000000d6
:020000040000fa
:02000004008179
:105ecc00206461633d706c6c325f76636f646976dd
:045edc0000000000c2
:020000040000fa
:02000004008179
:105ee0004006a0002800140010000a000800060068
:045ef00005000400a5
:020000040000fa
:02000004008179
:105ef400636f756e7465727320636c65617265643b
:045f04000000000099
:020000040000fa
:02000004008179
:105f0800756e6b6e6f776e20636f6d6d616e643a40
:045f18002000000065
:020000040000fa
:02000004008179
:105f1c00c000c000c000c000e0011f3f3f3f1f0099
:020000040000fa
:02000004008179
:105f2c004044554d502053006e000d0a00000000f7
:020000040000fa
:02000004008179
:105f3c00616c6c0066726f6d0000000072756e0013
:020000040000fa
:02000004008179
:0c5f4c003132333435363738390000006c
:020000040000fa
:02000004008179
:0c5f58000d0a4352432000000d0a000017
:020000040000fa
:02000004008179
:0c5f640043524320303030300d0a000062
:020000040000fa
:02000004008179
:0c5f7000726573657474696e6700000050
:020000040000fa
:02000004008179
:085f7c00405300002e0000005c
:020000040000fa
:02000004008179
:085f84003a2000000d0a0000a4
:020000040000fa
:02000004008179
:085f8c0072756e6e696e67000c
:020000040000fa
:02000004008179
:085f940075736167653a200096
:020000040000fa
:02000004008179
:085f9c006c6973740000000041
:020000040000fa
:02000004008179
:085fa400150006003e2000007c
:020000040000fa
:02000004008179
:045fac003f000000b2
:020000040000fa
:02000004008179
:045fb00020003d0090
:020000040000fa
:02000004008179
:045fb40008200800b9
:020000040000fa
:02000004008179
:045fb80008000000dd
:020000040000fa
:02000004008179
:045fbc0020000000c1
:020000040000fa
:02000004008179
:045fc00007070000cf
:00000001FF
